ANYO_PROCESO;CODIGO_CARRERA;NOMBRE_CARRERA;NOMBRE_UNIVERSIDAD;AREA_CONOCIMIENTO_SIES;VACANTES_REG;NUM_SELEC_REG;COMPLETA_VACANTES_REG;PROM_OBLIGATORIAS_ULTIMO_SELEC;PROM_OBLIGATORIAS_SD;PROM_OBLIGATORIAS_MIN;PROM_OBLIGATORIAS_P10;PROM_OBLIGATORIAS_P25;PROM_OBLIGATORIAS_PROM;PROM_OBLIGATORIAS_MED;PROM_OBLIGATORIAS_P75;PROM_OBLIGATORIAS_P90;PROM_OBLIGATORIAS_MAX
2026;11001;ARQUITECTURA;UNIVERSIDAD DE CHILE;ARTE Y ARQUITECTURA;210;242;1;670;50.73;670;746.5;770.75;807.13;802.75;841.75;875.25;969
2026;11003;ACTUACIÓN TEATRAL;UNIVERSIDAD DE CHILE;ARTE Y ARQUITECTURA;23;23;1;585;90.79;547;575.4;604.25;667.33;658;695;805.3;882
2026;11004;DISEÑO TEATRAL;UNIVERSIDAD DE CHILE;ARTE Y ARQUITECTURA;25;25;1;583;90.15;539;588;630.5;692.54;679;737.5;819.5;898
2026;11005;DISEÑO;UNIVERSIDAD DE CHILE;ARTE Y ARQUITECTURA;115;135;1;568;68.31;568;634.1;665.75;714.81;714;753.5;798.2;918.5
2026;11011;ARTES VISUALES, LIC. EN ARTES CON MENCIÓN EN;UNIVERSIDAD DE CHILE;ARTE Y ARQUITECTURA;90;97;1;607.5;67.71;567;607.3;639.5;685.96;679.5;724.5;764.2;980.5
2026;11016;TEORÍA E HISTORIA DEL ARTE, LIC. EN ARTES CON MENCIÓN EN;UNIVERSIDAD DE CHILE;ARTE Y ARQUITECTURA;40;40;1;586.5;75.2;525.5;565.45;585.25;641.7;620;689.25;753.5;841.5
2026;11017;TEORÍA DE LA MÚSICA;UNIVERSIDAD DE CHILE;ARTE Y ARQUITECTURA;20;20;1;658.5;59.99;658.5;699.75;735.88;780.4;795;835.38;849.7;855
2026;11020;INGENIERÍA AGRONÓMICA;UNIVERSIDAD DE CHILE;AGROPECUARIA;130;200;1;694.5;84.8;487;583.75;622.12;684.01;683.25;735.5;793.85;908
2026;11021;INGENIERÍA FORESTAL;UNIVERSIDAD DE CHILE;AGROPECUARIA;80;131;1;550.5;89.78;463;522;575;640.06;634;704.5;755.5;880
2026;11022;MEDICINA VETERINARIA;UNIVERSIDAD DE CHILE;AGROPECUARIA;180;210;1;747;51.94;709;753.4;774.5;813.44;805.5;845.88;884.6;982
2026;11024;INGENIERÍA EN RECURSOS NATURALES RENOVABLES;UNIVERSIDAD DE CHILE;TECNOLOGÍA;65;105;1;645.5;88.53;511.5;585.9;640.5;697.27;693;752.5;823.3;917.5
2026;11026;CONTADOR AUDITOR;UNIVERSIDAD DE CHILE;ADMINISTRACIÓN Y COMERCIO;72;99;1;816;45.99;734;779.9;805.5;838.46;832.5;871;901.2;932
2026;11027;INGENIERÍA EN INFORMACIÓN Y CONTROL DE GESTIÓN;UNIVERSIDAD DE CHILE;ADMINISTRACIÓN Y COMERCIO;143;206;1;870.5;39.03;753;793.25;819;846.95;847;872.5;892.25;982
2026;11028;PEDAGOGÍA EN EDUCACIÓN MEDIA EN MATEMÁTICA Y FÍSICA;UNIVERSIDAD DE CHILE;EDUCACIÓN;55;60;1;681;71.6;667.5;690.95;727.25;790.38;797.75;834.75;886.5;948
2026;11029;BIOLOGÍA CON MENCIÓN EN MEDIO AMBIENTE;UNIVERSIDAD DE CHILE;CIENCIAS BÁSICAS;35;40;1;793;61.8;677.5;724.7;793.38;815.78;815.25;858.62;892.15;943
2026;11030;BIOQUÍMICA;UNIVERSIDAD DE CHILE;CIENCIAS BÁSICAS;39;49;1;888.5;37.14;800.5;816.9;847;870.95;871;900;913.7;948
2026;11031;INGENIERÍA EN ALIMENTOS;UNIVERSIDAD DE CHILE;TECNOLOGÍA;39;49;1;625.5;70.94;603;658.3;721.5;760.9;770;809;845;891.5
2026;11032;LIC. EN CIENCIAS CON MENCIÓN EN BIOLOGÍA;UNIVERSIDAD DE CHILE;CIENCIAS BÁSICAS;25;30;1;752.5;61.3;664.5;716.9;742.38;784.28;780.5;811;873.25;911.5
2026;11033;LIC. EN CIENCIAS CON MENCIÓN EN FÍSICA;UNIVERSIDAD DE CHILE;CIENCIAS BÁSICAS;45;50;1;802.5;58.56;712.5;764.7;802.5;838.16;844.25;870.12;923;945.5
2026;11034;LIC. EN CIENCIAS CON MENCIÓN EN MATEMÁTICAS;UNIVERSIDAD DE CHILE;CIENCIAS BÁSICAS;35;40;1;649;81.14;583.5;660.7;727.25;776.39;774.5;840.88;871.55;922
2026;11035;QUÍMICA;UNIVERSIDAD DE CHILE;CIENCIAS BÁSICAS;39;49;1;745;55.99;690;740.2;782;815.31;811;855;882.9;926.5
2026;11036;LIC. EN CIENCIAS CON MENCIÓN EN QUÍMICA;UNIVERSIDAD DE CHILE;CIENCIAS BÁSICAS;20;25;1;700;60.2;580.5;622.7;660;698.92;704.5;731.5;775.1;816
2026;11037;QUÍMICA Y FARMACIA;UNIVERSIDAD DE CHILE;SALUD;145;153;1;859;36.3;753;831.1;850;873.03;873;896;917.3;968.5
2026;11038;QUÍMICA AMBIENTAL;UNIVERSIDAD DE CHILE;CIENCIAS BÁSICAS;20;25;1;691;66.72;604;661.6;690;729.24;711;761.5;824.6;873
2026;11039;INGENIERÍA EN BIOTECNOLOGÍA MOLECULAR;UNIVERSIDAD DE CHILE;TECNOLOGÍA;35;40;1;852.5;31.33;849.5;861.5;888.75;908.05;907.25;935.5;945.5;969
2026;11040;ADMINISTRACIÓN PÚBLICA;UNIVERSIDAD DE CHILE;CIENCIAS SOCIALES;160;170;1;775.5;62.57;580;692.25;733.75;774.66;781;816.75;851.15;935.5
2026;11042;INGENIERÍA COMERCIAL;UNIVERSIDAD DE CHILE;ADMINISTRACIÓN Y COMERCIO;400;500;1;795;36.66;728.5;832.5;858.25;881.57;884.5;904;927.65;982
2026;11045;INGENIERÍA Y CIENCIAS - PLAN COMÚN;UNIVERSIDAD DE CHILE;TECNOLOGÍA;710;783;1;865.5;31.96;791;865.5;884.75;904.93;904;927;945.5;1000
2026;11055;DERECHO;UNIVERSIDAD DE CHILE;DERECHO;400;432;1;774.5;56.18;686.5;774.5;808.88;847.09;851;888;918.85;982
2026;11060;ANTROPOLOGÍA - ARQUEOLOGÍA;UNIVERSIDAD DE CHILE;CIENCIAS SOCIALES;100;105;1;761.5;69.17;646;712.6;748.5;795.82;789.5;840.5;902.6;956.5
2026;11061;FILOSOFÍA, LICENCIATURA EN;UNIVERSIDAD DE CHILE;HUMANIDADES;80;64;0;518.5;108.42;475;508;543.75;632.23;613.75;695.62;771.4;894.5
2026;11062;GEOGRAFÍA;UNIVERSIDAD DE CHILE;CIENCIAS SOCIALES;40;48;1;571.5;83.69;549;628.45;659.38;723.28;721.5;782.25;818.25;908
2026;11063;HISTORIA, LICENCIATURA EN;UNIVERSIDAD DE CHILE;CIENCIAS SOCIALES;90;105;1;647.5;63.39;554;647.5;680.5;726.63;736.5;766;798.2;932
2026;11065;LINGÜÍSTICA Y LITERATURA INGLESAS, LICENCIATURA EN;UNIVERSIDAD DE CHILE;HUMANIDADES;78;95;1;505.5;80.88;496.5;543.1;584;635.26;625;683.25;742.6;922
2026;11068;PERIODISMO;UNIVERSIDAD DE CHILE;CIENCIAS SOCIALES;122;140;1;766;62.57;647.5;697.3;720.88;769.05;761.25;807.62;863.7;913
2026;11069;PSICOLOGÍA;UNIVERSIDAD DE CHILE;CIENCIAS SOCIALES;55;60;1;872.5;39.26;756.5;824.65;848.88;872.27;873.5;901;913.2;954
2026;11070;SOCIOLOGÍA;UNIVERSIDAD DE CHILE;CIENCIAS SOCIALES;110;115;1;724;74.91;576.5;672.2;717;765.96;766;806.5;865.7;958
2026;11072;LINGÜÍSTICA Y LITERATURA CON MENCIÓN, LICENCIATURA EN;UNIVERSIDAD DE CHILE;HUMANIDADES;100;120;1;581;80.69;517.5;582.35;624;689.5;686.25;753.5;792.85;898
2026;11078;BACHILLERATO, PROGRAMA ACADÉMICO DE;UNIVERSIDAD DE CHILE;CIENCIAS BÁSICAS;300;392;1;825;42.14;747;802.5;828.25;859.52;861.5;889;912.95;994.5
2026;11080;ENFERMERÍA;UNIVERSIDAD DE CHILE;SALUD;97;117;1;796;44.69;716;776.1;796;827.93;825;861.5;884.9;948
2026;11081;FONOAUDIOLOGÍA;UNIVERSIDAD DE CHILE;SALUD;50;65;1;701.5;55.07;601.5;636.5;650.5;699.98;693.5;728.5;780.5;873
2026;11082;KINESIOLOGÍA;UNIVERSIDAD DE CHILE;SALUD;42;50;1;756.5;49.22;721.5;759.65;785.12;818.08;808.5;857.38;879.05;926.5
2026;11083;MEDICINA;UNIVERSIDAD DE CHILE;SALUD;190;195;1;982;22.32;878;920.5;930;946.6;948;958;977.7;1000
2026;11084;NUTRICIÓN Y DIETÉTICA;UNIVERSIDAD DE CHILE;SALUD;46;54;1;781;58.92;648.5;693.65;724.38;767.97;766;799.75;848;926.5
2026;11085;OBSTETRICIA Y PUERICULTURA;UNIVERSIDAD DE CHILE;SALUD;76;96;1;787.5;42.44;717.5;759.25;774.5;807.26;802;837.75;860.25;900.5
2026;11086;TECNOLOGÍA MÉDICA;UNIVERSIDAD DE CHILE;SALUD;86;101;1;817;39.77;761.5;800.5;826;851.68;844;879;908;946.5
2026;11087;TERAPIA OCUPACIONAL;UNIVERSIDAD DE CHILE;SALUD;55;69;1;730;57.73;652.5;679.5;699;750.26;746.5;794.5;823.7;895
2026;11090;CINE Y TELEVISIÓN;UNIVERSIDAD DE CHILE;ARTE Y ARQUITECTURA;69;78;1;706;70.53;627.5;700.35;731.62;788.26;784.75;832.25;899.35;928.5
2026;11095;ODONTOLOGÍA;UNIVERSIDAD DE CHILE;SALUD;98;128;1;746.5;37.85;746.5;802.6;832.5;853.13;851.5;877.25;900.15;931.5
2026;11097;LICENCIADO/A EN ARTES CON MENCIÓN EN COMPOSICIÓN;UNIVERSIDAD DE CHILE;ARTE Y ARQUITECTURA;20;20;1;619.5;105;597;601.25;626.62;732.8;720.75;801.62;865.55;939
2026;11508;DANZA;UNIVERSIDAD DE CHILE;ARTE Y ARQUITECTURA;25;25;1;597.5;106.75;597.5;636.6;649.5;740.14;715;807.5;884.3;994.5
2026;11520;TRABAJO SOCIAL;UNIVERSIDAD DE CHILE;CIENCIAS SOCIALES;75;80;1;681;63.63;571;613.65;647;690.39;685.5;728.75;769.85;860
2026;11521;PEDAGOGÍA EN EDUCACIÓN MEDIA EN BIOLOGÍA Y QUÍMICA;UNIVERSIDAD DE CHILE;EDUCACIÓN;50;41;0;631.5;83.75;493;545;603.5;659.09;661.5;718.5;775;860.5
2026;11522;PEDAGOGÍA EN EDUCACIÓN PARVULARIA;UNIVERSIDAD DE CHILE;EDUCACIÓN;55;65;1;612.5;68.94;492.5;553.8;596.5;635.65;622.5;685;721;787.5
2026;11523;PEDAGOGÍA EN EDUCACIÓN BÁSICA;UNIVERSIDAD DE CHILE;EDUCACIÓN;30;40;1;681.5;80.44;607.5;637.15;692.62;750.14;752.25;804.5;855.35;889
2026;11524;INGENIERÍA EN SONIDO;UNIVERSIDAD DE CHILE;TECNOLOGÍA;24;27;1;866;38.19;802.5;837.1;861.25;879.41;871;903.25;929.4;969
2026;11525;ESTUDIOS INTERNACIONALES;UNIVERSIDAD DE CHILE;CIENCIAS SOCIALES;35;42;1;822.5;42.84;787;816.1;840;867.55;860.5;892.62;919.9;987.5
2026;11526;CIENCIA POLÍTICA;UNIVERSIDAD DE CHILE;CIENCIAS SOCIALES;65;70;1;714;53.8;656;723.55;765.25;796.61;792.5;826.12;861.5;919.5
2026;11527;INGENIERÍA EN RECURSOS HÍDRICOS;UNIVERSIDAD DE CHILE;TECNOLOGÍA;40;40;1;591;93.99;479;540.4;597.25;659.86;651.75;722.12;777.1;925.5
2026;11528;PEDAGOGÍA EN EDUCACIÓN FÍSICA;UNIVERSIDAD DE CHILE;EDUCACIÓN;45;50;1;653;75.54;553;607.75;660.88;715.57;720;780.88;793.25;864
2026;11529;PEDAGOGÍA EN EDUCACIÓN ESPECIAL;UNIVERSIDAD DE CHILE;EDUCACIÓN;50;55;1;686;62.49;486;561.3;605.5;640.65;644;674;705.9;851
2026;12004;ARQUITECTURA;PONTIFICIA UNIVERSIDAD CATOLICA DE CHILE;ARTE Y ARQUITECTURA;136;148;1;791;43;766;815.3;842.12;870.8;865.5;899.12;930.45;980.5
2026;12005;ARTE;PONTIFICIA UNIVERSIDAD CATOLICA DE CHILE;ARTE Y ARQUITECTURA;87;97;1;733;88.83;540.5;605.2;655.5;716.48;706.5;773.5;851.4;932
2026;12006;DISEÑO;PONTIFICIA UNIVERSIDAD CATOLICA DE CHILE;ARTE Y ARQUITECTURA;178;194;1;694.5;67.88;623;703.5;754.75;798.12;802.5;846.25;879.35;957
2026;12007;ACTUACIÓN;PONTIFICIA UNIVERSIDAD CATOLICA DE CHILE;ARTE Y ARQUITECTURA;45;46;1;707.5;86.56;632;654.75;696.5;761.4;759.5;815.25;876.5;982
2026;12008;LETRAS HISPÁNICAS;PONTIFICIA UNIVERSIDAD CATOLICA DE CHILE;HUMANIDADES;60;63;1;734;107.04;538;600.4;688.5;753.99;734;841.5;912.8;945.5
2026;12009;LETRAS INGLESAS;PONTIFICIA UNIVERSIDAD CATOLICA DE CHILE;HUMANIDADES;38;48;1;674.5;80.57;584.5;651.55;677.5;743.94;745.25;802.62;842.75;925
2026;12010;BIOQUÍMICA;PONTIFICIA UNIVERSIDAD CATOLICA DE CHILE;CIENCIAS BÁSICAS;40;45;1;859;30.97;846.5;859;878;899.16;899;920.5;940;969
2026;12011;BIOLOGÍA;PONTIFICIA UNIVERSIDAD CATOLICA DE CHILE;CIENCIAS BÁSICAS;65;78;1;842;48.89;692;786.95;814;845.88;844.5;880.75;908;969
2026;12012;BIOLOGÍA MARINA;PONTIFICIA UNIVERSIDAD CATOLICA DE CHILE;CIENCIAS BÁSICAS;30;36;1;737;58.2;729;749;803.75;841.03;852;879;908;932
2026;12013;AGRONOMÍA E INGENIERÍA FORESTAL;PONTIFICIA UNIVERSIDAD CATOLICA DE CHILE;AGROPECUARIA;210;239;1;644.5;78.02;501.5;677.8;722.5;770.08;773;826.75;866.2;956.5
2026;12014;INGENIERÍA COMERCIAL;PONTIFICIA UNIVERSIDAD CATOLICA DE CHILE;ADMINISTRACIÓN Y COMERCIO;418;453;1;872.5;31.87;808.5;865.5;885;906.01;908;927.5;945.5;981.5
2026;12015;TEOLOGÍA;PONTIFICIA UNIVERSIDAD CATOLICA DE CHILE;HUMANIDADES;10;20;1;739;99.55;508;537.9;580;652.9;647;701.62;781.2;851
2026;12017;PSICOLOGÍA;PONTIFICIA UNIVERSIDAD CATOLICA DE CHILE;CIENCIAS SOCIALES;125;136;1;835;44.46;797.5;822.25;857.75;886.53;884.75;919.75;937;994.5
2026;12018;TRABAJO SOCIAL;PONTIFICIA UNIVERSIDAD CATOLICA DE CHILE;CIENCIAS SOCIALES;70;83;1;678;77.04;509;573.1;610.75;670.49;665.5;720.5;778.4;896.5
2026;12019;SOCIOLOGÍA;PONTIFICIA UNIVERSIDAD CATOLICA DE CHILE;CIENCIAS SOCIALES;76;91;1;649;75.59;645.5;663.5;684.25;753.38;738.5;809.75;860.5;935.5
2026;12021;DERECHO;PONTIFICIA UNIVERSIDAD CATOLICA DE CHILE;DERECHO;325;340;1;830;46.76;748;819.95;858.5;887.65;891.5;920.5;944.6;994.5
2026;12022;ANTROPOLOGÍA- ARQUEOLOGÍA;PONTIFICIA UNIVERSIDAD CATOLICA DE CHILE;CIENCIAS SOCIALES;70;78;1;746.5;77.47;622;692.35;734.62;787.85;781;836.5;895.55;955.5
2026;12024;PEDAGOGIA EN EDUCACIÓN GENERAL BÁSICA;PONTIFICIA UNIVERSIDAD CATOLICA DE CHILE;EDUCACIÓN;150;166;1;585.5;90.7;532;593;648.5;710.36;703;765.88;827.25;945.5
2026;12025;PEDAGOGÍA EN EDUCACIÓN PARVULARIA;PONTIFICIA UNIVERSIDAD CATOLICA DE CHILE;EDUCACIÓN;80;87;1;610;87.29;549.5;595.5;632.5;706.96;704.5;760;819.6;930.5
2026;12026;COLLEGE ARTES Y HUMANIDADES;PONTIFICIA UNIVERSIDAD CATOLICA DE CHILE;ARTE Y ARQUITECTURA;60;72;1;661;71.19;633;672.05;700.88;751.68;736;776.75;876.3;935.5
2026;12027;COLLEGE CIENCIAS NATURALES Y MATEMÁTICAS;PONTIFICIA UNIVERSIDAD CATOLICA DE CHILE;CIENCIAS BÁSICAS;350;410;1;878;36.35;771;837;862.88;884.53;885;908;930.2;982
2026;12028;COLLEGE CIENCIAS SOCIALES;PONTIFICIA UNIVERSIDAD CATOLICA DE CHILE;CIENCIAS SOCIALES;370;430;1;812.5;56.6;626;732.85;766;806.08;807.5;844;880.55;955.5
2026;12029;LICENCIATURA EN INTERPRETACIÓN MUSICAL;PONTIFICIA UNIVERSIDAD CATOLICA DE CHILE;ARTE Y ARQUITECTURA;16;18;1;719.5;77.67;593.5;664.95;734.88;762.5;762.75;801.25;851;902.5
2026;12030;FILOSOFÍA;PONTIFICIA UNIVERSIDAD CATOLICA DE CHILE;HUMANIDADES;25;36;1;692;96.61;518;593.5;625.5;696.58;689;765.5;817;907
2026;12031;FÍSICA;PONTIFICIA UNIVERSIDAD CATOLICA DE CHILE;CIENCIAS BÁSICAS;31;35;1;888.5;37.4;828.5;852;885;904.53;908;933;954.5;969
2026;12032;ASTRONOMÍA;PONTIFICIA UNIVERSIDAD CATOLICA DE CHILE;CIENCIAS BÁSICAS;28;29;1;899;32.43;853.5;871.5;884.5;910.95;908;948;956.8;958
2026;12033;MEDICINA VETERINARIA;PONTIFICIA UNIVERSIDAD CATOLICA DE CHILE;AGROPECUARIA;115;135;1;869.5;44.06;766.5;799.8;830;859.2;858.5;884.5;918.4;969
2026;12034;GEOGRAFÍA;PONTIFICIA UNIVERSIDAD CATOLICA DE CHILE;CIENCIAS SOCIALES;50;59;1;585.5;81.67;585.5;632.5;677.25;730.81;721;777.5;845.2;959
2026;12035;HISTORIA;PONTIFICIA UNIVERSIDAD CATOLICA DE CHILE;CIENCIAS SOCIALES;60;70;1;603;88.16;603;651.55;674.62;754.03;740.25;827.88;879.3;940.5
2026;12037;CIENCIA POLÍTICA;PONTIFICIA UNIVERSIDAD CATOLICA DE CHILE;CIENCIAS SOCIALES;35;37;1;824;59.71;720.5;788.4;815;856.12;851;894.5;938.5;958
2026;12038;CONSTRUCCIÓN CIVIL;PONTIFICIA UNIVERSIDAD CATOLICA DE CHILE;TECNOLOGÍA;205;243;1;632.5;57.54;625;699.9;739.5;776.15;776;816.75;850.8;918.5
2026;12039;INGENIERÍA;PONTIFICIA UNIVERSIDAD CATOLICA DE CHILE;TECNOLOGÍA;650;680;1;891.5;28.49;839.5;891;908;927.33;927.5;948;969;1000
2026;12041;PEDAGOGÍA EN EDUCACIÓN MEDIA EN CIENCIAS NATURALES Y BIOLOGÍA;PONTIFICIA UNIVERSIDAD CATOLICA DE CHILE;EDUCACIÓN;25;31;1;746.5;78.43;688;703.5;727.75;792.47;780.5;833.75;926.5;945.5
2026;12042;PEDAGOGÍA EN EDUCACIÓN MEDIA EN QUÍMICA;PONTIFICIA UNIVERSIDAD CATOLICA DE CHILE;EDUCACIÓN;20;32;1;648.5;87.01;492.5;593.35;642.25;689.52;685.5;726.38;824.65;894.5
2026;12043;PEDAGOGÍA EN EDUCACIÓN MEDIA EN MATEMÁTICA;PONTIFICIA UNIVERSIDAD CATOLICA DE CHILE;EDUCACIÓN;40;45;1;802.5;55.18;746;784.3;802.5;844.87;841;884.5;926.8;981.5
2026;12044;PEDAGOGÍA EN EDUCACIÓN MEDIA EN FÍSICA;PONTIFICIA UNIVERSIDAD CATOLICA DE CHILE;EDUCACIÓN;10;13;1;806;61.39;753;773.5;806;847.31;841;908;922.8;939
2026;12046;PERIODISMO - DIRECCIÓN AUDIOVISUAL - PUBLICIDAD;PONTIFICIA UNIVERSIDAD CATOLICA DE CHILE;CIENCIAS SOCIALES;125;135;1;735.5;56.72;698.5;741.1;783;816.7;814;857;893.3;969
2026;12049;ESTADÍSTICA;PONTIFICIA UNIVERSIDAD CATOLICA DE CHILE;CIENCIAS BÁSICAS;40;45;1;819;41.47;727.5;796.8;825;845.71;852;871;893.2;928
2026;12050;PEDAGOGÍA EN EDUCACIÓN FÍSICA Y SALUD PARA EDUCACIÓN BÁSICA Y MEDIA;PONTIFICIA UNIVERSIDAD CATOLICA DE CHILE;EDUCACIÓN;60;66;1;625;62.52;597;674;702.62;742.12;739.75;783.12;809.5;882
2026;12051;MATEMÁTICA;PONTIFICIA UNIVERSIDAD CATOLICA DE CHILE;CIENCIAS BÁSICAS;40;52;1;721;53.79;721;794.6;822.38;858.51;856.25;895;920.5;958
2026;12052;TERAPIA OCUPACIONAL;PONTIFICIA UNIVERSIDAD CATOLICA DE CHILE;SALUD;77;90;1;677.5;71.73;638;678.4;725.5;779.42;780;834.75;871.3;939
2026;12054;QUÍMICA;PONTIFICIA UNIVERSIDAD CATOLICA DE CHILE;CIENCIAS BÁSICAS;35;43;1;885;40.52;791;809.2;831.25;860.83;859;885.25;909.2;968.5
2026;12055;QUÍMICA Y FARMACIA;PONTIFICIA UNIVERSIDAD CATOLICA DE CHILE;SALUD;70;78;1;864;30.05;829;862.5;886.25;904.51;907.5;923.5;939;981.5
2026;12056;ODONTOLOGÍA;PONTIFICIA UNIVERSIDAD CATOLICA DE CHILE;SALUD;62;86;1;820;36.14;793;819;841.25;867.23;870.5;891.5;908.75;956.5
2026;12057;ENFERMERÍA;PONTIFICIA UNIVERSIDAD CATOLICA DE CHILE;SALUD;120;165;1;775;42.69;728;784.5;819;843.75;844.5;871;894.3;963
2026;12058;MEDICINA;PONTIFICIA UNIVERSIDAD CATOLICA DE CHILE;SALUD;82;82;1;958;18.38;911.5;939;948;961.12;958;980.25;981.5;994.5
2026;12059;LICENCIATURA EN MÚSICA;PONTIFICIA UNIVERSIDAD CATOLICA DE CHILE;ARTE Y ARQUITECTURA;25;13;0;553.5;97.74;546.5;568.8;655;703.04;681;761.5;823.2;874
2026;12060;NUTRICIÓN Y DIETÉTICA;PONTIFICIA UNIVERSIDAD CATOLICA DE CHILE;SALUD;65;82;1;719.5;65.41;646.5;694.2;725.62;771.74;768.75;804.62;867.25;940.5
2026;12061;KINESIOLOGÍA;PONTIFICIA UNIVERSIDAD CATOLICA DE CHILE;SALUD;80;105;1;753;57.46;695.5;745.7;791;828.24;831.5;867.5;899.9;948
2026;12062;FONOAUDIOLOGÍA;PONTIFICIA UNIVERSIDAD CATOLICA DE CHILE;SALUD;64;90;1;687;66.69;587;618.95;653.25;700.24;695;740.88;792.3;930
2026;12070;PEDAGOGÍA EN INGLÉS PARA EDUCACIÓN BÁSICA Y MEDIA;PONTIFICIA UNIVERSIDAD CATOLICA DE CHILE;EDUCACIÓN;50;55;1;800;63.7;646;700.1;738.5;780.64;780.5;820;868.4;926.5
2026;12071;ADMINISTRACIÓN PÚBLICA;PONTIFICIA UNIVERSIDAD CATOLICA DE CHILE;CIENCIAS SOCIALES;90;100;1;687;60.68;675;720.85;748.12;792.18;789.5;827;860.95;950
2026;12088;PEDAGOGÍA EN EDUCACIÓN ESPECIAL;PONTIFICIA UNIVERSIDAD CATOLICA DE CHILE;EDUCACIÓN;60;64;1;606;84.67;531.5;587.15;638.5;686.19;671.75;728.75;796.4;904
2026;12089;LICENCIATURA EN INGENIERÍA EN CIENCIA DE DATOS;PONTIFICIA UNIVERSIDAD CATOLICA DE CHILE;CIENCIAS BÁSICAS;80;95;1;780.5;52.6;702.5;780.2;804;844.71;844;878.25;919.7;958
2026;12096;PEDAGOGIA EN EDUCACIÓN GENERAL BÁSICA;PONTIFICIA UNIVERSIDAD CATOLICA DE CHILE;EDUCACIÓN;35;34;0;633;77.75;500;547.85;587.62;638.63;635.75;709.88;745.8;780
2026;12097;PEDAGOGÍA EN EDUCACIÓN PARVULARIA;PONTIFICIA UNIVERSIDAD CATOLICA DE CHILE;EDUCACIÓN;35;23;0;596;46.81;518.5;562.2;568;599.15;585;617.75;655.1;729.5
2026;12100;LICENCIATURA EN INGENIERÍA EN CIENCIA DE LA COMPUTACIÓN;PONTIFICIA UNIVERSIDAD CATOLICA DE CHILE;TECNOLOGÍA;100;112;1;834;47.9;780;808.65;834.5;872.6;877.25;910;929.7;981.5
2026;12101;INGENIERÍA EN RECURSOS NATURALES;PONTIFICIA UNIVERSIDAD CATOLICA DE CHILE;TECNOLOGÍA;85;98;1;708.5;76.42;581.5;665.2;704;764.08;765;822.12;862.25;913
2026;13001;LICENCIATURA EN QUIMICA - QUIMICO;UNIVERSIDAD DE CONCEPCION;CIENCIAS BÁSICAS;25;31;1;701.5;70.7;640.5;658.5;686.75;747.42;754.5;780.75;816;926.5
2026;13002;LICENCIATURA EN MATEMATICA;UNIVERSIDAD DE CONCEPCION;CIENCIAS BÁSICAS;20;16;0;524.5;97.25;524.5;605.75;670.12;722.16;729.5;777.38;833;891.5
2026;13003;INGENIERIA CIVIL MATEMATICA;UNIVERSIDAD DE CONCEPCION;CIENCIAS BÁSICAS;35;40;1;820;68.29;672.5;739.5;797.38;834.09;826.5;888;917.95;951.5
2026;13004;QUIMICO ANALISTA;UNIVERSIDAD DE CONCEPCION;CIENCIAS BÁSICAS;35;50;1;715;76.82;553;609.1;649.38;703.04;701.5;745.62;818;878.5
2026;13006;AGRONOMIA (CHILLAN);UNIVERSIDAD DE CONCEPCION;AGROPECUARIA;70;88;1;488;82.28;487;516.85;551.25;615.11;595.75;675;722.5;853.5
2026;13007;MEDICINA VETERINARIA (CHILLAN);UNIVERSIDAD DE CONCEPCION;AGROPECUARIA;85;104;1;680;60.97;625;671.8;700;741.24;732;777.38;827.55;932
2026;13008;INGENIERIA FORESTAL;UNIVERSIDAD DE CONCEPCION;AGROPECUARIA;30;45;1;606.5;78.01;504;532.9;571;626.43;606.5;690.5;725.5;803
2026;13009;INGENIERIA CIVIL AGRICOLA (CHILLAN);UNIVERSIDAD DE CONCEPCION;TECNOLOGÍA;35;42;1;686.5;97.37;508;592.1;630.75;701.43;686.5;771.12;837.05;908
2026;13011;MEDICINA VETERINARIA (CONCEPCION);UNIVERSIDAD DE CONCEPCION;AGROPECUARIA;80;90;1;783.5;50.76;687;733;759;793.22;787.5;816.75;868.55;939
2026;13012;BIOINGENIERIA;UNIVERSIDAD DE CONCEPCION;TECNOLOGÍA;46;64;1;713;66.61;608.5;676.8;729.88;768.03;770.25;812.12;854.15;939
2026;13013;BIOLOGIA MARINA;UNIVERSIDAD DE CONCEPCION;CIENCIAS BÁSICAS;30;40;1;803;63.27;650;705.6;722.75;770.31;768;803.75;836.3;969
2026;13014;BIOLOGIA;UNIVERSIDAD DE CONCEPCION;CIENCIAS BÁSICAS;60;78;1;706.5;81.39;577;630.6;660.75;734.18;736.75;798.38;833.55;935.5
2026;13015;GEOLOGIA;UNIVERSIDAD DE CONCEPCION;CIENCIAS BÁSICAS;35;40;1;806.5;52.89;751.5;790;818.12;854.3;869.25;891.12;908.5;958
2026;13016;INGENIERIA EN BIOTECNOLOGIA MARINA Y ACUICULTURA;UNIVERSIDAD DE CONCEPCION;TECNOLOGÍA;20;28;1;578;82.39;504;551.2;579.12;647.55;645.25;691.88;777.35;802.5
2026;13018;GEOGRAFIA;UNIVERSIDAD DE CONCEPCION;CIENCIAS SOCIALES;55;37;0;508;91.84;508;535.1;567;650.51;671;708.5;766.8;851
2026;13019;INGENIERIA COMERCIAL (CONCEPCION);UNIVERSIDAD DE CONCEPCION;ADMINISTRACIÓN Y COMERCIO;130;152;1;762.5;67.89;597;652.6;693.12;740.73;734.5;775;833.75;939
2026;13020;INGENIERIA EN BIOTECNOLOGIA VEGETAL;UNIVERSIDAD DE CONCEPCION;TECNOLOGÍA;40;33;0;614.5;67.37;505;588.7;614.5;660.7;663;700.5;741.9;816
2026;13022;AUDITORIA;UNIVERSIDAD DE CONCEPCION;ADMINISTRACIÓN Y COMERCIO;60;65;1;666;79.49;571.5;628.2;662.5;721.16;724.5;780.5;835.4;882
2026;13023;ADMINISTRACION PUBLICA Y CIENCIA POLITICA;UNIVERSIDAD DE CONCEPCION;CIENCIAS SOCIALES;70;80;1;684.5;68.82;561;649.4;678.62;723.22;720;760.25;813.2;909.5
2026;13024;DERECHO;UNIVERSIDAD DE CONCEPCION;DERECHO;145;170;1;746;56.13;685;746.5;774.5;818.84;812.75;864.5;887.45;994.5
2026;13025;TRABAJO SOCIAL;UNIVERSIDAD DE CONCEPCION;CIENCIAS SOCIALES;70;83;1;617.5;59.53;497.5;550.6;575.25;621.48;621;656.75;691.2;773
2026;13026;ANTROPOLOGIA;UNIVERSIDAD DE CONCEPCION;CIENCIAS SOCIALES;66;88;1;552;84.43;485.5;528;570.75;639.65;642;708.62;743.25;844
2026;13027;EDUCACION PARVULARIA;UNIVERSIDAD DE CONCEPCION;EDUCACIÓN;40;45;1;592;74.66;499;550.6;577;621.62;605.5;662;707.5;911.5
2026;13028;EDUCACION DIFERENCIAL;UNIVERSIDAD DE CONCEPCION;EDUCACIÓN;40;44;1;578;62.4;547;578.3;600.88;651.83;646;689.25;732.4;821.5
2026;13029;DERECHO (CHILLAN);UNIVERSIDAD DE CONCEPCION;DERECHO;65;72;1;624;71.92;606.5;672.5;704.25;757.72;743.25;800.75;859.05;939.5
2026;13030;INGENIERIA COMERCIAL (CHILLAN);UNIVERSIDAD DE CONCEPCION;ADMINISTRACIÓN Y COMERCIO;60;68;1;702;79.67;551;638.95;674.88;730.58;719;775.75;835.75;917.5
2026;13031;PERIODISMO;UNIVERSIDAD DE CONCEPCION;CIENCIAS SOCIALES;50;62;1;556.5;81.31;546;593.5;621.62;679.44;663;730.5;775.4;943
2026;13032;EDUCACIÓN BÁSICA;UNIVERSIDAD DE CONCEPCION;EDUCACIÓN;80;89;1;579.5;66.32;504;546.5;570.5;622.57;618.5;665;701.6;841
2026;13035;PEDAGOGIA EN CS. NATURALES Y BIOLOGIA;UNIVERSIDAD DE CONCEPCION;EDUCACIÓN;25;35;1;597;80.41;521;564;601.75;655.64;645.5;707.75;752.9;850
2026;13036;PEDAGOGIA EN CS. NATURALES Y FISICA;UNIVERSIDAD DE CONCEPCION;EDUCACIÓN;20;15;0;576;80.43;518.5;592.6;647.5;682.57;678;733;784.9;822
2026;13037;PEDAGOGIA EN CS. NATURALES Y QUIMICA;UNIVERSIDAD DE CONCEPCION;EDUCACIÓN;20;14;0;549.5;86.85;513;551.6;620.12;671.79;696;720.38;737.6;828
2026;13039;PEDAGOGIA EN EDUCACION MUSICAL;UNIVERSIDAD DE CONCEPCION;EDUCACIÓN;25;30;1;740.5;70.42;633.5;647.45;677.75;735.3;734;782.62;805.2;925.5
2026;13040;PEDAGOGIA EN HISTORIA Y GEOGRAFIA;UNIVERSIDAD DE CONCEPCION;EDUCACIÓN;45;55;1;587.5;75.06;554.5;589.2;634.25;679.18;667.5;710.5;777.7;860.5
2026;13041;PEDAGOGIA EN ESPAÑOL;UNIVERSIDAD DE CONCEPCION;EDUCACIÓN;40;40;1;614;71.99;604;614.5;639.25;703.94;709.25;744.62;808.25;880
2026;13042;PEDAGOGIA EN FILOSOFIA;UNIVERSIDAD DE CONCEPCION;EDUCACIÓN;20;16;0;554.5;92.83;525.5;551.75;587.12;660.84;651.75;731.12;786.5;809
2026;13043;INGENIERIA EN CONSERVACION DE RECURSOS NATURALES;UNIVERSIDAD DE CONCEPCION;TECNOLOGÍA;40;32;0;601;80.55;497;563.9;601.38;663.92;675.5;709.88;768.25;840.5
2026;13044;INGENIERIA AMBIENTAL (CHILLAN);UNIVERSIDAD DE CONCEPCION;TECNOLOGÍA;40;29;0;528.5;94.75;489.5;524.8;552;621.02;603;661;743.4;860
2026;13046;CIENCIAS FISICAS;UNIVERSIDAD DE CONCEPCION;CIENCIAS BÁSICAS;45;52;1;596.5;84.73;584;641;690.12;748.61;731.25;829;863.6;899
2026;13048;BIOQUIMICA;UNIVERSIDAD DE CONCEPCION;CIENCIAS BÁSICAS;55;68;1;827.5;38.67;755;781.5;805.75;832.32;833;860;884.5;917.5
2026;13049;QUIMICA Y FARMACIA;UNIVERSIDAD DE CONCEPCION;SALUD;82;110;1;829;36.33;805.5;836.35;851.12;876.66;872.5;903.12;919.15;989
2026;13050;NUTRICION Y DIETETICA;UNIVERSIDAD DE CONCEPCION;SALUD;65;88;1;670.5;66.07;536;600.05;628.62;680.14;678.5;720.75;770.25;832.5
2026;13052;BACHILLERATO EN HUMANIDADES;UNIVERSIDAD DE CONCEPCION;HUMANIDADES;40;42;1;493.5;77.17;487.5;510.35;543.12;606.39;609.25;662;722.75;768.5
2026;13054;ARTES VISUALES;UNIVERSIDAD DE CONCEPCION;ARTE Y ARQUITECTURA;50;60;1;505;79.28;505;570.8;613.25;674.66;674.75;726.38;775.05;888.5
2026;13055;ASTRONOMIA;UNIVERSIDAD DE CONCEPCION;CIENCIAS BÁSICAS;35;45;1;836.5;50.22;724;769.2;785.5;827.31;825;856;885.4;945.5
2026;13056;GEOFISICA;UNIVERSIDAD DE CONCEPCION;CIENCIAS BÁSICAS;35;47;1;653.5;93.33;500.5;596.7;629;694.78;687.5;782.75;816.6;865.5
2026;13057;PEDAGOGIA EN INGLES;UNIVERSIDAD DE CONCEPCION;EDUCACIÓN;55;62;1;680.5;80.48;508.5;588.9;634.62;695.57;700.25;752.38;794.25;880
2026;13058;TRADUCCION/INTERPRETACION EN IDIOMAS EXTRANJEROS;UNIVERSIDAD DE CONCEPCION;HUMANIDADES;73;85;1;622.5;79.85;546.5;596.9;628;699.6;698.5;746.5;814.4;884.5
2026;13059;LICENCIATURA EN HISTORIA;UNIVERSIDAD DE CONCEPCION;CIENCIAS SOCIALES;30;37;1;603;87.26;502;532.7;564.5;628.47;617.5;671;720.7;921.5
2026;13060;TEATRO;UNIVERSIDAD DE CONCEPCION;ARTE Y ARQUITECTURA;40;50;1;630;88.29;489.5;530.75;584;645.58;640.5;695.88;755;898
2026;13061;INGENIERIA AMBIENTAL;UNIVERSIDAD DE CONCEPCION;TECNOLOGÍA;55;64;1;511;89.55;486;526.95;574.5;644.83;641;712.12;764.55;850
2026;13062;INGENIERIA CIVIL BIOMEDICA;UNIVERSIDAD DE CONCEPCION;TECNOLOGÍA;58;80;1;812;43.11;775.5;805.55;822.62;855.34;851.75;884.62;917.8;969
2026;13064;INGENIERIA CIVIL EN TELECOMUNICACIONES;UNIVERSIDAD DE CONCEPCION;TECNOLOGÍA;20;26;1;759.5;60.48;667;696.25;714.38;761.31;749.5;792.5;862.5;880
2026;13065;INGENIERIA ESTADISTICA;UNIVERSIDAD DE CONCEPCION;CIENCIAS BÁSICAS;25;28;1;733;76.37;650.5;714.3;743.88;801;798.75;855.5;895.25;945.5
2026;13066;INGENIERIA CIVIL AEROESPACIAL;UNIVERSIDAD DE CONCEPCION;TECNOLOGÍA;18;20;1;878;21.18;878;902.15;910.62;923.5;926;935.5;945.75;969
2026;13067;PSICOLOGIA;UNIVERSIDAD DE CONCEPCION;CIENCIAS SOCIALES;59;72;1;770.5;54.11;704.5;740.3;774.25;811.23;809.5;848;872.35;948
2026;13068;INGENIERIA CIVIL, PRIMER AÑO COMUN;UNIVERSIDAD DE CONCEPCION;TECNOLOGÍA;190;220;1;724.5;53.33;622.5;727.9;773.38;798.89;799.5;836.5;863.65;922
2026;13069;INGENIERIA CIVIL;UNIVERSIDAD DE CONCEPCION;TECNOLOGÍA;98;110;1;741;52.75;696;748.4;781;814.01;804;853;889.65;937.5
2026;13070;INGENIERIA CIVIL ELECTRICA;UNIVERSIDAD DE CONCEPCION;TECNOLOGÍA;53;58;1;858.5;42.42;771;820.4;842.5;873.22;878.25;904;924.75;969
2026;13071;INGENIERIA CIVIL ELECTRONICA;UNIVERSIDAD DE CONCEPCION;TECNOLOGÍA;58;64;1;779.5;60.46;718.5;764.15;788;837.12;837.75;882.88;921.4;965.5
2026;13072;INGENIERIA CIVIL INDUSTRIAL;UNIVERSIDAD DE CONCEPCION;TECNOLOGÍA;113;120;1;832.5;39.58;780;832.35;849.12;875.07;871.5;901.38;921.1;994.5
2026;13073;INGENIERIA CIVIL INFORMATICA;UNIVERSIDAD DE CONCEPCION;TECNOLOGÍA;53;58;1;844;39.82;805;832.5;860.75;886.14;882;920.25;939;958
2026;13074;INGENIERIA CIVIL MECANICA;UNIVERSIDAD DE CONCEPCION;TECNOLOGÍA;70;78;1;787;44.43;780;804.55;824.62;861.04;861.5;890.5;920.55;958
2026;13075;INGENIERIA CIVIL METALURGICA;UNIVERSIDAD DE CONCEPCION;TECNOLOGÍA;75;88;1;654;59.32;653.5;700.75;746.12;781.05;779.25;816.12;865;899
2026;13076;INGENIERIA CIVIL QUIMICA;UNIVERSIDAD DE CONCEPCION;TECNOLOGÍA;73;80;1;740.5;48.34;740.5;791.75;828.38;856.48;856.25;887.75;923;946
2026;13077;SOCIOLOGIA;UNIVERSIDAD DE CONCEPCION;CIENCIAS SOCIALES;65;70;1;489.5;89.42;489.5;533.3;576.62;651.26;648;714.75;764;851.5
2026;13078;INGENIERIA COMERCIAL (LOS ANGELES);UNIVERSIDAD DE CONCEPCION;ADMINISTRACIÓN Y COMERCIO;70;78;1;587;91.02;508;579.9;612.88;678.31;678.5;736;797.5;922
2026;13079;PEDAGOGIA EN CS. NATURALES Y BIOLOGIA (LOS ANGELES);UNIVERSIDAD DE CONCEPCION;EDUCACIÓN;20;23;1;618.5;88.28;533.5;558.3;586.25;660.04;636.5;731.5;768.4;824
2026;13080;ARQUITECTURA;UNIVERSIDAD DE CONCEPCION;ARTE Y ARQUITECTURA;71;77;1;735.5;66.33;621.5;681.8;717.5;766.22;768;820;847.2;885.5
2026;13081;TECNOLOGIA MEDICA;UNIVERSIDAD DE CONCEPCION;SALUD;73;73;1;744.5;46.43;728.5;756.7;789;818.86;819;836.5;884;934
2026;13082;FONOAUDIOLOGIA;UNIVERSIDAD DE CONCEPCION;SALUD;58;75;1;593.5;58.57;458.5;567.4;598;641.17;647.5;679.25;711.2;765.5
2026;13083;KINESIOLOGIA;UNIVERSIDAD DE CONCEPCION;SALUD;68;68;1;619;55.02;619;692.7;718.75;752.18;749.75;783.5;818.75;900.5
2026;13085;INGENIERIA EN BIOTECNOLOGIA VEGETAL (LOS ANGELES);UNIVERSIDAD DE CONCEPCION;TECNOLOGÍA;20;23;1;642.5;77.13;486;491.7;517.25;586.61;575;645.5;690.4;731.5
2026;13086;MEDICINA;UNIVERSIDAD DE CONCEPCION;SALUD;100;100;1;916.5;21.66;878;920.1;930.5;945.47;947.25;958;969;994.5
2026;13087;ENFERMERIA (CONCEPCION);UNIVERSIDAD DE CONCEPCION;SALUD;103;160;1;756;61.75;630.5;681.7;713.12;758.82;756;800.5;846.55;924.5
2026;13088;OBSTETRICIA Y PUERICULTURA;UNIVERSIDAD DE CONCEPCION;SALUD;80;80;1;672;56.25;628.5;690.5;704.5;749.88;747;785.5;817.55;885.5
2026;13089;EDUCACION DIFERENCIAL (LOS ANGELES);UNIVERSIDAD DE CONCEPCION;EDUCACIÓN;35;36;1;545;57.71;460.5;547;563.38;598.72;590.75;630.5;670.25;731
2026;13091;ODONTOLOGIA;UNIVERSIDAD DE CONCEPCION;SALUD;75;106;1;829;44.19;739;794.75;809.75;839.27;832.5;861.5;908;942
2026;13092;EDUCACIÓN BÁSICA (LOS ANGELES);UNIVERSIDAD DE CONCEPCION;EDUCACIÓN;35;40;1;543.5;63.33;412.5;546.2;560.75;608.26;611;653.88;680.2;704.5
2026;13093;INGENIERIA GEOMATICA (LOS ANGELES);UNIVERSIDAD DE CONCEPCION;CIENCIAS BÁSICAS;30;37;1;504;108.75;495.5;533.9;564.5;652.03;627.5;717.5;798.4;930
2026;13094;AUDITORIA - DIURNA (LOS ANGELES);UNIVERSIDAD DE CONCEPCION;ADMINISTRACIÓN Y COMERCIO;40;45;1;600;82.11;537;595.5;626;679.98;660;715;805.6;872
2026;13101;PEDAGOGIA EN EDUCACION FISICA;UNIVERSIDAD DE CONCEPCION;EDUCACIÓN;70;90;1;663.5;72.41;534;570.95;595.88;659.52;659.25;706.88;746.5;853
2026;13102;INGENIERIA CIVIL DE MINAS;UNIVERSIDAD DE CONCEPCION;TECNOLOGÍA;70;81;1;802.5;47.92;727;773;799;829.86;827.5;858.5;894.5;948
2026;13103;ENFERMERIA (CHILLAN);UNIVERSIDAD DE CONCEPCION;SALUD;58;74;1;751.5;66.47;575;615.7;646.38;696.47;690.75;748.38;779.45;871
2026;13104;ENFERMERIA (LOS ANGELES);UNIVERSIDAD DE CONCEPCION;SALUD;58;68;1;557;63.27;557;602.55;633;677.93;678.25;713;762.85;826.5
2026;13105;AGRONOMIA (CONCEPCION);UNIVERSIDAD DE CONCEPCION;AGROPECUARIA;55;66;1;529;98.97;489.5;535;578.62;642.8;624.5;692.75;774;945.5
2026;13106;PEDAGOGIA EN INGLES (LOS ANGELES);UNIVERSIDAD DE CONCEPCION;EDUCACIÓN;30;35;1;633;74.88;547.5;569.3;605.25;657.57;654;692.5;733;900.5
2026;13107;PEDAGOGIA EN ARTES VISUALES;UNIVERSIDAD DE CONCEPCION;EDUCACIÓN;20;22;1;589;82.89;582.5;592.25;639;694.05;680.75;727.38;800.85;891.5
2026;13108;PEDAGOGIA EN MATEMATICA;UNIVERSIDAD DE CONCEPCION;EDUCACIÓN;40;43;1;597;98.68;571.5;600.2;641.5;722;728;792.5;845.4;958
2026;13111;PEDAGOGIA EN MATEMATICA (LOS ANGELES);UNIVERSIDAD DE CONCEPCION;EDUCACIÓN;20;19;0;567;78.3;549;558.5;576;640.55;636.5;676.75;754.5;810.5
2026;13112;PEDAGOGIA EN ESPAÑOL (LOS ANGELES);UNIVERSIDAD DE CONCEPCION;EDUCACIÓN;25;25;1;604;81.04;531;562;582;640.88;639.5;677;728.1;890.5
2026;13114;BACHILLERATO EN CIENCIAS E INNOVACIÓN;UNIVERSIDAD DE CONCEPCION;CIENCIAS BÁSICAS;60;60;1;621;80.16;559.5;621;681.88;729.79;727.25;793.12;833.7;904
2026;14001;AGRONOMIA;PONTIFICIA UNIVERSIDAD CATOLICA DE VALPARAISO;AGROPECUARIA;70;90;1;539;77.66;483;531.5;565.12;623.12;609.5;681;709.1;873
2026;14002;ARQUITECTURA;PONTIFICIA UNIVERSIDAD CATOLICA DE VALPARAISO;ARTE Y ARQUITECTURA;90;105;1;773.5;67.84;592;673.2;698.5;751.23;741.5;802.5;841.3;926.5
2026;14003;DISEÑO;PONTIFICIA UNIVERSIDAD CATOLICA DE VALPARAISO;ARTE Y ARQUITECTURA;65;85;1;645.5;96.68;447.5;540.7;588.5;649.79;633;690.5;785.9;900
2026;14004;LICENCIATURA EN ARTE;PONTIFICIA UNIVERSIDAD CATOLICA DE VALPARAISO;ARTE Y ARQUITECTURA;50;48;0;516;100.86;488.5;510.25;555.5;626.23;623;662.38;770.3;891.5
2026;14005;INGENIERIA COMERCIAL;PONTIFICIA UNIVERSIDAD CATOLICA DE VALPARAISO;ADMINISTRACIÓN Y COMERCIO;130;150;1;601;70.14;554;632.35;664.62;713.63;706;750.12;812.3;958
2026;14006;CONTADOR AUDITOR;PONTIFICIA UNIVERSIDAD CATOLICA DE VALPARAISO;ADMINISTRACIÓN Y COMERCIO;90;110;1;618.5;75.04;515;590.6;618.75;675;661.25;722.88;781.6;878.5
2026;14007;PERIODISMO;PONTIFICIA UNIVERSIDAD CATOLICA DE VALPARAISO;CIENCIAS SOCIALES;85;100;1;579;80.06;513.5;577;630.25;671.49;662.5;714.25;787.55;925
2026;14008;TRABAJO SOCIAL;PONTIFICIA UNIVERSIDAD CATOLICA DE VALPARAISO;CIENCIAS SOCIALES;55;75;1;560;75.77;452;520.1;543.75;604.68;596;658.25;692.9;824
2026;14009;BACHILLERATO EN CIENCIAS;PONTIFICIA UNIVERSIDAD CATOLICA DE VALPARAISO;CIENCIAS BÁSICAS;30;50;1;540.5;84.12;525.5;584.75;618.12;686.98;692.5;745.75;804.5;834.5
2026;14012;BIOQUIMICA;PONTIFICIA UNIVERSIDAD CATOLICA DE VALPARAISO;CIENCIAS BÁSICAS;70;85;1;692;72.6;592;650.2;686.5;740.93;733;793.5;834.3;913
2026;14013;QUIMICA INDUSTRIAL;PONTIFICIA UNIVERSIDAD CATOLICA DE VALPARAISO;TECNOLOGÍA;15;25;1;622.5;79.37;572.5;609.3;622.5;683.86;686.5;707.5;761.6;926.5
2026;14014;PEDAGOGIA EN QUIMICA Y CIENCIAS NATURALES;PONTIFICIA UNIVERSIDAD CATOLICA DE VALPARAISO;EDUCACIÓN;20;8;0;667;89.42;560;616.35;660.38;702.69;693.75;742.88;817.05;837
2026;14015;KINESIOLOGIA;PONTIFICIA UNIVERSIDAD CATOLICA DE VALPARAISO;SALUD;80;100;1;752.5;76.15;540;618.15;659.5;704.5;690.25;759.12;816.45;927
2026;14016;PEDAGOGIA EN EDUCACION FISICA;PONTIFICIA UNIVERSIDAD CATOLICA DE VALPARAISO;EDUCACIÓN;65;80;1;585;65.08;497;584.9;603.38;651.64;642.75;686.12;726.6;880.5
2026;14018;GEOGRAFIA;PONTIFICIA UNIVERSIDAD CATOLICA DE VALPARAISO;CIENCIAS SOCIALES;30;34;1;500.5;65.16;499.5;531.15;567.12;615.15;617.5;663.12;673.85;806.5
2026;14030;DERECHO;PONTIFICIA UNIVERSIDAD CATOLICA DE VALPARAISO;DERECHO;195;225;1;746;63.69;646;700;739;784.56;782;825;869;981.5
2026;14032;PEDAGOGIA EN EDUCACION ESPECIAL M/DISCAPACIDAD INTELECTUAL O M/DIFICULTA;PONTIFICIA UNIVERSIDAD CATOLICA DE VALPARAISO;EDUCACIÓN;60;75;1;591;61.79;475;554.5;576.5;616.72;603.5;652.75;708.6;794.5
2026;14033;PEDAGOGIA EN EDUCACION BASICA;PONTIFICIA UNIVERSIDAD CATOLICA DE VALPARAISO;EDUCACIÓN;50;65;1;711;68.42;518;557;588;635.41;631;675;718.8;860.5
2026;14034;EDUCACION PARVULARIA;PONTIFICIA UNIVERSIDAD CATOLICA DE VALPARAISO;EDUCACIÓN;30;45;1;553;66.31;471.5;549.4;579;628.26;629;668.5;718.2;770
2026;14037;PEDAGOGIA EN INGLES;PONTIFICIA UNIVERSIDAD CATOLICA DE VALPARAISO;EDUCACIÓN;75;80;1;558.5;80.3;498.5;564.4;589.12;649.78;634.25;690.5;761.15;851
2026;14038;INTERPRETACION O TRADUCCION (INGLES-ESPAÑOL);PONTIFICIA UNIVERSIDAD CATOLICA DE VALPARAISO;HUMANIDADES;65;85;1;568;75.84;493;527.5;568;625.89;621;666.5;726.7;809
2026;14040;PSICOLOGIA;PONTIFICIA UNIVERSIDAD CATOLICA DE VALPARAISO;CIENCIAS SOCIALES;80;95;1;717.5;55.46;662;692.4;724.5;768.22;772;805.75;834.1;909.5
2026;14060;INGENIERIA CIVIL BIOQUIMICA;PONTIFICIA UNIVERSIDAD CATOLICA DE VALPARAISO;TECNOLOGÍA;60;80;1;557.5;103.29;486.5;573.85;617.38;682.93;667.5;735.62;811.9;948
2026;14061;INGENIERIA CIVIL ELECTRICA;PONTIFICIA UNIVERSIDAD CATOLICA DE VALPARAISO;TECNOLOGÍA;60;75;1;780.5;67.85;612.5;679.1;721.5;767.56;766;822.75;852.5;894.5
2026;14062;INGENIERIA CIVIL ELECTRONICA;PONTIFICIA UNIVERSIDAD CATOLICA DE VALPARAISO;TECNOLOGÍA;60;75;1;696;74.33;563;640.3;676;730.21;739.5;772.25;830.6;894.5
2026;14063;INGENIERIA CIVIL INDUSTRIAL;PONTIFICIA UNIVERSIDAD CATOLICA DE VALPARAISO;TECNOLOGÍA;155;180;1;785;51.66;700;765.55;791.38;827.07;823.5;866.5;897;966
2026;14064;INGENIERIA CIVIL INFORMATICA;PONTIFICIA UNIVERSIDAD CATOLICA DE VALPARAISO;TECNOLOGÍA;135;150;1;823.5;64.08;660;692.9;729.5;781.03;786;828.62;871.15;913
2026;14065;INGENIERIA CIVIL MECANICA;PONTIFICIA UNIVERSIDAD CATOLICA DE VALPARAISO;TECNOLOGÍA;55;70;1;800.5;58.06;656.5;700;728.12;772.86;772.5;818.75;839.95;904
2026;14066;INGENIERIA CIVIL METALÚRGICA;PONTIFICIA UNIVERSIDAD CATOLICA DE VALPARAISO;TECNOLOGÍA;40;56;1;700;73.05;619.5;661.75;693;739.25;716.25;785.5;842.25;919.5
2026;14067;INGENIERIA CIVIL QUIMICA;PONTIFICIA UNIVERSIDAD CATOLICA DE VALPARAISO;TECNOLOGÍA;60;75;1;702;76.09;571.5;659.7;693.5;744.87;733;790.5;858.5;922
2026;14069;INGENIERIA ELECTRICA;PONTIFICIA UNIVERSIDAD CATOLICA DE VALPARAISO;TECNOLOGÍA;30;45;1;719.5;73.22;578;640.7;686.5;729.42;725;773;813.3;904
2026;14070;INGENIERIA ELECTRONICA;PONTIFICIA UNIVERSIDAD CATOLICA DE VALPARAISO;TECNOLOGÍA;25;40;1;698.5;82.73;588;618.15;657.5;723.72;712.25;787.75;841.3;891.5
2026;14071;INGENIERIA EN CONSTRUCCION;PONTIFICIA UNIVERSIDAD CATOLICA DE VALPARAISO;TECNOLOGÍA;40;55;1;550.5;60.17;543;569.9;594.5;636.61;624;665.5;730.8;782
2026;14072;INGENIERIA MECANICA;PONTIFICIA UNIVERSIDAD CATOLICA DE VALPARAISO;TECNOLOGÍA;25;35;1;596;68.07;556;646.2;687;721.94;715;779.75;808.8;851.5
2026;14080;OCEANOGRAFIA Ó BIOLOGIA MARINA;PONTIFICIA UNIVERSIDAD CATOLICA DE VALPARAISO;CIENCIAS BÁSICAS;45;60;1;653;78.24;509.5;587.75;610;666.8;659.25;709;765.55;919
2026;14081;INGENIERIA CIVIL;PONTIFICIA UNIVERSIDAD CATOLICA DE VALPARAISO;TECNOLOGÍA;85;110;1;701;72.48;562;636;674.62;721.87;713.25;772;823.65;911
2026;14082;TECNOLOGIA MEDICA;PONTIFICIA UNIVERSIDAD CATOLICA DE VALPARAISO;SALUD;90;120;1;646;62.1;585.5;639.4;664.12;708.56;698.75;758.62;781.85;917.5
2026;14083;INGENIERIA CIVIL DE MINAS;PONTIFICIA UNIVERSIDAD CATOLICA DE VALPARAISO;TECNOLOGÍA;90;115;1;708.5;54.29;649.5;684.6;714;754.72;753.5;794.5;832.5;861.5
2026;14085;PEDAGOGIA EN BIOLOGIA Y CIENCIAS NATURALES;PONTIFICIA UNIVERSIDAD CATOLICA DE VALPARAISO;EDUCACIÓN;20;21;1;546.5;89.1;546.5;560;583;646.81;603.5;700;743;900.5
2026;14086;LICENCIATURA EN BIOLOGIA;PONTIFICIA UNIVERSIDAD CATOLICA DE VALPARAISO;CIENCIAS BÁSICAS;20;30;1;660;89.78;473;552.15;611.5;665.23;659.25;741.62;760.6;835
2026;14087;PEDAGOGIA EN MATEMATICAS;PONTIFICIA UNIVERSIDAD CATOLICA DE VALPARAISO;EDUCACIÓN;50;56;1;577;90.43;576;631;690.5;756.26;770.25;818.5;860.5;956.5
2026;14088;LICENCIATURA EN MATEMATICAS;PONTIFICIA UNIVERSIDAD CATOLICA DE VALPARAISO;CIENCIAS BÁSICAS;10;8;0;542;144.43;542;559.15;665.5;752.5;766.25;860.88;911.8;930
2026;14089;PEDAGOGÍA EN FÍSICA Y CIENCIAS NATURALES;PONTIFICIA UNIVERSIDAD CATOLICA DE VALPARAISO;EDUCACIÓN;20;7;0;644.5;88.9;644.5;690.7;737.75;786.71;805;836.5;882.6;909
2026;14090;LICENCIATURA EN FISICA O LICENCIATURA EN FISICA MENCION ASTRONOMIA;PONTIFICIA UNIVERSIDAD CATOLICA DE VALPARAISO;CIENCIAS BÁSICAS;35;42;1;571.5;99.28;508;573.65;625.38;694.18;679.75;754.5;835.95;917.5
2026;14091;PEDAGOGIA EN CASTELLANO Y COMUNICACION;PONTIFICIA UNIVERSIDAD CATOLICA DE VALPARAISO;EDUCACIÓN;60;67;1;553;87.12;438;556.7;575.5;639.02;621.5;701;753.1;922
2026;14092;LICENCIATURA EN LINGUISTICA Y LITERATURA;PONTIFICIA UNIVERSIDAD CATOLICA DE VALPARAISO;HUMANIDADES;20;25;1;509.5;101.02;499.5;511.9;579;632.08;614;682;709.8;948
2026;14093;PEDAGOGIA EN FILOSOFIA;PONTIFICIA UNIVERSIDAD CATOLICA DE VALPARAISO;EDUCACIÓN;15;10;0;564.5;120.37;564.5;588.8;625.62;712.4;670.75;801.75;876.4;898
2026;14094;LICENCIATURA EN FILOSOFIA;PONTIFICIA UNIVERSIDAD CATOLICA DE VALPARAISO;HUMANIDADES;10;7;0;564.5;77.4;508;541.9;581.75;621.64;624;651;692.8;754
2026;14095;PEDAGOGIA EN HISTORIA, GEOGRAFIA Y CIENCIAS SOCIALES;PONTIFICIA UNIVERSIDAD CATOLICA DE VALPARAISO;EDUCACIÓN;50;65;1;700;77.11;521;568;607;663.07;660;702.5;766.3;858.5
2026;14097;PEDAGOGIA EN MUSICA;PONTIFICIA UNIVERSIDAD CATOLICA DE VALPARAISO;EDUCACIÓN;20;30;1;621;93.35;487;587.45;614;670.85;645.25;738.12;784.75;900.5
2026;14098;LICENCIATURA EN CIENCIAS Y ARTES MUSICALES O LIC. M/COMPOSICION;PONTIFICIA UNIVERSIDAD CATOLICA DE VALPARAISO;ARTE Y ARQUITECTURA;20;30;1;518;105.05;501;528.35;585.25;655.83;642;715.5;766.75;922
2026;14099;INGENIERIA CIVIL EN CONSTRUCCION;PONTIFICIA UNIVERSIDAD CATOLICA DE VALPARAISO;TECNOLOGÍA;60;80;1;592.5;86.04;511;566.4;617.25;671.69;655.75;742;800.5;846.5
2026;14100;INGENIERIA CIVIL EN CIENCIA DE DATOS;PONTIFICIA UNIVERSIDAD CATOLICA DE VALPARAISO;CIENCIAS BÁSICAS;25;35;1;657;88.4;554;625.6;684;741.94;743;795.5;851.9;926.5
2026;14101;INGENIERIA CIVIL EN TELECOMUNICACIONES;PONTIFICIA UNIVERSIDAD CATOLICA DE VALPARAISO;TECNOLOGÍA;20;30;1;740.5;94.75;509;534.5;609;670.25;665.5;734.12;766.7;920
2026;14103;LICENCIATURA EN HISTORIA;PONTIFICIA UNIVERSIDAD CATOLICA DE VALPARAISO;CIENCIAS SOCIALES;35;27;0;540;90.63;498.5;533.9;540.5;624.04;609;697.75;755.9;813
2026;14104;INGENIERIA EN INFORMATICA;PONTIFICIA UNIVERSIDAD CATOLICA DE VALPARAISO;TECNOLOGÍA;80;100;1;660;79.15;574.5;632.55;674;729.18;715.75;797.62;833.7;935.5
2026;14105;INGENIERÍA CIVIL EN TRANSPORTE;PONTIFICIA UNIVERSIDAD CATOLICA DE VALPARAISO;TECNOLOGÍA;20;28;1;578;59.25;521;537.85;571.38;612.59;615;647.5;686.75;746.5
2026;14106;BACHILLERATO EN INGENIERÍA;PONTIFICIA UNIVERSIDAD CATOLICA DE VALPARAISO;TECNOLOGÍA;60;70;1;694;62;592;690.3;715;751.09;744;787.25;829.2;935
2026;14107;QUIMICA Y FARMACIA;PONTIFICIA UNIVERSIDAD CATOLICA DE VALPARAISO;SALUD;50;65;1;806;53.22;713;746.8;780;811.5;801.5;842.5;885.8;933
2026;14200;DESARROLLO DE VIDEOJUEGOS Y SIMULACION VIRTUAL;PONTIFICIA UNIVERSIDAD CATOLICA DE VALPARAISO;ARTE Y ARQUITECTURA;50;47;0;553.5;102.06;508;549.6;581.25;660.1;652;698.75;793.7;969
2026;14201;ADMINISTRACION PUBLICA;PONTIFICIA UNIVERSIDAD CATOLICA DE VALPARAISO;CIENCIAS SOCIALES;60;70;1;614;72.54;497;552.8;600.12;647.34;646.75;689.62;719.65;851
2026;14202;PUBLICIDAD;PONTIFICIA UNIVERSIDAD CATOLICA DE VALPARAISO;CIENCIAS SOCIALES;50;63;1;533.5;66.28;485.5;517.9;546;599.02;588.5;651.5;681.4;759
2026;14203;ANIMACIÓN DIGITAL;PONTIFICIA UNIVERSIDAD CATOLICA DE VALPARAISO;ARTE Y ARQUITECTURA;60;75;1;614;96.52;485.5;535.5;581.5;658.76;646.5;739;784;894.5
2026;14204;FOTOGRAFIA PROFESIONAL;PONTIFICIA UNIVERSIDAD CATOLICA DE VALPARAISO;ARTE Y ARQUITECTURA;30;22;0;511;64.99;477.5;501.45;509.5;575.5;590.25;614.38;659.85;694.5
2026;14205;PRODUCCION MUSICAL;PONTIFICIA UNIVERSIDAD CATOLICA DE VALPARAISO;ARTE Y ARQUITECTURA;35;45;1;553.5;80.27;511;552;588.5;647.64;634.5;698.5;754.2;844
2026;14206;ILUSTRACION;PONTIFICIA UNIVERSIDAD CATOLICA DE VALPARAISO;ARTE Y ARQUITECTURA;60;33;0;485;113.38;443;508.3;601;654.26;648.5;700.5;819.6;922
2026;15100;INGENIERIA CIVIL PLAN COMUN;UNIVERSIDAD TECNICA FEDERICO SANTA MARIA;TECNOLOGÍA;110;133;1;741.5;55.69;700.5;750.3;780.5;820.82;819;860;891.5;969
2026;15101;INGENIERIA CIVIL MATEMÁTICA;UNIVERSIDAD TECNICA FEDERICO SANTA MARIA;CIENCIAS BÁSICAS;25;28;1;824;56.31;752.5;781.85;812;851.55;853.75;884.38;923.95;969
2026;15102;LICENCIATURA EN FISICA;UNIVERSIDAD TECNICA FEDERICO SANTA MARIA;CIENCIAS BÁSICAS;15;17;1;752.5;70.24;603.5;667.2;700;743.62;746;793;825.6;885.5
2026;15103;LICENCIATURA EN ASTROFISICA;UNIVERSIDAD TECNICA FEDERICO SANTA MARIA;CIENCIAS BÁSICAS;25;30;1;639;72.02;639;686.5;731.88;783.3;787;832.88;875.75;920.5
2026;15110;CONSTRUCCION CIVIL;UNIVERSIDAD TECNICA FEDERICO SANTA MARIA;TECNOLOGÍA;35;46;1;780;68.88;578;607.5;639.5;691.68;682.5;744.25;787.25;817
2026;15111;INGENIERIA CIVIL;UNIVERSIDAD TECNICA FEDERICO SANTA MARIA;TECNOLOGÍA;60;72;1;709;58.82;691.5;734.1;759;803.75;807.5;841.12;881.8;930
2026;15130;INGENIERIA CIVIL ELECTRICA;UNIVERSIDAD TECNICA FEDERICO SANTA MARIA;TECNOLOGÍA;60;68;1;818;58.72;708;772.4;793;844.41;840.5;894.12;918.4;981.5
2026;15131;INGENIERIA CIVIL ELECTRONICA;UNIVERSIDAD TECNICA FEDERICO SANTA MARIA;TECNOLOGÍA;70;80;1;684.5;53.66;684.5;750.8;786.25;821.39;823.5;854.88;891.8;939
2026;15140;INGENIERIA CIVIL MECANICA;UNIVERSIDAD TECNICA FEDERICO SANTA MARIA;TECNOLOGÍA;70;81;1;806;55.62;750.5;781;824;860.25;860.5;899;935.5;981.5
2026;15141;INGENIERIA CIVIL METALURGICA;UNIVERSIDAD TECNICA FEDERICO SANTA MARIA;TECNOLOGÍA;40;52;1;854;56.61;707;743.05;768.25;815.71;816.75;861.12;877.9;932
2026;15150;INGENIERIA CIVIL QUIMICA;UNIVERSIDAD TECNICA FEDERICO SANTA MARIA;TECNOLOGÍA;40;45;1;773.5;57.43;724.5;763.3;788.5;834.09;840;876;896;956.5
2026;15151;INGENIERIA CIVIL AMBIENTAL;UNIVERSIDAD TECNICA FEDERICO SANTA MARIA;TECNOLOGÍA;30;34;1;758.5;65.66;625;673.8;694;744.74;743.75;774.62;822.6;935.5
2026;15160;INGENIERIA CIVIL INFORMATICA;UNIVERSIDAD TECNICA FEDERICO SANTA MARIA;TECNOLOGÍA;120;129;1;791;54.7;718;773.4;802.5;839.83;842.5;878;908;969
2026;15161;INGENIERIA CIVIL TELEMATICA;UNIVERSIDAD TECNICA FEDERICO SANTA MARIA;TECNOLOGÍA;35;41;1;700.5;64.75;658.5;700.5;720.5;766.3;761.5;816.5;844;945.5
2026;15170;INGENIERIA CIVIL INDUSTRIAL;UNIVERSIDAD TECNICA FEDERICO SANTA MARIA;TECNOLOGÍA;140;159;1;850;48.27;738;785.4;809.75;849.69;851.5;882.5;917.5;956.5
2026;15171;INGENIERIA COMERCIAL;UNIVERSIDAD TECNICA FEDERICO SANTA MARIA;ADMINISTRACIÓN Y COMERCIO;120;146;1;686;64.1;600.5;659.25;702.25;745.45;740.5;787.38;836.75;935
2026;15180;ARQUITECTURA;UNIVERSIDAD TECNICA FEDERICO SANTA MARIA;ARTE Y ARQUITECTURA;80;94;1;632.5;75.42;600.5;631.45;668.38;726.66;724.75;779.25;838;900.5
2026;15181;INGENIERIA EN DISEÑO DE PRODUCTOS;UNIVERSIDAD TECNICA FEDERICO SANTA MARIA;TECNOLOGÍA;20;24;1;622.5;69.72;598.5;635.85;677.62;724.52;714.25;757.62;821.45;854
2026;15184;INGENIERÍA CIVIL FÍSICA;UNIVERSIDAD TECNICA FEDERICO SANTA MARIA;TECNOLOGÍA;30;34;1;713;70.36;671;714.35;760;801.59;797;847.5;896.05;958
2026;15186;INGENIERÍA CIVIL EN BIOTECNOLOGÍA;UNIVERSIDAD TECNICA FEDERICO SANTA MARIA;TECNOLOGÍA;50;56;1;793.5;51.22;744.5;766.5;806.88;841.48;839.75;879.75;912;939
2026;15220;INGENIERIA EN AVIACION COMERCIAL;UNIVERSIDAD TECNICA FEDERICO SANTA MARIA;TECNOLOGÍA;40;60;1;708.5;62.89;619;706.15;739;774.27;766.5;816.62;859.6;904
2026;15270;INGENIERIA CIVIL INDUSTRIAL;UNIVERSIDAD TECNICA FEDERICO SANTA MARIA;TECNOLOGÍA;140;179;1;835;35.67;790;824.9;846;869.18;865.5;893.5;915.1;966
2026;15271;INGENIERIA COMERCIAL;UNIVERSIDAD TECNICA FEDERICO SANTA MARIA;ADMINISTRACIÓN Y COMERCIO;200;263;1;728;49.65;664.5;735.4;775.5;805.05;802.5;842.25;868.7;946
2026;15300;INGENIERIA CIVIL PLAN COMUN;UNIVERSIDAD TECNICA FEDERICO SANTA MARIA;TECNOLOGÍA;130;177;1;791;39.11;765;818;838.5;866.93;867.5;894.5;917.5;969
2026;15301;INGENIERIA CIVIL MATEMATICA;UNIVERSIDAD TECNICA FEDERICO SANTA MARIA;CIENCIAS BÁSICAS;35;42;1;797.5;45.57;770.5;797.6;826.12;858.45;859.5;889.88;904;958
2026;15302;LICENCIATURA EN FISICA;UNIVERSIDAD TECNICA FEDERICO SANTA MARIA;CIENCIAS BÁSICAS;15;19;1;755.5;49.03;735;753.3;776.5;814.92;815;853;879.3;885.5
2026;15303;LICENCIATURA EN ASTROFISICA;UNIVERSIDAD TECNICA FEDERICO SANTA MARIA;CIENCIAS BÁSICAS;30;43;1;741.5;53.92;727;752.6;781.5;824.41;825;859.5;877;994.5
2026;15311;INGENIERIA CIVIL;UNIVERSIDAD TECNICA FEDERICO SANTA MARIA;TECNOLOGÍA;75;104;1;885.5;40.16;753;795;823;848.56;852.5;877.62;898.4;948
2026;15312;INGENIERIA CIVIL DE MINAS;UNIVERSIDAD TECNICA FEDERICO SANTA MARIA;TECNOLOGÍA;100;127;1;847;41.54;746;797.4;820;848.46;846.5;880.25;904;948
2026;15330;INGENIERIA CIVIL ELECTRICA;UNIVERSIDAD TECNICA FEDERICO SANTA MARIA;TECNOLOGÍA;60;76;1;831.5;36.42;777;828.5;850;873.2;878;897;918;969
2026;15340;INGENIERIA CIVIL MECANICA;UNIVERSIDAD TECNICA FEDERICO SANTA MARIA;TECNOLOGÍA;75;91;1;860.5;36.69;793;818.5;840.25;863.79;859;883.25;908;981.5
2026;15350;INGENIERIA CIVIL QUIMICA;UNIVERSIDAD TECNICA FEDERICO SANTA MARIA;TECNOLOGÍA;50;57;1;860.5;36.99;795;818;841;865.85;862.5;891.5;917.5;956.5
2026;15360;INGENIERIA CIVIL INFORMATICA;UNIVERSIDAD TECNICA FEDERICO SANTA MARIA;TECNOLOGÍA;135;160;1;798.5;37.32;780;823.5;842.38;866.42;866;891.12;917.6;969
2026;15361;INGENIERIA CIVIL TELEMATICA;UNIVERSIDAD TECNICA FEDERICO SANTA MARIA;TECNOLOGÍA;60;77;1;860.5;42.8;736.5;769.7;804;830.23;835;857.5;870.2;953
2026;15380;ARQUITECTURA;UNIVERSIDAD TECNICA FEDERICO SANTA MARIA;ARTE Y ARQUITECTURA;70;88;1;801.5;56.15;665;687.3;720.88;763.27;764;799;840.85;913
2026;15381;INGENIERIA EN DISEÑO DE PRODUCTOS;UNIVERSIDAD TECNICA FEDERICO SANTA MARIA;TECNOLOGÍA;25;28;1;667;85.24;557;663.85;680;742.95;739.25;784.5;850.05;956.5
2026;15384;INGENIERÍA CIVIL FÍSICA;UNIVERSIDAD TECNICA FEDERICO SANTA MARIA;TECNOLOGÍA;35;40;1;812;44.52;731;800.95;814.75;843.89;836.75;863.12;895.45;969
2026;15440;INGENIERIA EN MANTENIMIENTO INDUSTRIAL;UNIVERSIDAD TECNICA FEDERICO SANTA MARIA;TECNOLOGÍA;35;48;1;646.5;78.91;539;575.7;619.5;672.67;667;722.62;785.3;866
2026;15441;INGENIERIA EN FABRICACION Y DISEÑO INDUSTRIAL;UNIVERSIDAD TECNICA FEDERICO SANTA MARIA;TECNOLOGÍA;20;31;1;568.5;72.68;545;567;590;661.76;666;723;756.5;785
2026;15462;INGENIERIA EN INFORMATICA;UNIVERSIDAD TECNICA FEDERICO SANTA MARIA;TECNOLOGÍA;70;85;1;588.5;66.92;588.5;630.2;661.5;710.57;700;765.5;799.9;871
2026;15474;INGENIERIA EN PREVENCION DE RIESGOS LABORALES Y AMBIENTALES;UNIVERSIDAD TECNICA FEDERICO SANTA MARIA;TECNOLOGÍA;15;23;1;554.5;67.72;531;555.6;573;622.54;613;653.25;700.6;788.5
2026;15485;INGENIERÍA EN BIOTECNOLOGÍA;UNIVERSIDAD TECNICA FEDERICO SANTA MARIA;TECNOLOGÍA;30;44;1;688.5;51.49;603;614.1;660.12;693.66;697.5;733.5;755.65;800.5
2026;15540;INGENIERIA EN MANTENIMIENTO INDUSTRIAL;UNIVERSIDAD TECNICA FEDERICO SANTA MARIA;TECNOLOGÍA;15;23;1;681;92.25;568.5;588.7;631.75;693.04;668.5;742.25;829.8;879
2026;15562;INGENIERIA EN INFORMATICA;UNIVERSIDAD TECNICA FEDERICO SANTA MARIA;TECNOLOGÍA;50;73;1;513.5;91.95;513.5;554.3;599;674.11;671;753.5;808.3;835
2026;15574;INGENIERIA EN PREVENCION DE RIESGOS LABORALES Y AMBIENTALES;UNIVERSIDAD TECNICA FEDERICO SANTA MARIA;TECNOLOGÍA;15;18;1;506.5;65.62;496.5;506.2;544.25;580.19;576.25;594.62;627.5;790
2026;15585;INGENIERÍA EN BIOTECNOLOGÍA;UNIVERSIDAD TECNICA FEDERICO SANTA MARIA;TECNOLOGÍA;15;21;1;699;77.98;580;640.5;661;726.45;725;776;841.5;858.5
2026;16001;INGENIERÍA CIVIL EN ELECTRICIDAD;UNIVERSIDAD DE SANTIAGO DE CHILE;TECNOLOGÍA;90;105;1;835.5;59.9;673;736;773;817.05;824;860.5;892.5;958
2026;16003;INGENIERÍA CIVIL INDUSTRIAL;UNIVERSIDAD DE SANTIAGO DE CHILE;TECNOLOGÍA;100;135;1;797;42.93;709;783.5;806.5;837.13;837;865.5;891.3;939
2026;16004;INGENIERÍA CIVIL EN INFORMÁTICA;UNIVERSIDAD DE SANTIAGO DE CHILE;TECNOLOGÍA;60;75;1;794.5;57.48;708;760.6;788.25;831.99;827.5;865.25;916.9;968
2026;16005;INGENIERÍA CIVIL EN MECÁNICA;UNIVERSIDAD DE SANTIAGO DE CHILE;TECNOLOGÍA;95;120;1;752.5;53.43;685;747.95;783.88;816.1;818;848.12;880.4;935.5
2026;16006;INGENIERÍA CIVIL EN METALURGIA;UNIVERSIDAD DE SANTIAGO DE CHILE;TECNOLOGÍA;50;65;1;836;64.19;647.5;695.4;741.5;784.91;782;834.5;865.3;920.5
2026;16007;INGENIERÍA CIVIL EN MINAS;UNIVERSIDAD DE SANTIAGO DE CHILE;TECNOLOGÍA;70;90;1;728.5;56.51;716.5;752.85;778.5;827.83;829;870.5;901.05;948
2026;16008;INGENIERÍA CIVIL EN OBRAS CIVILES;UNIVERSIDAD DE SANTIAGO DE CHILE;TECNOLOGÍA;90;115;1;752.5;72.8;571;682;730.75;780.05;790;825;879.1;926.5
2026;16009;INGENIERÍA CIVIL EN QUÍMICA;UNIVERSIDAD DE SANTIAGO DE CHILE;TECNOLOGÍA;75;95;1;740.5;63.73;610.5;695.7;734.5;776.25;787;820.25;854.8;911.5
2026;16011;INGENIERÍA DE EJECUCIÓN EN ELECTRICIDAD;UNIVERSIDAD DE SANTIAGO DE CHILE;TECNOLOGÍA;50;69;1;629;67.64;580;663.6;700.5;751.36;752.5;802.5;837.4;873.5
2026;16013;INGENIERÍA DE EJECUCIÓN INDUSTRIAL;UNIVERSIDAD DE SANTIAGO DE CHILE;TECNOLOGÍA;60;70;1;738;65.08;575;693.5;738.25;775.33;780.25;815.88;859.1;886.5
2026;16014;INGENIERÍA DE EJECUCIÓN EN COMPUTACIÓN E INFORMÁTICA;UNIVERSIDAD DE SANTIAGO DE CHILE;TECNOLOGÍA;45;55;1;801.5;65.86;643;702.8;740;792.15;791.5;839;878.3;897
2026;16015;INGENIERÍA DE EJECUCIÓN EN MECÁNICA;UNIVERSIDAD DE SANTIAGO DE CHILE;TECNOLOGÍA;50;62;1;700.5;80.77;531;661.05;708.25;750.72;762.75;800;843.55;898.5
2026;16016;INGENIERÍA DE EJECUCIÓN EN METALURGIA;UNIVERSIDAD DE SANTIAGO DE CHILE;TECNOLOGÍA;25;33;1;724.5;82.24;466;600.3;678.5;709.12;724.5;766.5;803.8;825
2026;16017;INGENIERÍA DE EJECUCIÓN EN MINAS;UNIVERSIDAD DE SANTIAGO DE CHILE;TECNOLOGÍA;52;64;1;659.5;70.53;588.5;647.55;684.12;733.31;728;772.5;830.1;889
2026;16019;INGENIERÍA DE EJECUCIÓN EN QUÍMICA;UNIVERSIDAD DE SANTIAGO DE CHILE;TECNOLOGÍA;35;55;1;636.5;77.37;540.5;621.3;669.25;718.04;702.5;789.5;817;867.5
2026;16021;INGENIERÍA DE EJECUCIÓN EN CLIMATIZACIÓN;UNIVERSIDAD DE SANTIAGO DE CHILE;TECNOLOGÍA;25;37;1;701.5;77.36;519;590.7;628.5;672.19;650.5;731.5;784.3;860.5
2026;16030;BACHILLERATO EN CIENCIAS Y HUMANIDADES;UNIVERSIDAD DE SANTIAGO DE CHILE;CIENCIAS BÁSICAS;150;210;1;568;72.12;568;678;719.88;771.16;772.75;823;865.65;948
2026;16034;ADMINISTRACIÓN PÚBLICA;UNIVERSIDAD DE SANTIAGO DE CHILE;CIENCIAS SOCIALES;90;150;1;578;64.12;521.5;639.3;672.5;709.22;709.75;742;788.6;909.5
2026;16035;INGENIERÍA COMERCIAL;UNIVERSIDAD DE SANTIAGO DE CHILE;ADMINISTRACIÓN Y COMERCIO;350;450;1;619;72.83;525.5;640.4;685.25;735.66;737.75;785.38;832.5;917.5
2026;16036;CONTADOR PÚBLICO Y AUDITOR (DIURNO);UNIVERSIDAD DE SANTIAGO DE CHILE;ADMINISTRACIÓN Y COMERCIO;230;270;1;585.5;77.57;526.5;614;647.12;707.8;711.25;765.38;806.05;919
2026;16038;CONTADOR PÚBLICO Y AUDITOR (VESPERTINO);UNIVERSIDAD DE SANTIAGO DE CHILE;ADMINISTRACIÓN Y COMERCIO;30;45;1;672;93.93;478.5;568.9;612;685.04;682;752;821.1;869
2026;16039;QUÍMICA Y FARMACIA;UNIVERSIDAD DE SANTIAGO DE CHILE;SALUD;65;90;1;801.5;37.08;749;791.45;809.88;839.26;838.5;872.88;888.1;904
2026;16040;TÉCNICO UNIVERSITARIO EN ANÁLISIS QUÍMICO Y FÍSICO;UNIVERSIDAD DE SANTIAGO DE CHILE;CIENCIAS BÁSICAS;20;25;1;608;60.28;553;580.4;599;651.52;654;690;724.9;800.5
2026;16041;BIOQUÍMICA;UNIVERSIDAD DE SANTIAGO DE CHILE;CIENCIAS BÁSICAS;35;55;1;721.5;51.84;706;743.5;782.75;812.37;815.5;847;885.1;912.5
2026;16042;INGENIERÍA FÍSICA;UNIVERSIDAD DE SANTIAGO DE CHILE;TECNOLOGÍA;45;61;1;744.5;75.18;612;654;698.5;744.22;738.5;793.5;841.5;913
2026;16043;PEDAGOGÍA EN QUÍMICA Y BIOLOGÍA;UNIVERSIDAD DE SANTIAGO DE CHILE;EDUCACIÓN;25;35;1;627.5;67.15;567;618.4;641;697.83;700;739;798.1;833.5
2026;16044;QUÍMICA;UNIVERSIDAD DE SANTIAGO DE CHILE;CIENCIAS BÁSICAS;25;35;1;754;56.61;607.5;661.8;686;723.19;717.5;749.5;790.4;865.5
2026;16045;PEDAGOGÍA EN MATEMÁTICA Y COMPUTACIÓN;UNIVERSIDAD DE SANTIAGO DE CHILE;EDUCACIÓN;30;47;1;600;77.71;578.5;600.6;643;696.39;687.5;736;799.7;930
2026;16046;ANALISTA EN COMPUTACIÓN CIENTÍFICA / LIC.EN CIENCIA DE LA COMPUTACIÓN;UNIVERSIDAD DE SANTIAGO DE CHILE;TECNOLOGÍA;42;62;1;720.5;67.45;558.5;632.7;676.25;720.1;727;765.75;808.85;860
2026;16047;INGENIERÍA MATEMÁTICA;UNIVERSIDAD DE SANTIAGO DE CHILE;CIENCIAS BÁSICAS;40;60;1;696.5;72.83;557.5;664;709.25;755.28;764.75;792.62;858.7;904
2026;16048;INGENIERÍA ESTADÍSTICA;UNIVERSIDAD DE SANTIAGO DE CHILE;CIENCIAS BÁSICAS;35;41;1;671.5;80.55;554.5;671.5;721.5;766.85;779;805;851;946.5
2026;16049;PEDAGOGÍA EN FÍSICA Y MATEMÁTICA;UNIVERSIDAD DE SANTIAGO DE CHILE;EDUCACIÓN;25;28;1;592.5;107.8;573.5;626.25;667.12;747.79;736.75;814;893.05;969
2026;16050;PEDAGOGÍA EN CASTELLANO;UNIVERSIDAD DE SANTIAGO DE CHILE;EDUCACIÓN;45;65;1;671;80.89;547.5;602.1;633;689.44;679.5;725;783.2;958
2026;16051;PEDAGOGÍA EN HISTORIA Y CIENCIAS SOCIALES;UNIVERSIDAD DE SANTIAGO DE CHILE;EDUCACIÓN;45;65;1;648.5;67.5;524;592.4;624;675.31;665.5;731.5;759.2;814
2026;16052;PEDAGOGÍA EN INGLÉS;UNIVERSIDAD DE SANTIAGO DE CHILE;EDUCACIÓN;40;60;1;640.5;68.34;547;612.2;653;698.34;692.5;749.5;775.2;834.5
2026;16053;PEDAGOGÍA EN FILOSOFÍA;UNIVERSIDAD DE SANTIAGO DE CHILE;EDUCACIÓN;20;27;1;632.5;71.37;546;579.2;602.75;650.28;633;690.25;742.4;839.5
2026;16054;LICENCIATURA EN LING.  APLIC. A LA TRAD. INGLÉS - JAPONÉS E INGLÉS PORTUG.;UNIVERSIDAD DE SANTIAGO DE CHILE;HUMANIDADES;45;60;1;689.5;77.89;549;623.2;682.38;726.7;726.5;782.25;813.6;896
2026;16055;PERIODISMO;UNIVERSIDAD DE SANTIAGO DE CHILE;CIENCIAS SOCIALES;60;90;1;615.5;69.95;535.5;587.9;633.62;677.1;678;731;760.15;879.5
2026;16056;PEDAGOGÍA EN EDUCACIÓN GENERAL BÁSICA;UNIVERSIDAD DE SANTIAGO DE CHILE;EDUCACIÓN;40;50;1;551;81.34;483.5;550.1;592;649.37;643.25;696.12;738.4;888
2026;16057;LICENCIATURA EN ESTUDIOS INTERNACIONALES;UNIVERSIDAD DE SANTIAGO DE CHILE;CIENCIAS SOCIALES;45;55;1;680.5;61.53;634.5;678.7;712.75;749.29;746;780.5;818.9;969
2026;16058;LICENCIATURA EN HISTORIA;UNIVERSIDAD DE SANTIAGO DE CHILE;CIENCIAS SOCIALES;30;45;1;637;68.17;500.5;541.3;603;641.14;632.5;680;725.4;810.5
2026;16060;PSICOLOGÍA;UNIVERSIDAD DE SANTIAGO DE CHILE;CIENCIAS SOCIALES;70;95;1;692.5;62.6;607.5;691.3;724.25;772.37;779.5;812.25;858.7;922
2026;16066;PUBLICIDAD;UNIVERSIDAD DE SANTIAGO DE CHILE;CIENCIAS SOCIALES;45;75;1;653;76.27;490.5;547.2;601.5;649.13;653;703;754.5;821.5
2026;16067;INGENIERÍA DE ALIMENTOS;UNIVERSIDAD DE SANTIAGO DE CHILE;TECNOLOGÍA;35;50;1;588;84.44;493;542.4;586.88;641.77;626.25;690.12;740.1;852.5
2026;16068;INGENIERÍA EN AGRONEGOCIOS;UNIVERSIDAD DE SANTIAGO DE CHILE;ADMINISTRACIÓN Y COMERCIO;25;40;1;512.5;77.37;485;536.9;603.38;645.02;649.75;685.12;738.2;837
2026;16070;ARQUITECTURA;UNIVERSIDAD DE SANTIAGO DE CHILE;ARTE Y ARQUITECTURA;90;110;1;560;75.19;537.5;610.5;659;706.61;710;744.88;817.3;917
2026;16081;TECNOLOGÍA EN ALIMENTOS;UNIVERSIDAD DE SANTIAGO DE CHILE;TECNOLOGÍA;20;25;1;585.5;86.78;488;513.9;539.5;608.54;588.5;647;756.7;774.5
2026;16082;TECNOLOGÍA EN CONSTRUCCIONES;UNIVERSIDAD DE SANTIAGO DE CHILE;TECNOLOGÍA;25;34;1;491.5;82.13;489.5;511.5;527.12;604.01;602.25;639.25;699.9;823.5
2026;16085;TECNOLOGÍA EN AUTOMATIZACIÓN INDUSTRIAL;UNIVERSIDAD DE SANTIAGO DE CHILE;TECNOLOGÍA;40;55;1;579;93.33;489.5;549.3;613;673.11;670;742.75;794.3;869.5
2026;16086;TECNOLOGÍA EN MANTENIMIENTO INDUSTRIAL;UNIVERSIDAD DE SANTIAGO DE CHILE;TECNOLOGÍA;25;35;1;630;83.49;509;528.2;569.5;623.01;618.5;660.5;705.4;878
2026;16089;TECNOLOGÍA EN TELECOMUNICACIONES;UNIVERSIDAD DE SANTIAGO DE CHILE;TECNOLOGÍA;30;45;1;546;89.23;486;533.4;578.5;646.09;636;695;792.1;804
2026;16091;MEDICINA;UNIVERSIDAD DE SANTIAGO DE CHILE;SALUD;40;46;1;926.5;20.43;884.5;909.5;927;937.87;939.25;946.5;956.75;994.5
2026;16092;ENFERMERÍA;UNIVERSIDAD DE SANTIAGO DE CHILE;SALUD;40;45;1;785.5;48.29;680.5;717;739.5;773.79;772;800.5;821.7;916.5
2026;16093;OBSTETRICIA Y PUERICULTURA;UNIVERSIDAD DE SANTIAGO DE CHILE;SALUD;30;35;1;694.5;56.62;666;691.4;711.75;757.53;752.5;802.25;842.2;865
2026;16095;PEDAGOGÍA EN EDUCACIÓN FÍSICA;UNIVERSIDAD DE SANTIAGO DE CHILE;EDUCACIÓN;45;67;1;592;60.19;485;557;594.25;638.53;648.5;680.25;696;766
2026;16096;LICENCIATURA EN CS DE LA ACTIVIDAD FÍSICA / TERAPEUTA EN ACT FÍSICA Y SALUD;UNIVERSIDAD DE SANTIAGO DE CHILE;EDUCACIÓN;35;40;1;549.5;70.78;489.5;520.35;572.88;620.79;623;667.5;710.95;775.5
2026;16097;LICENCIATURA EN CIENCIAS DE LA ACTIVIDAD FÍSICA / ENTRENADOR DEPORTIVO;UNIVERSIDAD DE SANTIAGO DE CHILE;EDUCACIÓN;40;50;1;658;80.4;497;576;635.75;682.06;683.5;730.12;782.05;854
2026;16098;KINESIOLOGÍA;UNIVERSIDAD DE SANTIAGO DE CHILE;SALUD;45;60;1;664.5;54.78;568;646.65;684.88;719.52;723.75;753.12;790.1;854
2026;16099;TERAPIA OCUPACIONAL;UNIVERSIDAD DE SANTIAGO DE CHILE;SALUD;40;50;1;624.5;72.31;516;566.5;610.88;657.74;650.5;699;758.8;817
2026;16100;DERECHO;UNIVERSIDAD DE SANTIAGO DE CHILE;DERECHO;200;230;1;732;62.05;528;647;682;726.7;727.5;774.38;808.1;902.5
2026;16101;INGENIERÍA CIVIL BIOMÉDICA;UNIVERSIDAD DE SANTIAGO DE CHILE;TECNOLOGÍA;55;85;1;708.5;60.05;680;720.6;751.5;796.91;796;835;876.3;969
2026;16102;INGENIERÍA CIVIL EN TELEMÁTICA;UNIVERSIDAD DE SANTIAGO DE CHILE;TECNOLOGÍA;45;57;1;733;71.54;568;646.2;682;733.94;731;772.5;818.1;911
2026;16103;INGENIERÍA CIVIL MECATRÓNICA;UNIVERSIDAD DE SANTIAGO DE CHILE;TECNOLOGÍA;95;120;1;647;70.46;599;707.9;757.62;799.16;800.5;852.5;885.75;948
2026;16104;INGENIERÍA CIVIL EN BIOTECNOLOGÍA;UNIVERSIDAD DE SANTIAGO DE CHILE;TECNOLOGÍA;55;85;1;751.5;67.12;641.5;706.2;733.5;787.03;787;841.5;878.3;909.5
2026;16105;INGENIERÍA CIVIL EN AMBIENTE;UNIVERSIDAD DE SANTIAGO DE CHILE;TECNOLOGÍA;40;50;1;582.5;80.43;567;631.8;671.5;726.57;732.75;773.5;818.85;930
2026;16106;DISEÑO EN COMUNICACIÓN VISUAL;UNIVERSIDAD DE SANTIAGO DE CHILE;ARTE Y ARQUITECTURA;40;55;1;653;64.37;539.5;583.5;620.75;662.16;655.5;706.75;741.1;826.5
2026;16107;INGENIERÍA CIVIL EN GEOMENSURA Y GEOMÁTICA;UNIVERSIDAD DE SANTIAGO DE CHILE;CIENCIAS BÁSICAS;30;45;1;719;83.22;585;641.1;686.5;745.99;743.5;788.5;870.5;905.5
2026;16108;ASTROFÍSICA CON MENCIÓN EN CIENCIA DE DATOS;UNIVERSIDAD DE SANTIAGO DE CHILE;CIENCIAS BÁSICAS;25;30;1;717.5;69.18;638;716.55;767.88;808.53;819.75;860.25;884.85;930
2026;16109;DISEÑO INDUSTRIAL;UNIVERSIDAD DE SANTIAGO DE CHILE;TECNOLOGÍA;50;65;1;606;66.22;550.5;590;614;663.72;652.5;702;749.5;839.5
2026;16110;ANÁLISIS Y GESTIÓN DE PROCESOS PRODUCTIVOS;UNIVERSIDAD DE SANTIAGO DE CHILE;TECNOLOGÍA;35;50;1;500.5;81.91;491;502.75;568.62;620.82;612.5;661.25;727.5;837.5
2026;16111;INGENIERÍA CIVIL EN TERRITORIO Y MEDIOAMBIENTE;UNIVERSIDAD DE SANTIAGO DE CHILE;TECNOLOGÍA;25;35;1;607.5;86.8;513;579.9;639;694.64;700;756.75;810.5;860
2026;16112;GESTIÓN DE PERSONAS;UNIVERSIDAD DE SANTIAGO DE CHILE;ADMINISTRACIÓN Y COMERCIO;40;55;1;585.5;70.88;499.5;539.3;590;634.79;639.5;684;737.5;826.5
2026;17000;AGRONOMÍA (VALDIVIA);UNIVERSIDAD AUSTRAL DE CHILE;AGROPECUARIA;100;130;1;508;82.74;444;509;539.12;602.8;588.5;655.25;720.7;837
2026;17001;BIOLOGÍA MARINA (VALDIVIA);UNIVERSIDAD AUSTRAL DE CHILE;CIENCIAS BÁSICAS;50;65;1;612.5;93.61;481;547.8;599.5;665.54;654.5;731;778.1;860
2026;17002;BIOQUÍMICA (VALDIVIA);UNIVERSIDAD AUSTRAL DE CHILE;CIENCIAS BÁSICAS;50;70;1;553.5;87.21;540;610.5;654.62;718.83;715.75;787;825.15;894.5
2026;17003;AUDITORÍA (VALDIVIA);UNIVERSIDAD AUSTRAL DE CHILE;ADMINISTRACIÓN Y COMERCIO;50;65;1;494;78.47;489;523.8;549;617.76;614.5;678.5;728.4;783.5
2026;17004;INGENIERÍA CIVIL EN OBRAS CIVILES (VALDIVIA);UNIVERSIDAD AUSTRAL DE CHILE;TECNOLOGÍA;70;76;1;618.5;83.73;501;566.5;618.38;679.77;681;736.12;799.25;869.5
2026;17005;ENFERMERÍA (VALDIVIA);UNIVERSIDAD AUSTRAL DE CHILE;SALUD;60;80;1;619;82.45;489.5;592.15;646.62;693.61;689;755;803.25;878.5
2026;17008;INGENIERIA CIVIL EN INFORMÁTICA (VALDIVIA);UNIVERSIDAD AUSTRAL DE CHILE;TECNOLOGÍA;80;100;1;694;82.43;515;607.1;644.38;702.72;692;753.25;817.9;934
2026;17009;INGENIERÍA COMERCIAL (VALDIVIA);UNIVERSIDAD AUSTRAL DE CHILE;ADMINISTRACIÓN Y COMERCIO;100;130;1;644.5;86.56;510;559.15;604.5;664.42;655.25;707.75;776.5;939
2026;17013;MEDICINA: CAMPO CLÍNICO VALDIVIA;UNIVERSIDAD AUSTRAL DE CHILE;SALUD;46;53;1;900;21.32;878.5;895.6;911.5;925.42;925.5;943;952.2;969
2026;17014;MEDICINA VETERINARIA (VALDIVIA);UNIVERSIDAD AUSTRAL DE CHILE;AGROPECUARIA;100;125;1;549.5;83.81;549.5;632.5;671;737.72;732;800.5;849.4;956.5
2026;17015;OBSTETRICIA Y PUERICULTURA (VALDIVIA);UNIVERSIDAD AUSTRAL DE CHILE;SALUD;45;55;1;564.5;72.32;560.5;602.4;636.25;686.32;679;728.75;778.6;919.5
2026;17028;TECNOLOGÍA MÉDICA (VALDIVIA);UNIVERSIDAD AUSTRAL DE CHILE;SALUD;57;75;1;734;69.5;599;627;665.75;716.07;700.5;763.25;801.9;902.5
2026;17029;ANTROPOLOGÍA (VALDIVIA);UNIVERSIDAD AUSTRAL DE CHILE;CIENCIAS SOCIALES;40;38;0;517.5;72.98;487;517.35;538.25;599.66;595.5;644.38;683.7;780
2026;17030;INGENIERÍA CIVIL ACÚSTICA (VALDIVIA);UNIVERSIDAD AUSTRAL DE CHILE;TECNOLOGÍA;20;22;1;522;94.43;522;568.05;642.25;705.64;708.75;760.62;833;860.5
2026;17031;MEDICINA: CAMPO CLÍNICO OSORNO;UNIVERSIDAD AUSTRAL DE CHILE;SALUD;19;23;1;913;28.9;852.5;862.4;885.5;906.76;912.5;928.5;936.6;958
2026;17032;TERAPIA OCUPACIONAL (VALDIVIA);UNIVERSIDAD AUSTRAL DE CHILE;SALUD;52;67;1;593;69.18;504;545;562.75;618.99;606;665.25;706.3;840.5
2026;17033;ARQUITECTURA (VALDIVIA);UNIVERSIDAD AUSTRAL DE CHILE;ARTE Y ARQUITECTURA;80;100;1;673.5;86.34;516.5;560.45;606.25;674.23;675.25;739;775.55;919.5
2026;17034;QUÍMICA Y FARMACIA (VALDIVIA);UNIVERSIDAD AUSTRAL DE CHILE;SALUD;90;110;1;675;65.14;625;688.4;731.62;777.27;780.25;825.5;860.2;937
2026;17036;INGENIERÍA CIVIL ELECTRÓNICA (VALDIVIA);UNIVERSIDAD AUSTRAL DE CHILE;TECNOLOGÍA;52;48;0;506.5;116.87;500;561;594.62;697.12;706;811.62;847;904
2026;17037;INGENIERÍA EN CONSTRUCCIÓN (VALDIVIA);UNIVERSIDAD AUSTRAL DE CHILE;TECNOLOGÍA;67;27;0;496;84.53;486;514.3;547.25;610.74;587;675;724.3;794.5
2026;17040;INGENIERÍA NAVAL (VALDIVIA);UNIVERSIDAD AUSTRAL DE CHILE;TECNOLOGÍA;55;60;1;543.5;110.4;486.5;527.35;570.75;666.34;677.75;733;804.05;919
2026;17052;INGENIERÍA CIVIL INDUSTRIAL (PUERTO MONTT);UNIVERSIDAD AUSTRAL DE CHILE;TECNOLOGÍA;80;100;1;646.5;78.99;539.5;633.4;666.12;729.46;736;792.25;835;888
2026;17053;INGENIERÍA EN ALIMENTOS (VALDIVIA);UNIVERSIDAD AUSTRAL DE CHILE;TECNOLOGÍA;20;13;0;513.5;119.48;513.5;520.6;528.5;663.81;700;766;796.4;844
2026;17054;ADMINISTRACIÓN DE EMPRESAS DE TURISMO (VALDIVIA);UNIVERSIDAD AUSTRAL DE CHILE;ADMINISTRACIÓN Y COMERCIO;45;37;0;503;79.8;485;493;508.5;582.34;553;643.5;691.6;774.5
2026;17056;PERIODISMO (VALDIVIA);UNIVERSIDAD AUSTRAL DE CHILE;CIENCIAS SOCIALES;42;55;1;498;92.48;487.5;511.8;537.5;615.68;592.5;671.75;742.7;861.5
2026;17065;LICENCIATURA EN ARTES VISUALES (VALDIVIA);UNIVERSIDAD AUSTRAL DE CHILE;ARTE Y ARQUITECTURA;40;35;0;614.5;79.71;508;529.4;555.25;617.37;607.5;664.25;737;817
2026;17074;PEDAGOGÍA EN EDUCACIÓN FÍSICA, DEPORTES Y RECREACIÓN, (VALDIVIA);UNIVERSIDAD AUSTRAL DE CHILE;EDUCACIÓN;55;68;1;593;61.62;525.5;549.5;569.88;614.46;592.5;653.25;723.3;767
2026;17076;KINESIOLOGÍA (VALDIVIA);UNIVERSIDAD AUSTRAL DE CHILE;SALUD;57;77;1;606.5;82.99;501;574.9;599;663.38;653;710.5;769.2;909.5
2026;17077;PEDAGOGÍA EN HISTORIA Y CIENCIAS SOCIALES (VALDIVIA);UNIVERSIDAD AUSTRAL DE CHILE;EDUCACIÓN;38;38;1;546.5;83.46;490.5;553.35;571.5;623.58;599;644.5;730.7;946
2026;17078;INGENIERÍA COMERCIAL (PUERTO MONTT);UNIVERSIDAD AUSTRAL DE CHILE;ADMINISTRACIÓN Y COMERCIO;75;95;1;587;80.63;418;547.2;586.25;637.89;634.5;686;740.1;851.5
2026;17079;INGENIERÍA CIVIL MECÁNICA (VALDIVIA);UNIVERSIDAD AUSTRAL DE CHILE;TECNOLOGÍA;50;61;1;541.5;95.69;522;556;624.5;687.23;666.5;765;811;920.5
2026;17082;DERECHO (VALDIVIA);UNIVERSIDAD AUSTRAL DE CHILE;DERECHO;120;145;1;795;68.88;554;625.4;662;711.86;713.5;758;797;869
2026;17084;PEDAGOGÍA EN LENGUAJE Y COMUNICACIÓN (VALDIVIA);UNIVERSIDAD AUSTRAL DE CHILE;EDUCACIÓN;45;38;0;589;88.88;429;559.4;589;636.93;630;664.5;725.2;891.5
2026;17085;PEDAGOGÍA EN COMUNICACIÓN EN LENGUA INGLESA (VALDIVIA);UNIVERSIDAD AUSTRAL DE CHILE;EDUCACIÓN;50;39;0;553;78.25;515;551.7;581.25;646.27;632.5;692.25;729.6;833.5
2026;17086;TECNOLOGÍA MÉDICA (PUERTO MONTT);UNIVERSIDAD AUSTRAL DE CHILE;SALUD;65;72;1;571.5;76.52;478.5;516.7;535.25;594.15;583.5;632.12;699.65;842
2026;17087;FONOAUDIOLOGIA (PUERTO MONTT);UNIVERSIDAD AUSTRAL DE CHILE;SALUD;50;19;0;525;70.5;485.5;496;503;552.79;525;581;645.2;742.5
2026;17088;PSICOLOGÍA (PUERTO MONTT);UNIVERSIDAD AUSTRAL DE CHILE;CIENCIAS SOCIALES;70;90;1;551;85.95;504;551;603.88;658.46;646.5;712.38;752.5;930.5
2026;17089;ODONTOLOGÍA (VALDIVIA);UNIVERSIDAD AUSTRAL DE CHILE;SALUD;66;86;1;677;70.32;539;609.25;641;690.67;681;739.5;782.75;891.5
2026;17807;INGENIERÍA PLAN COMÚN (VALDIVIA);UNIVERSIDAD AUSTRAL DE CHILE;TECNOLOGÍA;42;36;0;603;88.74;486;584.75;621;683.57;665.25;735.88;815.75;866.5
2026;17808;PEDAGOGÍA EN EDUCACIÓN DIFERENCIAL CON MENCIÓN (PUERTO MONTT);UNIVERSIDAD AUSTRAL DE CHILE;EDUCACIÓN;40;24;0;549;70.43;472;522.2;548.38;601.4;612.25;646.88;675.05;759
2026;17811;PEDAGOGÍA EN MATEMÁTICAS (PUERTO MONTT);UNIVERSIDAD AUSTRAL DE CHILE;EDUCACIÓN;25;14;0;571;84.55;561.5;564.2;576.38;658.96;643;736.62;768.15;781.5
2026;17814;GEOGRAFÍA (VALDIVIA);UNIVERSIDAD AUSTRAL DE CHILE;CIENCIAS SOCIALES;25;15;0;504;85.36;504;550.7;586.5;642.17;636.5;674.75;766.8;805.5
2026;17815;ING EN INFORMACIÓN Y CONTROL DE GESTIÓN (PUERTO MONTT);UNIVERSIDAD AUSTRAL DE CHILE;ADMINISTRACIÓN Y COMERCIO;45;57;1;520;78;488.5;516.4;541.5;601.07;589;653.5;699.1;806
2026;17816;LICENCIATURA EN CIENCIAS CON MENCIÓN (VALDIVIA);UNIVERSIDAD AUSTRAL DE CHILE;CIENCIAS BÁSICAS;15;10;0;607.5;129.7;581.5;604.9;613.12;711.55;647;807.12;905.65;920.5
2026;17821;GEOLOGÍA (VALDIVIA);UNIVERSIDAD AUSTRAL DE CHILE;CIENCIAS BÁSICAS;50;70;1;575;79.15;536;592.5;605.5;677.11;673;730.12;780.95;930
2026;17822;INGENIERÍA CIVIL INDUSTRIAL (VALDIVIA);UNIVERSIDAD AUSTRAL DE CHILE;TECNOLOGÍA;70;85;1;707;60.52;658.5;693.5;746.5;783.36;786.5;820;861.1;955.5
2026;17823;PEDAGOGÍA EN EDUCACIÓN BÁSICA CON MENCIONES (PUERTO MONTT);UNIVERSIDAD AUSTRAL DE CHILE;EDUCACIÓN;35;36;1;578;77.24;516.5;551;570.25;628.56;614.5;661.5;727.5;851.5
2026;17825;ENFERMERÍA (PUERTO MONTT);UNIVERSIDAD AUSTRAL DE CHILE;SALUD;50;72;1;575;81.41;505.5;536.3;569.75;633.07;619.75;692.88;741.7;851
2026;17826;PSICOLOGÍA (VALDIVIA);UNIVERSIDAD AUSTRAL DE CHILE;CIENCIAS SOCIALES;57;66;1;582;65.83;573;616.75;649.25;691.74;687.75;732.25;770.5;861.5
2026;17827;INGENIERIA EN CONSERVACIÓN DE RECURSOS NATURALES - INGENIERÍA FORESTAL (VALDIVIA);UNIVERSIDAD AUSTRAL DE CHILE;TECNOLOGÍA;60;21;0;633.5;104.38;490.5;554.5;575;650.83;634.5;700;794.5;922
2026;17831;ADMINISTRACIÓN PUBLICA (PUERTO MONTT);UNIVERSIDAD AUSTRAL DE CHILE;CIENCIAS SOCIALES;45;60;1;517;85.63;486;515.3;533;605.55;590.5;654;704.35;860.5
2026;17832;TERAPIA OCUPACIONAL (PUERTO MONTT);UNIVERSIDAD AUSTRAL DE CHILE;SALUD;45;45;1;515;62.19;502;514.7;528.5;572.91;556;593;661.9;761
2026;17833;ARTES MUSICALES Y SONORAS (VALDIVIA);UNIVERSIDAD AUSTRAL DE CHILE;ARTE Y ARQUITECTURA;30;23;0;485.5;84.93;485.5;528;620;657.09;674.5;711;760.7;793.5
2026;17834;DISEÑO (VALDIVIA);UNIVERSIDAD AUSTRAL DE CHILE;ARTE Y ARQUITECTURA;45;50;1;522.5;76.85;487;516.8;546.25;600.47;586.5;628.25;721.75;823.5
2026;17835;DERECHO (PUERTO MONTT);UNIVERSIDAD AUSTRAL DE CHILE;DERECHO;45;65;1;718.5;78.72;551;603.5;638.5;696.65;681.5;750.5;799.5;926.5
2026;17836;CREACIÓN AUDIOVISUAL (VALDIVIA);UNIVERSIDAD AUSTRAL DE CHILE;ARTE Y ARQUITECTURA;30;45;1;532;78.72;486.5;520.9;554;612.86;604;654;713.6;879
2026;17837;ARQUEOLOGÍA (PUERTO MONTT);UNIVERSIDAD AUSTRAL DE CHILE;CIENCIAS SOCIALES;40;36;0;497.5;80.06;497.5;533;594.75;644.01;642;691.38;758;799
2026;17838;ADMINISTRACIÓN PÚBLICA (VALDIVIA);UNIVERSIDAD AUSTRAL DE CHILE;CIENCIAS SOCIALES;55;74;1;630.5;70.38;498.5;563.45;588.12;638.66;632.25;679;717.2;880.5
2026;17839;INGENIERÍA AMBIENTAL (PUERTO MONTT);UNIVERSIDAD AUSTRAL DE CHILE;TECNOLOGÍA;35;15;0;567;104.87;496.5;543.7;567;649.33;624;742.25;788.3;837
2026;17840;PEDAGOGÍA EN EDUCACIÓN PARVULARIA (PUERTO MONTT);UNIVERSIDAD AUSTRAL DE CHILE;EDUCACIÓN;30;33;1;600;66.3;439.5;558.8;568;606.42;589;638.5;683.1;825
2026;17841;TRABAJO SOCIAL (PUERTO MONTT);UNIVERSIDAD AUSTRAL DE CHILE;CIENCIAS SOCIALES;40;29;0;504;85.48;487.5;491.1;504;575.12;542.5;647.5;705;740
2026;17842;PEDAGOGÍA EN EDUCACIÓN PARVULARIA (VALDIVIA);UNIVERSIDAD AUSTRAL DE CHILE;EDUCACIÓN;42;43;1;551;64.01;503;547;560.5;598.34;573.5;616.5;711.7;759
2026;17843;QUÍMICA (VALDIVIA);UNIVERSIDAD AUSTRAL DE CHILE;CIENCIAS BÁSICAS;20;27;1;586.5;94.08;518.5;573.6;586.25;650.57;626;666.25;817.7;898.5
2026;17844;BIOLOGÍA (VALDIVIA);UNIVERSIDAD AUSTRAL DE CHILE;CIENCIAS BÁSICAS;50;61;1;553;85;526.5;561.5;596;661.18;651;706.5;794.5;893.5
2026;18039;PERIODISMO;UNIVERSIDAD CATOLICA DEL NORTE;CIENCIAS SOCIALES;40;39;0;482;92.11;471.5;485;529.25;593.96;582;653.25;701.8;834.5
2026;18040;ARQUITECTURA;UNIVERSIDAD CATOLICA DEL NORTE;ARTE Y ARQUITECTURA;65;85;1;633;74.71;478.5;556.8;589;647.28;650.5;700.5;736.9;839.5
2026;18041;INGENIERIA EN CONSTRUCCION;UNIVERSIDAD CATOLICA DEL NORTE;TECNOLOGÍA;15;24;1;700.5;87.78;459.5;472.75;524.88;573.21;554.25;611.38;692.25;819
2026;18046;INGENIERIA COMERCIAL;UNIVERSIDAD CATOLICA DEL NORTE;ADMINISTRACIÓN Y COMERCIO;90;115;1;600;89.18;493;546.8;601.5;654.75;636.5;698;747.7;946.5
2026;18054;GEOLOGIA;UNIVERSIDAD CATOLICA DEL NORTE;CIENCIAS BÁSICAS;55;60;1;720.5;88.92;542.5;592.5;624.12;695.65;692.25;762.62;815.65;958
2026;18055;INGENIERÍA CIVIL PLAN COMÚN;UNIVERSIDAD CATOLICA DEL NORTE;TECNOLOGÍA;40;60;1;564.5;73.92;538;580.05;629.88;674.42;674.75;724.5;777.45;880
2026;18056;CONTADOR AUDITOR - CONTADOR PUBLICO (DIURNO);UNIVERSIDAD CATOLICA DEL NORTE;ADMINISTRACIÓN Y COMERCIO;35;53;1;463;80.12;463;495.5;520.5;591.41;587;647.5;708.4;746
2026;18057;INGENIERIA EN COMPUTACION E INFORMATICA;UNIVERSIDAD CATOLICA DEL NORTE;TECNOLOGÍA;40;60;1;573;82.61;464.5;520.95;574.5;626.88;611.5;688.12;759.1;802.5
2026;18058;INGENIERIA EN METALURGIA;UNIVERSIDAD CATOLICA DEL NORTE;TECNOLOGÍA;20;35;1;653;71.89;481.5;526.5;535.5;602.23;582;650.25;713.5;743
2026;18060;DERECHO;UNIVERSIDAD CATOLICA DEL NORTE;DERECHO;90;105;1;560.5;80.63;501;585.6;633;693.64;696;745;790;900.5
2026;18061;PSICOLOGIA;UNIVERSIDAD CATOLICA DEL NORTE;CIENCIAS SOCIALES;70;85;1;645.5;76.27;535.5;589.5;625;671.65;652.5;705;780.5;908
2026;18062;INGENIERIA CIVIL INDUSTRIAL;UNIVERSIDAD CATOLICA DEL NORTE;TECNOLOGÍA;80;90;1;693;60.89;632.5;692.75;733.5;772.67;774.75;823.38;847.4;900.5
2026;18063;QUIMICA Y FARMACIA;UNIVERSIDAD CATOLICA DEL NORTE;SALUD;65;75;1;783;66.66;589.5;652.9;685.5;728.21;719.5;767.5;820.1;922
2026;18064;LICENCIATURA EN FISICA CON MENCION EN ASTRONOMIA;UNIVERSIDAD CATOLICA DEL NORTE;CIENCIAS BÁSICAS;35;22;0;556.5;114.38;486;559.3;608.38;692.34;683;752.62;862.05;897
2026;18065;INGENIERIA CIVIL AMBIENTAL;UNIVERSIDAD CATOLICA DEL NORTE;TECNOLOGÍA;25;40;1;617.5;70.84;499.5;579.05;595.75;638.29;618;668.12;721.25;870.5
2026;18066;PEDAGOGIA EN INGLES;UNIVERSIDAD CATOLICA DEL NORTE;EDUCACIÓN;45;58;1;567.5;72.38;480.5;546.5;571.5;621.44;611.5;663.25;696.35;872.5
2026;18067;INGENIERIA CIVIL;UNIVERSIDAD CATOLICA DEL NORTE;TECNOLOGÍA;40;55;1;575;86.3;488.5;550.1;589.5;664.15;681.5;729.5;768.9;842.5
2026;18068;INGENIERIA CIVIL EN COMPUTACION E INFORMATICA;UNIVERSIDAD CATOLICA DEL NORTE;TECNOLOGÍA;90;110;1;633;105.95;400;550.1;605.25;681.16;689;750.12;822.1;961.5
2026;18069;INGENIERIA CIVIL METALURGICA;UNIVERSIDAD CATOLICA DEL NORTE;TECNOLOGÍA;50;70;1;715;72.73;550.5;635.65;650;709.24;702.75;754.25;800.3;870
2026;18070;INGENIERIA CIVIL QUIMICA;UNIVERSIDAD CATOLICA DEL NORTE;TECNOLOGÍA;30;45;1;646.5;108.31;533.5;583.5;656.5;724.26;704.5;802.5;859.7;935
2026;18071;INGENIERIA EN INFORMACION Y CONTROL DE GESTION;UNIVERSIDAD CATOLICA DEL NORTE;ADMINISTRACIÓN Y COMERCIO;35;50;1;634;90.15;478.5;539.45;585.5;653.27;653.5;713.12;761.5;891.5
2026;18072;INGENIERIA CIVIL DE MINAS;UNIVERSIDAD CATOLICA DEL NORTE;TECNOLOGÍA;60;78;1;661;56.83;625;683.2;713.62;753.03;755.75;793.62;825.75;880
2026;18073;PEDAGOGIA EN EDUCACION BASICA CON ESPECIALIZACION;UNIVERSIDAD CATOLICA DEL NORTE;EDUCACIÓN;30;27;0;624;66.44;524;559.2;589;636.09;626;670.75;732.8;770
2026;18074;LICENCIATURA EN MATEMÁTICA;UNIVERSIDAD CATOLICA DEL NORTE;CIENCIAS BÁSICAS;5;6;1;634;128.4;588.5;588.5;599.88;695.25;639.25;794.88;858;871
2026;18075;PEDAGOGIA EN MATEMATICA EN EDUCACION MEDIA;UNIVERSIDAD CATOLICA DEL NORTE;EDUCACIÓN;17;17;1;601;107.08;567.5;580;596.5;678.09;626;781;812.6;899
2026;18077;ANALISTA QUIMICO;UNIVERSIDAD CATOLICA DEL NORTE;CIENCIAS BÁSICAS;10;15;1;542.5;63.95;539;553.3;580.75;623.97;607;644.75;724.6;744.5
2026;18079;QUIMICA INDUSTRIAL;UNIVERSIDAD CATOLICA DEL NORTE;TECNOLOGÍA;12;20;1;654;113.18;518.5;564.25;615.12;697.08;674;809.88;828;870.5
2026;18080;BIOLOGIA MARINA;UNIVERSIDAD CATOLICA DEL NORTE;CIENCIAS BÁSICAS;46;73;1;638.5;84.97;466;536.6;599;647.8;639;695.5;752;943
2026;18081;INGENIERIA EN ACUICULTURA;UNIVERSIDAD CATOLICA DEL NORTE;AGROPECUARIA;15;27;1;534.5;76.32;474.5;537.5;568.5;632.96;639.5;700.75;732.7;746.5
2026;18083;DERECHO;UNIVERSIDAD CATOLICA DEL NORTE;DERECHO;95;110;1;624;67.81;551.5;646.85;686.62;731.38;732.25;767.62;827.85;904
2026;18084;INGENIERIA COMERCIAL;UNIVERSIDAD CATOLICA DEL NORTE;ADMINISTRACIÓN Y COMERCIO;110;125;1;698.5;78.75;456;587.4;626;678.88;671.5;727.5;781.7;874.5
2026;18085;PEDAGOGIA EN FILOSOFIA Y RELIGION;UNIVERSIDAD CATOLICA DEL NORTE;EDUCACIÓN;7;8;1;549.5;35.91;540.5;544.35;546.75;568.81;555.75;574;605.05;649.5
2026;18086;INGENIERIA EN PREVENCION DE RIESGOS Y MEDIOAMBIENTE;UNIVERSIDAD CATOLICA DEL NORTE;TECNOLOGÍA;35;58;1;491.5;55.81;485;516.65;544.88;584.04;581.75;610.5;649.15;741.5
2026;18087;MEDICINA;UNIVERSIDAD CATOLICA DEL NORTE;SALUD;54;59;1;885.5;22.98;871;885.5;900.5;918.04;918.5;931.75;948;968
2026;18089;ENFERMERIA;UNIVERSIDAD CATOLICA DEL NORTE;SALUD;40;47;1;728;63.3;656.5;699.6;718.75;764.53;749;809.25;862.9;893
2026;18090;KINESIOLOGIA;UNIVERSIDAD CATOLICA DEL NORTE;SALUD;36;46;1;700.5;57.13;559.5;656.5;676.88;708.71;701;736.38;762.25;878
2026;18091;NUTRICION Y DIETETICA;UNIVERSIDAD CATOLICA DEL NORTE;SALUD;35;47;1;668;76.44;525;550.6;601.5;653.22;644.5;700.75;756.6;860
2026;18092;INGENIERIA CIVIL EN COMPUTACION E INFORMATICA;UNIVERSIDAD CATOLICA DEL NORTE;TECNOLOGÍA;90;104;1;553;86.53;553;627.05;684;737.74;733;800.5;853.9;948
2026;18093;INGENIERIA CIVIL INDUSTRIAL;UNIVERSIDAD CATOLICA DEL NORTE;TECNOLOGÍA;110;123;1;659.5;59.56;659.5;715.1;745;788.54;789.5;826.25;871.5;926.5
2026;18094;INGENIERIA EN INFORMACION Y CONTROL DE GESTION;UNIVERSIDAD CATOLICA DEL NORTE;ADMINISTRACIÓN Y COMERCIO;70;80;1;646;75.54;483;538.65;570.25;631.6;634.75;677.25;707.85;916
2026;18095;INGENIERIA EN TECNOLOGIAS DE INFORMACION;UNIVERSIDAD CATOLICA DEL NORTE;TECNOLOGÍA;50;62;1;546;77.35;478;526.6;555.5;613.31;613.75;653;713.4;811.5
2026;18096;PEDAGOGIA EN EDUCACION DIFERENCIAL CON MENCION  EN DESARROLLO EMOCIONAL Y COGNITIVO;UNIVERSIDAD CATOLICA DEL NORTE;EDUCACIÓN;50;65;1;564;57.62;411;551.7;563;597.45;593.5;634;665.1;750.5
2026;18200;INGENIERÍA CIVIL EN CONSTRUCCIÓN;UNIVERSIDAD CATOLICA DEL NORTE;TECNOLOGÍA;12;24;1;728.5;96.91;525;585.15;611.62;665.92;641.5;669.38;814.55;943
2026;18201;PEDAGOGIA EN EDUCACION PARVULARIA CON MENCION  EN DESARROLLO EMOCIONAL Y COGNITIVO;UNIVERSIDAD CATOLICA DEL NORTE;EDUCACIÓN;38;33;0;579;59.59;456.5;527.6;561.5;587.15;581.5;608.5;646.3;746.5
2026;18202;PEDAGOGÍA EN EDUCACIÓN DIFERENCIAL CON MENCIÓN EN DESARROLLO EMOCIONAL Y COGNITIVO;UNIVERSIDAD CATOLICA DEL NORTE;EDUCACIÓN;35;36;1;579;62.22;473;549.5;563.75;606.68;597;646.62;671.75;841.5
2026;18203;INGENIERÍA CIVIL ELECTRÓNICA;UNIVERSIDAD CATOLICA DEL NORTE;TECNOLOGÍA;55;67;1;652.5;76.59;502.5;596;639;695.16;702.5;746.5;792.4;878.5
2026;18204;INGENIERÍA CIVIL EN ENERGÍA;UNIVERSIDAD CATOLICA DEL NORTE;TECNOLOGÍA;40;50;1;522.5;96.12;505;545.35;587.88;648.92;630.5;699.25;789.25;917.5
2026;19003;PEDAGOGÍA EN HISTORIA Y CIENCIAS SOCIALES;UNIVERSIDAD DE VALPARAISO;EDUCACIÓN;40;29;0;592.5;75.77;509.5;550.7;571.5;628.34;601.5;700.5;729.8;768.5
2026;19004;INGENIERÍA EN INFORMÁTICA;UNIVERSIDAD DE VALPARAISO;TECNOLOGÍA;40;55;1;528;93.78;476;530;576;635.39;619.5;691.25;771.9;870.5
2026;19005;ADMINISTRACIÓN PÚBLICA;UNIVERSIDAD DE VALPARAISO;CIENCIAS SOCIALES;50;36;0;592;72.84;505;516;538.12;612.93;621.75;671.62;704.25;761.5
2026;19009;PEDAGOGÍA EN LENGUA Y LITERATURA;UNIVERSIDAD DE VALPARAISO;EDUCACIÓN;45;20;0;564;57.36;545.5;550.6;586.62;623.62;609;684.38;705.3;711.5
2026;19010;PEDAGOGÍA EN FILOSOFÍA;UNIVERSIDAD DE VALPARAISO;EDUCACIÓN;20;4;0;730.5;88.8;671.5;672.55;674.12;734.62;702.75;763.25;822.2;861.5
2026;19012;SOCIOLOGÍA;UNIVERSIDAD DE VALPARAISO;CIENCIAS SOCIALES;75;35;0;481;82.64;464;506.6;546.75;610;610.5;657.5;711.4;799.5
2026;19015;PEDAGOGÍA EN MÚSICA;UNIVERSIDAD DE VALPARAISO;EDUCACIÓN;40;18;0;567.5;78.14;561.5;566.3;579.75;645.72;626.75;709.88;732.75;839.5
2026;19017;INGENIERÍA CIVIL - PLAN COMÚN;UNIVERSIDAD DE VALPARAISO;TECNOLOGÍA;50;55;1;544.5;81.01;459;544.9;562.25;638.3;637;696.5;749.6;818
2026;19018;INGENIERÍA CIVIL AMBIENTAL;UNIVERSIDAD DE VALPARAISO;TECNOLOGÍA;35;22;0;525.5;101.47;475;526.15;540.75;622.57;627;688.12;725.5;902.5
2026;19019;INGENIERÍA CIVIL MATEMÁTICA;UNIVERSIDAD DE VALPARAISO;CIENCIAS BÁSICAS;15;9;0;457;137.63;457;536.2;596.5;670.94;652;755.5;823.9;909.5
2026;19020;ARQUITECTURA;UNIVERSIDAD DE VALPARAISO;ARTE Y ARQUITECTURA;130;150;1;528;62.28;443.5;554;588.12;627.28;627.5;670.88;703.05;780.5
2026;19021;INGENIERÍA CIVIL;UNIVERSIDAD DE VALPARAISO;TECNOLOGÍA;50;60;1;596;63.39;478.5;553.7;577;622.11;613.5;658.5;710.1;794
2026;19022;DISEÑO;UNIVERSIDAD DE VALPARAISO;ARTE Y ARQUITECTURA;75;63;0;575;83.87;475.5;504;527.75;586.43;568;633.5;688.1;881
2026;19024;CINE;UNIVERSIDAD DE VALPARAISO;ARTE Y ARQUITECTURA;40;54;1;481.5;93.91;463;496.35;556;620.64;598.25;685.62;772.1;824
2026;19026;INGENIERÍA EN CONSTRUCCIÓN;UNIVERSIDAD DE VALPARAISO;TECNOLOGÍA;50;59;1;475.5;63.71;466;488.3;502.75;569.42;564.5;614.25;654.5;707
2026;19027;GESTIÓN EN TURISMO Y CULTURA;UNIVERSIDAD DE VALPARAISO;ADMINISTRACIÓN Y COMERCIO;40;28;0;491;63.6;463;482.4;502.62;564.79;577.5;596.88;636.15;695.5
2026;19028;TEATRO;UNIVERSIDAD DE VALPARAISO;ARTE Y ARQUITECTURA;25;13;0;575;98.52;487;496.4;517.5;607.92;624.5;694.5;713.7;787.5
2026;19030;DERECHO;UNIVERSIDAD DE VALPARAISO;DERECHO;150;200;1;808.5;60.94;550.5;638.5;660;708;702.75;739.75;801.2;880
2026;19031;TRABAJO SOCIAL;UNIVERSIDAD DE VALPARAISO;CIENCIAS SOCIALES;78;93;1;546.5;72.35;461.5;490.1;513.5;569.61;557.5;610.5;685.7;797
2026;19034;INGENIERÍA EN FINANZAS;UNIVERSIDAD DE VALPARAISO;ADMINISTRACIÓN Y COMERCIO;40;50;1;546.5;88.08;501.5;536.95;556.12;618.53;583.5;665.38;730.3;894.5
2026;19035;INGENIERÍA EN INFORMACIÓN Y CONTROL DE GESTIÓN;UNIVERSIDAD DE VALPARAISO;ADMINISTRACIÓN Y COMERCIO;40;27;0;506;87.84;463;493.9;522.5;595.7;578.5;639.5;740;759
2026;19036;OBSTETRICIA Y PUERICULTURA;UNIVERSIDAD DE VALPARAISO;SALUD;35;40;1;628.5;49.49;576.5;605.3;631.12;666.26;668.75;693.75;731.7;770.5
2026;19037;EDUCACIÓN PARVULARIA;UNIVERSIDAD DE VALPARAISO;EDUCACIÓN;35;37;1;570.5;43.75;473;546.9;563.5;590.09;588.5;618.5;643.1;715
2026;19039;MEDICINA;UNIVERSIDAD DE VALPARAISO;SALUD;50;56;1;935;25.81;841;868;881.12;900.58;899.25;919.38;933;955
2026;19040;MEDICINA;UNIVERSIDAD DE VALPARAISO;SALUD;74;80;1;919.5;24.25;878.5;893.75;910.62;928;929.75;945.75;956.5;981.5
2026;19041;ENFERMERÍA;UNIVERSIDAD DE VALPARAISO;SALUD;85;110;1;619.5;64.69;608;662.45;694.88;746.71;746.25;789.88;829.1;928.5
2026;19042;ENFERMERÍA;UNIVERSIDAD DE VALPARAISO;SALUD;50;70;1;547;74.22;506.5;553.7;615.75;659.44;653.25;717.88;755.55;812
2026;19043;KINESIOLOGÍA;UNIVERSIDAD DE VALPARAISO;SALUD;80;90;1;603;68.35;561.5;598.55;617.75;678.71;674.75;721;769.1;943
2026;19044;FONOAUDIOLOGÍA;UNIVERSIDAD DE VALPARAISO;SALUD;45;50;1;489.5;62.84;475.5;497.05;525;571.99;568;620.12;643.45;768
2026;19045;PSICOLOGÍA;UNIVERSIDAD DE VALPARAISO;CIENCIAS SOCIALES;100;130;1;628.5;59.88;568.5;631.2;653.25;694.62;688.75;731.88;776.5;860
2026;19046;FONOAUDIOLOGÍA;UNIVERSIDAD DE VALPARAISO;SALUD;50;55;1;570.5;83.92;496.5;521.7;571;620.36;602;655.25;751.7;827.5
2026;19047;OBSTETRICIA Y PUERICULTURA;UNIVERSIDAD DE VALPARAISO;SALUD;75;85;1;649.5;57.38;609.5;653.4;682;726.22;716;770.5;800.6;865
2026;19048;TECNOLOGÍA MÉDICA;UNIVERSIDAD DE VALPARAISO;SALUD;50;60;1;747.5;63.84;531;576.8;617.25;659.81;661.5;700.38;746.55;816
2026;19049;TECNOLOGÍA MÉDICA;UNIVERSIDAD DE VALPARAISO;SALUD;70;78;1;731.5;68.35;570.5;634.5;682.75;724.99;725.25;772.62;812;887.5
2026;19050;ODONTOLOGÍA;UNIVERSIDAD DE VALPARAISO;SALUD;72;92;1;795;61.4;618;683.1;719.5;763.23;765;801.25;840.8;935.5
2026;19052;INGENIERÍA CIVIL INDUSTRIAL;UNIVERSIDAD DE VALPARAISO;TECNOLOGÍA;110;150;1;758;62.21;532;610.2;639.12;685.29;681.5;722;760.15;869.5
2026;19060;INGENIERÍA COMERCIAL;UNIVERSIDAD DE VALPARAISO;ADMINISTRACIÓN Y COMERCIO;150;220;1;608;70.16;456.5;548.85;580.25;631.08;628.25;677.5;713.75;836.5
2026;19062;AUDITORÍA;UNIVERSIDAD DE VALPARAISO;ADMINISTRACIÓN Y COMERCIO;70;84;1;503;76.17;464;496.65;520.12;580.98;569.75;621.5;669.2;842
2026;19068;ADMINISTRACIÓN PÚBLICA;UNIVERSIDAD DE VALPARAISO;CIENCIAS SOCIALES;85;105;1;627;78.87;466.5;530.5;567.5;621.62;610.5;661.5;739.2;871
2026;19074;INGENIERÍA AMBIENTAL;UNIVERSIDAD DE VALPARAISO;TECNOLOGÍA;45;20;0;622.5;107.87;497;513.7;559.25;633.48;603.75;711.12;761.25;866.5
2026;19075;LICENCIATURA EN CIENCIAS MENCION EN BIOLOGÍA O EN QUIMICA;UNIVERSIDAD DE VALPARAISO;CIENCIAS BÁSICAS;30;27;0;526.5;83.11;475.5;496.5;542.25;604.43;610;649.25;728.5;767.5
2026;19076;INGENIERÍA CIVIL BIOMÉDICA;UNIVERSIDAD DE VALPARAISO;TECNOLOGÍA;70;84;1;557;109.87;494;539.5;593;674.08;669.5;728.75;842.65;930
2026;19078;LICENCIATURA EN FÍSICA MENCION ASTRONOMÍA O CIENCIAS ATMOSFÉRICAS O COMPUTACIÓN CIENTÍFICA;UNIVERSIDAD DE VALPARAISO;CIENCIAS BÁSICAS;45;17;0;575;78.62;575;584.5;601;667.29;645.5;710;787.5;820
2026;19079;PEDAGOGÍA EN MATEMÁTICAS O LICENCIATURA EN MATEMÁTICAS;UNIVERSIDAD DE VALPARAISO;EDUCACIÓN;30;10;0;756.5;113.73;481.5;518.85;602.75;661.5;653.5;743.12;766.1;852.5
2026;19080;BIOLOGÍA MARINA;UNIVERSIDAD DE VALPARAISO;CIENCIAS BÁSICAS;55;67;1;534.5;88.99;501;568.1;603.75;670.93;654;736.25;783.1;904
2026;19081;INGENIERÍA CIVIL OCEÁNICA;UNIVERSIDAD DE VALPARAISO;TECNOLOGÍA;23;12;0;601;82.76;525;556.1;564.5;623.12;600.75;654.38;746.1;794
2026;19083;INGENIERÍA EN INFORMACIÓN Y CONTROL DE GESTIÓN;UNIVERSIDAD DE VALPARAISO;ADMINISTRACIÓN Y COMERCIO;40;53;1;463;105.22;461;501.1;546.5;627.7;631.5;702;773.1;866.5
2026;19084;INGENIERÍA EN ESTADÍSTICA Y CIENCIA DE DATOS;UNIVERSIDAD DE VALPARAISO;CIENCIAS BÁSICAS;30;12;0;513.5;93.22;513.5;536.35;610.38;669.62;681.25;749.75;773.9;784
2026;19085;INGENIERÍA CIVIL INFORMÁTICA;UNIVERSIDAD DE VALPARAISO;TECNOLOGÍA;75;110;1;475;71.52;475;582;614.38;660.84;658.25;700.25;759.85;882
2026;19086;ADMINISTRACIÓN HOTELERA Y GASTRONÓMICA;UNIVERSIDAD DE VALPARAISO;ADMINISTRACIÓN Y COMERCIO;60;100;1;468.5;76.84;459.5;475.95;508.38;566.04;547;624.5;665.25;800.5
2026;19088;INGENIERÍA EN NEGOCIOS INTERNACIONALES;UNIVERSIDAD DE VALPARAISO;ADMINISTRACIÓN Y COMERCIO;80;130;1;518.5;73.55;518.5;567.9;614.62;663.22;651.25;700.5;767.5;861.5
2026;19089;INGENIERÍA EN NEGOCIOS INTERNACIONALES;UNIVERSIDAD DE VALPARAISO;ADMINISTRACIÓN Y COMERCIO;30;50;1;592;78.92;531.5;548.75;582.88;640.82;633.25;682;740.15;891.5
2026;19090;QUÍMICA Y FARMACIA;UNIVERSIDAD DE VALPARAISO;SALUD;70;100;1;701.5;57.78;647;701.3;742.62;778.87;774.5;813.62;863.2;926.5
2026;19091;NUTRICIÓN Y DIETÉTICA;UNIVERSIDAD DE VALPARAISO;SALUD;70;100;1;592.5;62.04;463.5;506.5;535.5;589.6;599;638.75;666.2;734.5
2026;19092;ECOLOGÍA;UNIVERSIDAD DE VALPARAISO;CIENCIAS BÁSICAS;30;19;0;489.5;104.64;476;487.3;533.25;618.32;620.5;677.25;758.5;835
2026;19093;AUDITORÍA;UNIVERSIDAD DE VALPARAISO;ADMINISTRACIÓN Y COMERCIO;30;32;1;564.5;76.2;470.5;485.6;530.25;590.16;592.25;627.62;699.3;777
2026;19094;INGENIERÍA CIVIL INDUSTRIAL;UNIVERSIDAD DE VALPARAISO;TECNOLOGÍA;70;90;1;663.5;77.91;532;576.15;619.25;676.75;678;730.75;769.1;861.5
2026;19095;INGENIERÍA COMERCIAL;UNIVERSIDAD DE VALPARAISO;ADMINISTRACIÓN Y COMERCIO;60;85;1;624.5;78.26;467.5;522.2;568;624.28;625;680;715;844
2026;19100;INGENIERÍA EN GESTIÓN LOGÍSTICA;UNIVERSIDAD DE VALPARAISO;ADMINISTRACIÓN Y COMERCIO;40;50;1;481.5;78.87;463;519.95;552.25;599.59;580.25;644.5;711.15;809
2026;20007;PEDAGOGÍA EN ARTES VISUALES;UNIVERSIDAD METROPOLITANA DE CIENCIAS DE LA EDUCACION;EDUCACIÓN;55;40;0;561.5;69.76;501.5;548.7;578.38;628.66;621;668.25;694.5;842.5
2026;20011;PEDAGOGÍA EN MÚSICA;UNIVERSIDAD METROPOLITANA DE CIENCIAS DE LA EDUCACION;EDUCACIÓN;40;45;1;724;91.73;501;568.4;630.5;688.33;690.5;756.5;803.2;891.5
2026;20012;DIRECCIÓN DE AGRUPACIONES MUSICALES INSTRUMENTALES;UNIVERSIDAD METROPOLITANA DE CIENCIAS DE LA EDUCACION;ARTE Y ARQUITECTURA;25;19;0;553.5;115.87;493;511.3;539.5;653.5;673;744;789.1;849.5
2026;20022;PEDAGOGÍA EN BIOLOGÍA CON MENCIÓN;UNIVERSIDAD METROPOLITANA DE CIENCIAS DE LA EDUCACION;EDUCACIÓN;50;38;0;637.5;67.78;508;566.4;601.25;647.2;643;682.5;741.7;819
2026;20023;PEDAGOGÍA EN FÍSICA CON MENCIÓN;UNIVERSIDAD METROPOLITANA DE CIENCIAS DE LA EDUCACION;EDUCACIÓN;25;10;0;657;69.59;560;596.45;626;662.05;645.75;701.62;743.8;796
2026;20024;PEDAGOGÍA EN MATEMÁTICA CON MENCIÓN;UNIVERSIDAD METROPOLITANA DE CIENCIAS DE LA EDUCACION;EDUCACIÓN;70;46;0;637.5;78.34;546.5;619.5;658.62;714.3;706.75;767.62;834.25;865
2026;20025;PEDAGOGÍA EN QUÍMICA CON MENCIÓN;UNIVERSIDAD METROPOLITANA DE CIENCIAS DE LA EDUCACION;EDUCACIÓN;25;10;0;667;32.49;599.5;605.35;615.88;645.35;651.25;674.12;678.75;685.5
2026;20050;PEDAGOGÍA EN EDUCACIÓN BÁSICA CON MENCIÓN;UNIVERSIDAD METROPOLITANA DE CIENCIAS DE LA EDUCACION;EDUCACIÓN;100;89;0;585;72.84;508;555.4;569.5;623.63;612.5;654.5;717.1;886.5
2026;20052;PEDAGOGÍA EN EDUCACIÓN ESPECIAL CON ESPECIALIDAD COM. Y LENGUAJE, EDUC. PERS. SORDAS O APRENDIZAJE;UNIVERSIDAD METROPOLITANA DE CIENCIAS DE LA EDUCACION;EDUCACIÓN;60;46;0;603.5;65.86;475;549.25;568.88;611.05;606.5;655.12;689.25;823.5
2026;20054;PEDAGOGÍA EN EDUCACIÓN ESPECIAL CON ESPECIALIDAD EN PERSONAS CIEGAS Y RETOS MÚLTIPLES;UNIVERSIDAD METROPOLITANA DE CIENCIAS DE LA EDUCACION;EDUCACIÓN;25;4;0;535;89.88;535;570.7;624.25;652.5;660.75;689;727.7;753.5
2026;20056;PEDAGOGÍA EN EDUCACIÓN FÍSICA, DEPORTES Y RECREACIÓN (DAMAS);UNIVERSIDAD METROPOLITANA DE CIENCIAS DE LA EDUCACION;EDUCACIÓN;40;45;1;592.5;80.52;435;548.3;561.5;606.84;585.5;640.5;708.2;844
2026;20057;PEDAGOGÍA EN EDUCACIÓN ESPECIAL CON ESPECIALIDAD EN DISCAPACIDAD MENTAL Y DESARROLLO COGNITIVO;UNIVERSIDAD METROPOLITANA DE CIENCIAS DE LA EDUCACION;EDUCACIÓN;50;42;0;549;71.65;478;546.3;562.38;609.82;601.5;641.12;718.3;830
2026;20061;PEDAGOGÍA EN EDUCACIÓN FÍSICA, DEPORTES Y RECREACIÓN (VARONES);UNIVERSIDAD METROPOLITANA DE CIENCIAS DE LA EDUCACION;EDUCACIÓN;90;96;1;615;65.62;449.5;560;583.25;630.22;624;666.62;710;852.5
2026;20066;PEDAGOGÍA EN EDUCACIÓN PARVULARIA CON MENCIÓN EN INTEGRACIÓN CURRICULAR;UNIVERSIDAD METROPOLITANA DE CIENCIAS DE LA EDUCACION;EDUCACIÓN;60;66;1;596;80.6;396;536.5;565.62;618.55;616.5;661.25;692;922
2026;20071;PEDAGOGÍA EN FILOSOFÍA;UNIVERSIDAD METROPOLITANA DE CIENCIAS DE LA EDUCACION;EDUCACIÓN;25;12;0;572.5;100.43;572.5;578.75;622.62;682.42;671.5;717.25;733.75;949
2026;20076;PEDAGOGÍA EN HISTORIA Y GEOGRAFÍA;UNIVERSIDAD METROPOLITANA DE CIENCIAS DE LA EDUCACION;EDUCACIÓN;90;97;1;557.5;75.27;521.5;562;588;648.14;645.5;689.5;744.2;887
2026;20081;PEDAGOGÍA EN ALEMÁN;UNIVERSIDAD METROPOLITANA DE CIENCIAS DE LA EDUCACION;EDUCACIÓN;15;3;0;646;7.69;646;646.3;646.75;651.17;647.5;653.75;657.5;660
2026;20086;PEDAGOGÍA EN CASTELLANO;UNIVERSIDAD METROPOLITANA DE CIENCIAS DE LA EDUCACION;EDUCACIÓN;90;100;1;596;74.2;500;572.4;601;656.5;647.75;700.12;759.25;880
2026;20091;PEDAGOGÍA EN FRANCÉS;UNIVERSIDAD METROPOLITANA DE CIENCIAS DE LA EDUCACION;EDUCACIÓN;15;2;0;643;9.19;630;631.3;633.25;636.5;636.5;639.75;641.7;643
2026;20096;PEDAGOGÍA EN INGLÉS;UNIVERSIDAD METROPOLITANA DE CIENCIAS DE LA EDUCACION;EDUCACIÓN;100;107;1;609;74.07;504.5;565.9;603.5;655.05;646;694;758.7;926.5
2026;20098;KINESIOLOGÍA;UNIVERSIDAD METROPOLITANA DE CIENCIAS DE LA EDUCACION;SALUD;55;60;1;685;73.73;496.5;544.45;578.38;632.16;634.25;670.62;736.75;832.5
2026;20099;PSICOLOGÍA;UNIVERSIDAD METROPOLITANA DE CIENCIAS DE LA EDUCACION;CIENCIAS SOCIALES;100;115;1;526.5;80.59;493.5;529.2;565.5;630.64;621.5;689.75;741.1;828
2026;20100;TERAPIA OCUPACIONAL;UNIVERSIDAD METROPOLITANA DE CIENCIAS DE LA EDUCACION;SALUD;50;48;0;532;79.74;411;496.85;511.5;575.7;560;639.38;674.8;794
2026;21002;BIBLIOTECOLOGIA Y DOCUMENTACION;UNIVERSIDAD TECNOLOGICA METROPOLITANA;HUMANIDADES;20;20;1;514;99.55;514;550.25;585.5;649.52;624.25;695.38;761.05;906.5
2026;21012;CONTADOR PUBLICO Y AUDITOR;UNIVERSIDAD TECNOLOGICA METROPOLITANA;ADMINISTRACIÓN Y COMERCIO;70;81;1;543;78.92;468.5;509.5;561;616.63;626;664;706;844
2026;21023;DISEÑO INDUSTRIAL;UNIVERSIDAD TECNOLOGICA METROPOLITANA;TECNOLOGÍA;40;60;1;546.5;78.12;493.5;512.85;539;602.42;589;645.75;708.95;885.5
2026;21024;DISEÑO EN COMUNICACION VISUAL;UNIVERSIDAD TECNOLOGICA METROPOLITANA;ARTE Y ARQUITECTURA;60;48;0;501.5;72.02;468.5;498.5;517.12;577.46;560.5;614.75;679.1;752.5
2026;21030;INGENIERIA EN INFORMATICA;UNIVERSIDAD TECNOLOGICA METROPOLITANA;TECNOLOGÍA;150;180;1;659.5;75.69;485;572.85;629.62;674.27;670.25;724.88;774.6;935
2026;21031;INGENIERIA EN GEOMENSURA;UNIVERSIDAD TECNOLOGICA METROPOLITANA;CIENCIAS BÁSICAS;20;16;0;496.5;83.34;496.5;552.5;571.38;625.38;598.25;668.25;714;831.5
2026;21032;INGENIERIA EN CONSTRUCCION;UNIVERSIDAD TECNOLOGICA METROPOLITANA;TECNOLOGÍA;37;37;1;488;73.73;472;502.5;522.5;588.28;581;644.5;686.7;776
2026;21033;DERECHO;UNIVERSIDAD TECNOLOGICA METROPOLITANA;DERECHO;90;64;0;475.5;78.67;459;514.5;552;609.15;603.5;653.25;706.95;785
2026;21041;INGENIERIA CIVIL EN COMPUTACION MENCION INFORMATICA;UNIVERSIDAD TECNOLOGICA METROPOLITANA;TECNOLOGÍA;200;230;1;546;80.85;464.5;584.2;618.62;679.99;674.25;733.38;789.05;916.5
2026;21043;TRABAJO SOCIAL;UNIVERSIDAD TECNOLOGICA METROPOLITANA;CIENCIAS SOCIALES;60;43;0;463;63.63;463;497.7;521.5;564.22;546;600.75;666.1;708
2026;21045;INGENIERIA INDUSTRIAL;UNIVERSIDAD TECNOLOGICA METROPOLITANA;TECNOLOGÍA;30;33;1;463;74.32;463;484.5;529;583.53;568;646.5;676;760
2026;21046;BACHILLERATO EN CIENCIAS DE LA INGENIERIA;UNIVERSIDAD TECNOLOGICA METROPOLITANA;TECNOLOGÍA;20;25;1;620.5;80.69;501.5;579.6;603.5;657.32;665;701.5;759.8;818
2026;21047;ARQUITECTURA;UNIVERSIDAD TECNOLOGICA METROPOLITANA;ARTE Y ARQUITECTURA;120;117;0;467.5;75.28;458;489.7;520.5;584.69;581.5;638.5;694.3;768.5
2026;21048;INGENIERIA COMERCIAL;UNIVERSIDAD TECNOLOGICA METROPOLITANA;ADMINISTRACIÓN Y COMERCIO;120;130;1;518.5;71.01;475;526.5;566.62;618.13;610.25;668.25;717.85;787.5
2026;21049;INGENIERIA CIVIL EN CIENCIA DE DATOS;UNIVERSIDAD TECNOLOGICA METROPOLITANA;CIENCIAS BÁSICAS;25;29;1;539.5;76.18;481.5;552.7;584;639.91;637.5;693.5;737.1;815
2026;21053;PSICOLOGÍA;UNIVERSIDAD TECNOLOGICA METROPOLITANA;CIENCIAS SOCIALES;150;160;1;491.5;67.54;474;512.35;550.88;596.52;586;643.75;686.2;842
2026;21054;INGENIERIA EN ALIMENTOS;UNIVERSIDAD TECNOLOGICA METROPOLITANA;TECNOLOGÍA;20;1;0;674;;674;674;674;674;674;674;674;674
2026;21055;INGENIERIA CIVIL MATEMATICA;UNIVERSIDAD TECNOLOGICA METROPOLITANA;CIENCIAS BÁSICAS;20;12;0;710;75.85;611.5;672.5;696.88;742.17;750;775.38;808.6;904
2026;21056;QUIMICA Y FARMACIA;UNIVERSIDAD TECNOLOGICA METROPOLITANA;SALUD;120;130;1;655;63.88;569.5;629.85;672.75;714.26;711.75;758.62;795.5;861.5
2026;21057;INGENIERIA CIVIL BIOMEDICA;UNIVERSIDAD TECNOLOGICA METROPOLITANA;TECNOLOGÍA;70;61;0;496;89.01;490.5;546.5;588.5;648.56;634;702.5;773;865.5
2026;21069;INGENIERIA CIVIL QUIMICA;UNIVERSIDAD TECNOLOGICA METROPOLITANA;TECNOLOGÍA;60;55;0;504;86.91;485;550.6;612;662.75;649.5;728.5;770;935.5
2026;21071;DIBUJANTE PROYECTISTA;UNIVERSIDAD TECNOLOGICA METROPOLITANA;TECNOLOGÍA;20;11;0;471;98.01;466.5;468;499.75;580.36;585.5;629.5;666.5;780.5
2026;21073;INGENIERIA EN BIOTECNOLOGIA;UNIVERSIDAD TECNOLOGICA METROPOLITANA;TECNOLOGÍA;40;49;1;543;87.49;494.5;540;588;656.27;652.5;710.5;763.2;879
2026;21074;INGENIERIA CIVIL EN OBRAS CIVILES;UNIVERSIDAD TECNOLOGICA METROPOLITANA;TECNOLOGÍA;50;60;1;576;68.75;545;575.85;605.5;657.72;661.5;695.88;732.5;915
2026;21075;INGENIERIA CIVIL ELECTRONICA;UNIVERSIDAD TECNOLOGICA METROPOLITANA;TECNOLOGÍA;60;75;1;573.5;83.83;526.5;562.1;589;651.43;629;692.5;779.6;870.5
2026;21076;INGENIERIA CIVIL INDUSTRIAL;UNIVERSIDAD TECNOLOGICA METROPOLITANA;TECNOLOGÍA;120;135;1;721.5;73.5;498.5;605;648;697.77;691;753;795.3;869.5
2026;21081;INGENIERIA EN COMERCIO INTERNACIONAL;UNIVERSIDAD TECNOLOGICA METROPOLITANA;ADMINISTRACIÓN Y COMERCIO;120;130;1;535.5;67.24;500;552.35;582;632.7;629.5;671.88;727.8;803
2026;21082;INGENIERIA EN GESTION TURISTICA;UNIVERSIDAD TECNOLOGICA METROPOLITANA;ADMINISTRACIÓN Y COMERCIO;30;40;1;654;51.83;463;509.95;545.38;579.28;582;617.62;646.8;678.5
2026;21083;QUIMICA INDUSTRIAL;UNIVERSIDAD TECNOLOGICA METROPOLITANA;TECNOLOGÍA;30;36;1;505.5;96.04;462;507.25;540.88;618.76;617.75;684.88;754.75;810.5
2026;21087;INGENIERIA CIVIL EN PREVENCION DE RIESGOS Y MEDIO AMBIENTE;UNIVERSIDAD TECNOLOGICA METROPOLITANA;TECNOLOGÍA;20;29;1;540.5;52.72;458.5;509;533;566.34;558;608;647.6;660.5
2026;21089;ADMINISTRACION PUBLICA;UNIVERSIDAD TECNOLOGICA METROPOLITANA;CIENCIAS SOCIALES;40;50;1;639.5;65.09;459;520.25;550.38;600.45;608.25;647.12;682.15;754
2026;21096;INGENIERIA CIVIL EN MECANICA;UNIVERSIDAD TECNOLOGICA METROPOLITANA;TECNOLOGÍA;80;95;1;646.5;68.99;537.5;633.5;674.25;720.32;717.5;773.75;807.3;851
2026;22004;CONTADOR AUDITOR-CONTADOR PÚBLICO(VESPERTINO);UNIVERSIDAD DE TARAPACA;ADMINISTRACIÓN Y COMERCIO;34;44;1;589;107.94;461.5;489.85;522.5;602.25;574.5;658.62;758.8;880
2026;22005;INGENIERÍA COMERCIAL;UNIVERSIDAD DE TARAPACA;ADMINISTRACIÓN Y COMERCIO;66;73;1;599;81.17;463;512.2;551;614.89;614;672.5;720.5;816
2026;22007;TRABAJO SOCIAL;UNIVERSIDAD DE TARAPACA;CIENCIAS SOCIALES;65;75;1;487;51.27;458.5;471.7;497.25;532.15;518.5;561;597.2;701.5
2026;22008;INGENIERÍA EN INFORMACIÓN Y CONTROL DE GESTIÓN;UNIVERSIDAD DE TARAPACA;ADMINISTRACIÓN Y COMERCIO;30;35;1;635.5;74.14;464.5;550.5;583.25;631.16;612.5;692.5;717.4;781
2026;22019;SOCIOLOGÍA;UNIVERSIDAD DE TARAPACA;CIENCIAS SOCIALES;30;31;1;487.5;84.25;461;485.5;491.5;564.98;564.5;606.75;678;824
2026;22020;PSICOLOGÍA;UNIVERSIDAD DE TARAPACA;CIENCIAS SOCIALES;92;102;1;632.5;102.17;463;535.5;579.25;652.36;638;712.38;818.75;889
2026;22021;DERECHO;UNIVERSIDAD DE TARAPACA;DERECHO;130;135;1;496;81.78;463.5;504.6;557.75;607.47;599;653.25;703.8;943
2026;22023;ANTROPOLOGÍA;UNIVERSIDAD DE TARAPACA;CIENCIAS SOCIALES;35;45;1;588.5;93.34;484.5;505.7;543.5;613.39;614;660;737.5;851
2026;22025;PEDAGOGÍA EN FÍSICA Y MATEMÁTICA;UNIVERSIDAD DE TARAPACA;EDUCACIÓN;10;6;0;562.5;114.2;553.5;558;580.12;680.92;682;773.38;802.75;818
2026;22026;ENFERMERÍA;UNIVERSIDAD DE TARAPACA;SALUD;76;78;1;539.5;83.04;503;545.85;570.75;637.15;622;698.25;746.9;870.5
2026;22028;INGENIERÍA QUÍMICA AMBIENTAL;UNIVERSIDAD DE TARAPACA;TECNOLOGÍA;20;17;0;479;109.24;479;518.2;535.5;616.03;610.5;651.5;737.6;894.5
2026;22029;OBSTETRICIA Y PUERICULTURA;UNIVERSIDAD DE TARAPACA;SALUD;65;67;1;563.5;69;515.5;551.7;583.75;635.3;639;671;706.9;842
2026;22030;QUÍMICO LABORATORISTA;UNIVERSIDAD DE TARAPACA;CIENCIAS BÁSICAS;34;39;1;463;77.45;463;539.1;596;641.21;661.5;690;720.3;846.5
2026;22032;QUÍMICA Y FARMACIA;UNIVERSIDAD DE TARAPACA;SALUD;40;50;1;611;65.09;611;666.15;698.5;741.58;740;771.5;826;904
2026;22037;PEDAGOGÍA EN EDUCACIÓN BÁSICA;UNIVERSIDAD DE TARAPACA;EDUCACIÓN;26;36;1;581.5;83.61;408.5;534.5;560.5;611.49;599.5;671;716.25;806.5
2026;22042;INGENIERÍA COMERCIAL MENCIÓN GESTIÓN Y/O COMERCIO EXTERIOR;UNIVERSIDAD DE TARAPACA;ADMINISTRACIÓN Y COMERCIO;35;45;1;546.5;76.24;508;546.5;561;631.33;630.5;667.5;755.9;785
2026;22050;MEDICINA;UNIVERSIDAD DE TARAPACA;SALUD;41;41;1;801;33.05;801;847;859;881.62;883.5;908;920.5;944
2026;22052;KINESIOLOGÍA Y REHABILITACIÓN;UNIVERSIDAD DE TARAPACA;SALUD;66;71;1;525.5;79.2;469;514.5;547;610.7;603.5;651.75;727;834.5
2026;22055;NUTRICIÓN Y DIETÉTICA;UNIVERSIDAD DE TARAPACA;SALUD;66;70;1;478;52.36;463;481.15;503.12;544.49;539.5;581.5;615.65;669
2026;22056;TECNOLOGÍA MÉDICA EN IMAGENOLOGÍA Y FÍSICA MÉDICA;UNIVERSIDAD DE TARAPACA;SALUD;45;50;1;631.5;73.09;581;623;643.25;701.31;694.25;740.62;800.7;870
2026;22057;TECNOLOGÍA MÉDICA EN LABORATORIO CLÍNICO Y MEDICINA TRANSFUSIONAL;UNIVERSIDAD DE TARAPACA;SALUD;47;52;1;607.5;79.58;474;580.1;607.88;666.61;662;734.12;774.95;806.5
2026;22058;TECNOLOGÍA MÉDICA EN OFTALMOLOGÍA Y OPTOMETRÍA;UNIVERSIDAD DE TARAPACA;SALUD;45;45;1;546.5;71.43;478.5;505.2;539;579.82;565;625;676.8;774.5
2026;22059;PEDAGOGÍA EN HISTORIA, GEOGRAFÍA Y CIENCIAS SOCIALES;UNIVERSIDAD DE TARAPACA;EDUCACIÓN;25;17;0;564.5;72.38;546.5;560.5;581;624.68;618.5;655;671.7;851
2026;22063;LICENCIATURA EN INGLÉS CONDUCENTE A:;UNIVERSIDAD DE TARAPACA;HUMANIDADES;40;50;1;500.5;89.67;464.5;521.65;567.25;629.46;619.25;696.38;730.3;861.5
2026;22067;DISEÑO MULTIMEDIA;UNIVERSIDAD DE TARAPACA;ARTE Y ARQUITECTURA;58;63;1;564;78.22;459;483.9;519.75;571.8;564;610.5;680.9;826.5
2026;22069;INGENIERÍA CIVIL EN INFORMÁTICA;UNIVERSIDAD DE TARAPACA;TECNOLOGÍA;30;35;1;614;91.45;563;599.5;643.25;702.86;699;753.75;819.2;969
2026;22070;AGRONOMÍA;UNIVERSIDAD DE TARAPACA;AGROPECUARIA;46;51;1;601;89.42;463;485;520.75;590.49;567;661.25;713.5;800
2026;22073;INGENIERÍA CIVIL ELÉCTRICA;UNIVERSIDAD DE TARAPACA;TECNOLOGÍA;55;60;1;589.5;92.89;463;574.15;610;672.93;665.75;727.25;775.5;911.5
2026;22074;INGENIERÍA CIVIL ELECTRÓNICA;UNIVERSIDAD DE TARAPACA;TECNOLOGÍA;25;38;1;537.5;87.73;464.5;491.65;534.12;582.63;556.25;626;698.6;837
2026;22075;INGENIERÍA CIVIL EN COMPUTACIÓN E INFORMÁTICA;UNIVERSIDAD DE TARAPACA;TECNOLOGÍA;110;115;1;534.5;92.2;466;539.2;598;662.17;656.5;725;774.8;882
2026;22076;INGENIERÍA CIVIL MECÁNICA;UNIVERSIDAD DE TARAPACA;TECNOLOGÍA;56;61;1;649.5;105.17;461.5;528;558;648.13;639.5;715;795;913
2026;22077;INGENIERÍA CIVIL INDUSTRIAL;UNIVERSIDAD DE TARAPACA;TECNOLOGÍA;130;140;1;639;80.62;470.5;600.5;638.75;696.54;695.5;753.12;797.85;871
2026;22080;INGENIERÍA MECATRÓNICA;UNIVERSIDAD DE TARAPACA;TECNOLOGÍA;35;40;1;471;95.04;471;494.3;512.38;601.44;580;679;749.85;795
2026;22091;PEDAGOGÍA EN CASTELLANO Y COMUNICACIÓN;UNIVERSIDAD DE TARAPACA;EDUCACIÓN;30;21;0;605;66.19;551;581;589.5;636.81;614;682.5;708.5;819
2026;22094;PSICOLOGÍA;UNIVERSIDAD DE TARAPACA;CIENCIAS SOCIALES;53;63;1;554;72.26;470.5;538.3;563;615.31;610.5;679.25;713.9;736
2026;22095;DERECHO;UNIVERSIDAD DE TARAPACA;DERECHO;66;71;1;506.5;79.38;462.5;499.5;551.25;601.08;596;651.75;715.5;768.5
2026;22097;TRABAJO SOCIAL;UNIVERSIDAD DE TARAPACA;CIENCIAS SOCIALES;34;22;0;461.5;71.46;461.5;464.5;484.25;540.32;514.25;593.25;644.5;690
2026;22101;INGENIERÍA CIVIL INDUSTRIAL;UNIVERSIDAD DE TARAPACA;TECNOLOGÍA;50;55;1;692;92.12;496.5;582.6;618;696.95;704.5;764;810.7;879
2026;22102;NUTRICIÓN Y DIETÉTICA;UNIVERSIDAD DE TARAPACA;SALUD;35;38;1;497.5;86.63;459;488.9;509.62;583.07;568;641.38;708.05;760
2026;22103;KINESIOLOGÍA Y REHABILITACIÓN;UNIVERSIDAD DE TARAPACA;SALUD;33;38;1;567;71.95;472;505.85;564;603.55;609.25;636.75;683.4;793.5
2026;22104;ENFERMERÍA;UNIVERSIDAD DE TARAPACA;SALUD;56;60;1;513.5;77.99;429.5;521.9;570.25;614.37;612.5;655.38;692.55;865
2026;22107;PEDAGOGÍA EN EDUCACIÓN DIFERENCIAL;UNIVERSIDAD DE TARAPACA;EDUCACIÓN;35;31;0;546.5;62.23;496.5;543.5;559.75;601.84;588;614.5;700;746.5
2026;22108;INGENIERÍA CIVIL ELÉCTRICA;UNIVERSIDAD DE TARAPACA;TECNOLOGÍA;26;31;1;539.5;74.78;521;608.5;646.25;688.58;690.5;740.75;775;844
2026;23007;BIOLOGIA MARINA;UNIVERSIDAD ARTURO PRAT;CIENCIAS BÁSICAS;16;26;1;496;112.09;463.5;473.25;489.25;584.35;558.25;636.88;730.5;898
2026;23010;EDUCACIÓN PARVULARIA;UNIVERSIDAD ARTURO PRAT;EDUCACIÓN;15;23;1;566.5;71.97;425.5;531.6;547.25;584.41;577;617.5;665.2;752
2026;23012;INGENIERÍA CIVIL INDUSTRIAL;UNIVERSIDAD ARTURO PRAT;TECNOLOGÍA;50;60;1;551;96.43;469;595.95;621.25;691.68;677.5;753.62;826.4;926.5
2026;23013;INGENIERÍA COMERCIAL;UNIVERSIDAD ARTURO PRAT;ADMINISTRACIÓN Y COMERCIO;40;58;1;506.5;65.89;466;500;540.5;583;576;626.62;666.95;734.5
2026;23015;SOCIOLOGÍA;UNIVERSIDAD ARTURO PRAT;CIENCIAS SOCIALES;15;9;0;501;97.82;470;494.8;526.5;599.28;600.5;663;704.1;774.5
2026;23016;DERECHO;UNIVERSIDAD ARTURO PRAT;DERECHO;64;74;1;475;72.44;475;513.15;543.5;596.35;582.5;643;686.6;794
2026;23018;DERECHO;UNIVERSIDAD ARTURO PRAT;DERECHO;22;15;0;541;75.57;475.5;498.7;516.5;584.4;587.5;637;676.1;719.5
2026;23024;INGENIERÍA CIVIL METALÚRGICA;UNIVERSIDAD ARTURO PRAT;TECNOLOGÍA;25;35;1;589;88.02;464.5;542.2;575.75;645.64;641.5;713.75;766.3;815.5
2026;23025;ARQUITECTURA;UNIVERSIDAD ARTURO PRAT;ARTE Y ARQUITECTURA;40;48;1;500;81.25;471.5;545;569.12;637.14;632.75;703;727.15;802.5
2026;23026;ENFERMERÍA;UNIVERSIDAD ARTURO PRAT;SALUD;40;45;1;523;82.02;463;509.2;546;605.97;601;659;706.3;860.5
2026;23029;PEDAGOGÍA  EN  EDUCACIÓN BÁSICA;UNIVERSIDAD ARTURO PRAT;EDUCACIÓN;15;23;1;557.5;71.47;455;538.6;552.5;606.8;603;663.25;695.7;739
2026;23046;AGRONOMIA;UNIVERSIDAD ARTURO PRAT;AGROPECUARIA;12;16;1;467;88.87;467;484.75;505.5;561.47;524.5;586.5;712.5;747.5
2026;23047;QUÍMICA Y FARMACIA;UNIVERSIDAD ARTURO PRAT;SALUD;40;45;1;634;85.49;515.5;608.2;636;701.93;686;765;790.5;921
2026;23048;INGENIERÍA CIVIL EN COMPUTACIÓN E INFORMÁTICA;UNIVERSIDAD ARTURO PRAT;TECNOLOGÍA;30;35;1;468;92.26;468;571.6;597.75;673.4;660;734.25;816.6;839.5
2026;23052;PEDAGOGÍA EN MATEMÁTICA Y FÍSICA;UNIVERSIDAD ARTURO PRAT;EDUCACIÓN;12;17;1;630.5;71.15;534.5;594.3;599.5;648.32;621;699;743.9;803
2026;23054;PEDAGOGÍA EN LENGUA CASTELLANA Y COMUNICACIÓN;UNIVERSIDAD ARTURO PRAT;EDUCACIÓN;25;27;1;563;83.19;450;549.3;560.25;610.2;586.5;629.5;729.2;812.5
2026;23056;INGENIERÍA EN BIOTECNOLOGÍA;UNIVERSIDAD ARTURO PRAT;TECNOLOGÍA;14;24;1;606.5;106.16;486;513.15;558.38;642.25;626;711;782.2;889
2026;23058;INGENIERÍA CIVIL AMBIENTAL;UNIVERSIDAD ARTURO PRAT;TECNOLOGÍA;20;24;1;645.5;72.75;461.5;473.05;502.12;561.15;539;631.12;648.65;688
2026;23059;TRABAJO SOCIAL;UNIVERSIDAD ARTURO PRAT;CIENCIAS SOCIALES;25;29;1;505;64.21;462.5;471;483.5;526.95;505;539.5;643.7;710.5
2026;23060;ENFERMERÍA;UNIVERSIDAD ARTURO PRAT;SALUD;40;43;1;658.5;67.85;466;484.3;513.25;559.87;546.5;598.75;654.6;773
2026;23061;PSICOLOGÍA;UNIVERSIDAD ARTURO PRAT;CIENCIAS SOCIALES;35;40;1;511.5;54.96;461.5;477.45;498.62;539.32;536.5;557.62;603.85;693
2026;23062;INGENIERÍA EN INFORMACIÓN Y CONTROL DE GESTIÓN;UNIVERSIDAD ARTURO PRAT;ADMINISTRACIÓN Y COMERCIO;22;37;1;530.5;81.55;470;483;518.5;583.31;574;645.5;701.9;753.5
2026;23063;CONTADOR  PUBLICO Y AUDITOR;UNIVERSIDAD ARTURO PRAT;ADMINISTRACIÓN Y COMERCIO;22;31;1;493.5;79.2;480.5;486;510.75;573.11;557.5;625;667.5;808
2026;23065;KINESIOLOGÍA;UNIVERSIDAD ARTURO PRAT;SALUD;45;55;1;481.5;63.58;468.5;484.3;539.25;573.68;575;618.75;648.8;721.5
2026;23068;KINESIOLOGÍA;UNIVERSIDAD ARTURO PRAT;SALUD;30;40;1;552;51.42;460.5;493.5;515.25;548.59;538.5;573.88;609.45;682
2026;23069;PEDAGOGÍA EN INGLÉS;UNIVERSIDAD ARTURO PRAT;EDUCACIÓN;30;36;1;553.5;72.1;450;529.75;561.75;611.46;606.25;649.62;716.25;782
2026;23070;PSICOLOGÍA;UNIVERSIDAD ARTURO PRAT;CIENCIAS SOCIALES;42;44;1;585.5;78.69;473.5;502.35;526.5;592.39;572.5;655.88;698.1;780.5
2026;23073;PEDAGOGÍA EN EDUCACIÓN FÍSICA;UNIVERSIDAD ARTURO PRAT;EDUCACIÓN;25;31;1;583;62.84;500.5;549;562.5;607.31;592.5;636;686;815
2026;23074;INGENIERÍA CIVIL DE MINAS;UNIVERSIDAD ARTURO PRAT;TECNOLOGÍA;40;50;1;578.5;104.12;472.5;524;580.88;656.21;642.75;721.25;788.35;891.5
2026;23075;INGENIERÍA CIVIL ELECTRÓNICA;UNIVERSIDAD ARTURO PRAT;TECNOLOGÍA;22;33;1;589;82.85;500;521.9;581;625.8;607.5;664.5;730.7;865.5
2026;23077;ODONTOLOGÍA;UNIVERSIDAD ARTURO PRAT;SALUD;40;45;1;614;73.15;539;578.9;636;682.5;684.5;728.5;781.8;844.5
2026;23078;FONOAUDIOLOGÍA;UNIVERSIDAD ARTURO PRAT;SALUD;40;51;1;509.5;52.42;458.5;487.5;502.25;543.39;533;579.5;621.5;682
2026;23081;TRADUCCIÓN INGLÉS CASTELLANO INGLÉS MENCIÓN FRANCÉS;UNIVERSIDAD ARTURO PRAT;HUMANIDADES;30;20;0;543;58.51;468.5;487.75;500.12;553.25;554.75;600.75;629.7;655
2026;23082;PEDAGOGÍA EN EDUCACIÓN DIFERENCIAL;UNIVERSIDAD ARTURO PRAT;EDUCACIÓN;30;25;0;581;70.75;468.5;489.9;518;573.8;575;625;664.4;740
2026;23083;ADMINISTRACIÓN Y GESTIÓN PÚBLICA;UNIVERSIDAD ARTURO PRAT;CIENCIAS SOCIALES;15;15;1;528.5;50.74;463;493.7;516.25;551.6;561;583.5;589.4;665
2026;23085;INGENIERÍA COMERCIAL, MENCIÓN GESTIÓN ESTRATÉGICA;UNIVERSIDAD ARTURO PRAT;ADMINISTRACIÓN Y COMERCIO;30;19;0;547.5;53.56;466;507;544;574.21;581.5;608.75;628.9;692
2026;24003;ENFERMERIA;UNIVERSIDAD DE ANTOFAGASTA;SALUD;45;55;1;622.5;93.9;521.5;588.7;632.25;706.49;713.5;781.25;808.3;930
2026;24011;KINESIOLOGIA;UNIVERSIDAD DE ANTOFAGASTA;SALUD;45;55;1;638.5;80.2;509.5;579;621.75;679.25;667.5;744.75;781.1;841
2026;24013;OBSTETRICIA Y PUERICULTURA;UNIVERSIDAD DE ANTOFAGASTA;SALUD;30;35;1;667.5;80.5;532;576.7;622.75;676.29;668;734.5;796;851.5
2026;24017;TRABAJO SOCIAL;UNIVERSIDAD DE ANTOFAGASTA;CIENCIAS SOCIALES;30;40;1;520;77.12;460.5;484.05;508;549.14;531.5;557.62;640.2;890
2026;24040;DERECHO;UNIVERSIDAD DE ANTOFAGASTA;DERECHO;70;90;1;539.5;68.69;471.5;493.45;541;586.56;585.25;620.25;682.3;780.5
2026;24041;PEDAGOGÍA EN BIOLOGÍA Y CIENCIAS NATURALES;UNIVERSIDAD DE ANTOFAGASTA;EDUCACIÓN;15;19;1;553;72.4;475;513.9;562.25;601.66;586.5;633;698.4;746.5
2026;24046;ADMINISTRACIÓN PÚBLICA;UNIVERSIDAD DE ANTOFAGASTA;CIENCIAS SOCIALES;25;40;1;509.5;63.57;461.5;481.2;507;554.59;546.5;584.75;627.9;762.5
2026;24047;MEDICINA;UNIVERSIDAD DE ANTOFAGASTA;SALUD;40;45;1;856.5;30.89;844;860.9;872.5;900.83;904;927.5;937.6;969
2026;24048;ODONTOLOGÍA;UNIVERSIDAD DE ANTOFAGASTA;SALUD;45;50;1;795;71.08;612.5;681.95;730;769.79;772.5;811.25;873.5;908
2026;24052;PEDAGOGÍA EN LENGUAJE Y COMUNICACIÓN;UNIVERSIDAD DE ANTOFAGASTA;EDUCACIÓN;30;28;0;589;67.8;486;556.1;578.75;618.82;602.75;655.12;695.15;818
2026;24055;PEDAGOGÍA EN MATEMÁTICA;UNIVERSIDAD DE ANTOFAGASTA;EDUCACIÓN;15;6;0;666;59.26;581;601;632.25;669.58;680.75;714.62;727;733
2026;24058;BIOQUÍMICA;UNIVERSIDAD DE ANTOFAGASTA;CIENCIAS BÁSICAS;20;35;1;557.5;89.01;526;535.4;590.25;651.81;632.5;714.25;753.2;834.5
2026;24060;BACHILLERATO EN CIENCIAS;UNIVERSIDAD DE ANTOFAGASTA;CIENCIAS BÁSICAS;15;25;1;626;90.35;461;504.5;543.5;585.64;564.5;612.5;664.6;837
2026;24065;NUTRICIÓN Y DIETÉTICA;UNIVERSIDAD DE ANTOFAGASTA;SALUD;45;55;1;588.5;72.8;474;509.5;549.5;600.04;592;643;707.7;801
2026;24067;BACHILLERATO EN CIENCIAS DE LA SALUD;UNIVERSIDAD DE ANTOFAGASTA;SALUD;60;70;1;579;96.29;535.5;617.5;693.38;752.53;756.5;825;860.05;928
2026;24068;INGENIERIA CIVIL EN PROCESOS DE MINERALES;UNIVERSIDAD DE ANTOFAGASTA;TECNOLOGÍA;15;25;1;496.5;103.78;460;484.5;531.5;602.92;585.5;644.5;771.7;822
2026;24069;INGENIERIA COMERCIAL, MENCIÓN NEGOCIOS MINEROS;UNIVERSIDAD DE ANTOFAGASTA;ADMINISTRACIÓN Y COMERCIO;55;65;1;556;66.02;439.5;511.9;532;579.58;578;606.5;660.3;832.5
2026;24070;INGENIERÍA CIVIL INDUSTRIAL;UNIVERSIDAD DE ANTOFAGASTA;TECNOLOGÍA;55;65;1;638.5;74.51;466;563.8;604;657.85;660;715;749.9;836
2026;24083;BIOLOGÍA MARINA;UNIVERSIDAD DE ANTOFAGASTA;CIENCIAS BÁSICAS;25;35;1;575;77.78;480.5;505.2;535.5;590.83;575;635.25;691.5;835.5
2026;24084;DISEÑO GRÁFICO, MENCION DISEÑO ESTRATÉGICO;UNIVERSIDAD DE ANTOFAGASTA;ARTE Y ARQUITECTURA;35;45;1;504;93.69;421.5;492.5;513.5;592.61;573;641.5;732.4;799.5
2026;24085;PSICOLOGÍA;UNIVERSIDAD DE ANTOFAGASTA;CIENCIAS SOCIALES;30;40;1;568;94.64;489.5;545.35;586;657.22;640.75;729.62;764.1;882
2026;24086;FONOAUDIOLOGIA;UNIVERSIDAD DE ANTOFAGASTA;SALUD;35;45;1;513.5;72.19;458;516.7;539.5;593.84;584;640.5;683.1;799
2026;24087;PEDAGOGÍA EN EDUCACIÓN PARVULARIA, MENCIÓN NECESIDADES EDUCATIVAS ESPECIALES;UNIVERSIDAD DE ANTOFAGASTA;EDUCACIÓN;25;23;0;579;48.79;481.5;547.1;555.5;592.48;581;630.25;653.3;686.5
2026;24088;PEDAGOGÍA EN EDUCACIÓN BÁSICA, MENCIÓN EN LENGUAJE Y COMUNICACIÓN Y MATEMÁTICA;UNIVERSIDAD DE ANTOFAGASTA;EDUCACIÓN;15;11;0;596;61.34;476;486;532.25;572.64;585;607;647.5;662
2026;24089;MÚSICA;UNIVERSIDAD DE ANTOFAGASTA;ARTE Y ARQUITECTURA;20;25;1;555;93.66;458;480.3;521;585.06;568;665;731;793.5
2026;24090;ARTES ESCÉNICAS;UNIVERSIDAD DE ANTOFAGASTA;ARTE Y ARQUITECTURA;15;25;1;592.5;73.04;481.5;504.2;531.5;586.48;576.5;620.5;690.1;747.5
2026;24091;BACHILLERATO EN CIENCIAS SOCIALES Y ARTES;UNIVERSIDAD DE ANTOFAGASTA;CIENCIAS SOCIALES;20;12;0;533;74.7;499.5;500.65;512.88;573.83;550.75;614.38;664.4;725.5
2026;24092;TERAPIA OCUPACIONAL;UNIVERSIDAD DE ANTOFAGASTA;SALUD;30;45;1;666;80.78;519.5;553;581.5;641.01;632;676.5;771.9;827.5
2026;24093;INGENIERIA CIVIL ELÉCTRICA;UNIVERSIDAD DE ANTOFAGASTA;TECNOLOGÍA;55;65;1;584;96.78;511.5;549.9;596.5;676.16;677;738.5;802;891.5
2026;24094;INGENIERIA CIVIL MECÁNICA;UNIVERSIDAD DE ANTOFAGASTA;TECNOLOGÍA;55;65;1;641;78.07;463;549.9;592.5;638;629;682;722.7;852.5
2026;24095;INGENIERIA CIVIL EN MINAS;UNIVERSIDAD DE ANTOFAGASTA;TECNOLOGÍA;55;65;1;561;73.98;489;533.7;567.5;622.69;619.5;675;729.1;792.5
2026;24096;INGENIERIA CIVIL EN GEOMENSURA Y GEOMATICA;UNIVERSIDAD DE ANTOFAGASTA;CIENCIAS BÁSICAS;15;25;1;553.5;95.07;488;531.2;553.5;622.54;596;681;751.1;870.5
2026;24097;INGENIERIA EN BIOTECNOLOGÍA;UNIVERSIDAD DE ANTOFAGASTA;TECNOLOGÍA;25;27;1;493;102.32;491.5;508.9;521.75;599.7;554.5;666.75;760.1;831
2026;24109;PEDAGOGÍA EN EDUCACIÓN FÍSICA;UNIVERSIDAD DE ANTOFAGASTA;EDUCACIÓN;50;60;1;608;45.86;515.5;554.35;570.62;603.9;598.5;624.25;666.15;742
2026;24110;PEDAGOGÍA EN INGLÉS;UNIVERSIDAD DE ANTOFAGASTA;EDUCACIÓN;20;10;0;606.5;63.4;456.5;536.6;554.62;582.25;577.25;614.75;638.55;697.5
2026;24111;LICENCIATURA EN CIENCIAS, MENCIÓN FÍSICA Y ASTROFÍSICA;UNIVERSIDAD DE ANTOFAGASTA;CIENCIAS BÁSICAS;15;2;0;458;34.29;458;462.85;470.12;482.25;482.25;494.38;501.65;506.5
2026;24112;QUÍMICA Y FARMACIA;UNIVERSIDAD DE ANTOFAGASTA;SALUD;40;50;1;600;75.33;542;580.6;625.62;679.97;690.25;728.38;765.7;851.5
2026;24113;TECNOLOGÍA MÉDICA EN LABORATORIO CLÍNICO, HEMATOLOGÍA Y MEDICINA TRANSFUSIONAL;UNIVERSIDAD DE ANTOFAGASTA;SALUD;45;50;1;636.5;94.5;499.5;557.05;588.88;657.24;642.5;702.75;791.75;904
2026;24114;TECNOLOGÍA MÉDICA EN IMAGENOLOGÍA Y FÍSICA MÉDICA;UNIVERSIDAD DE ANTOFAGASTA;SALUD;20;25;1;629;79.97;528;607.4;638.5;691.68;687.5;746.5;785.7;854
2026;25001;INGENIERÍA CIVIL INDUSTRIAL;UNIVERSIDAD DE LA SERENA;TECNOLOGÍA;100;105;1;760;70.18;647.5;681.4;714;772.27;766;815.5;871.8;956.5
2026;25002;INGENIERÍA CIVIL MECÁNICA;UNIVERSIDAD DE LA SERENA;TECNOLOGÍA;60;62;1;721;64.67;604;695.4;731.62;781.34;783.75;830.88;853.85;935.5
2026;25003;INGENIERÍA CIVIL DE MINAS;UNIVERSIDAD DE LA SERENA;TECNOLOGÍA;70;72;1;795;50.51;705;753.6;780.75;818.29;819;851.38;885.15;919.5
2026;25004;INGENIERÍA CIVIL;UNIVERSIDAD DE LA SERENA;TECNOLOGÍA;65;70;1;692;78.3;592.5;641.2;673.5;731.96;730;799.38;829.7;899
2026;25005;INGENIERÍA CIVIL AMBIENTAL;UNIVERSIDAD DE LA SERENA;TECNOLOGÍA;40;45;1;625;77.68;551;610.7;634.5;690.88;679;754;814;830
2026;25006;INGENIERÍA CIVIL EN COMPUTACIÓN E INFORMÁTICA;UNIVERSIDAD DE LA SERENA;TECNOLOGÍA;80;85;1;657.5;63.87;561;648.7;671;719.85;714;754;803.8;891.5
2026;25010;INGENIERÍA EN CONSTRUCCIÓN;UNIVERSIDAD DE LA SERENA;TECNOLOGÍA;55;60;1;573;83.57;501.5;547.5;574.5;633.51;617.25;680.38;747;920.5
2026;25015;ARQUITECTURA;UNIVERSIDAD DE LA SERENA;ARTE Y ARQUITECTURA;70;75;1;636;56.97;592.5;632.1;657;696.99;686;741.5;766.9;857.5
2026;25016;INGENIERÍA MECÁNICA;UNIVERSIDAD DE LA SERENA;TECNOLOGÍA;70;75;1;599;52.92;538.5;606.2;642.25;673.07;675;700.5;737.8;842
2026;25017;INGENIERÍA DE MINAS;UNIVERSIDAD DE LA SERENA;TECNOLOGÍA;70;75;1;679.5;57.57;547;626.6;659.5;698.05;696;733.25;759.6;859
2026;25019;INGENIERÍA EN BIOTECNOLOGÍA MENCIÓN EN ALIMENTOS O PROCESOS SUSTENTABLES;UNIVERSIDAD DE LA SERENA;TECNOLOGÍA;40;45;1;666;81.46;546.5;608.4;653;710;708.5;754;809.5;909.5
2026;25024;PEDAGOGÍA EN BIOLOGÍA Y CS NATURALES;UNIVERSIDAD DE LA SERENA;EDUCACIÓN;10;10;1;749.5;81.42;621;652.95;715;759.6;765.25;815.5;853.1;872
2026;25025;PEDAGOGÍA EN MATEMÁTICAS Y FÍSICA;UNIVERSIDAD DE LA SERENA;EDUCACIÓN;15;15;1;739;68.49;627;643.5;694;726.33;718.5;747.75;807.2;885.5
2026;25028;LICENCIATURA EN ASTRONOMÍA;UNIVERSIDAD DE LA SERENA;CIENCIAS BÁSICAS;30;35;1;700;65.85;632.5;676.1;703;756.21;759;795.5;831;935.5
2026;25029;PEDAGOGÍA EN MATEMÁTICAS;UNIVERSIDAD DE LA SERENA;EDUCACIÓN;15;15;1;665;101.59;568.5;619.1;662.5;733.17;711;830.75;860.3;882
2026;25033;ENFERMERÍA;UNIVERSIDAD DE LA SERENA;SALUD;30;35;1;617;63.79;617;690.7;716.75;757.59;757.5;787.25;851.5;888
2026;25036;ODONTOLOGÍA;UNIVERSIDAD DE LA SERENA;SALUD;45;50;1;766;54.43;693.5;718.4;743.5;789.23;788.25;829.5;861.85;919.5
2026;25037;KINESIOLOGÍA;UNIVERSIDAD DE LA SERENA;SALUD;55;60;1;640;63.9;543;571.55;595.88;646.92;643.25;686.12;731.95;787.5
2026;25038;QUÍMICA;UNIVERSIDAD DE LA SERENA;CIENCIAS BÁSICAS;45;47;1;604;66.59;593.5;662.4;688;730.61;731;763.25;808.1;939
2026;25039;QUÍMICA Y FARMACIA;UNIVERSIDAD DE LA SERENA;SALUD;55;60;1;802.5;52.62;714.5;757.55;770.5;812.25;802.5;854.88;880.4;939.5
2026;25041;PEDAGOGÍA EN CASTELLANO Y FILOSOFÍA;UNIVERSIDAD DE LA SERENA;EDUCACIÓN;30;33;1;686.5;68.48;559.5;584.2;620.5;670.83;660.5;720.5;764.5;839
2026;25042;PEDAGOGÍA EN HISTORIA Y GEOGRAFÍA;UNIVERSIDAD DE LA SERENA;EDUCACIÓN;30;30;1;596;69.32;561;599.15;637;674.85;665;700.5;746.8;860
2026;25043;PEDAGOGÍA EN INGLÉS;UNIVERSIDAD DE LA SERENA;EDUCACIÓN;40;40;1;587;74.5;535.5;586.6;605.88;659.4;650;695.12;776.85;852
2026;25044;PEDAGOGÍA EN EDUCACIÓN MUSICAL;UNIVERSIDAD DE LA SERENA;EDUCACIÓN;20;20;1;644.5;48.39;598.5;609.8;622.88;665.6;666.5;693.25;739.25;741.5
2026;25046;LICENCIATURA EN MÚSICA;UNIVERSIDAD DE LA SERENA;ARTE Y ARQUITECTURA;25;27;1;540.5;86.96;540.5;556.9;571.75;633.39;599;666.75;731.7;920.5
2026;25050;PEDAGOGÍA EN EDUCACIÓN PARVULARIA;UNIVERSIDAD DE LA SERENA;EDUCACIÓN;15;15;1;652.5;45.39;510;549.9;565.75;598.8;593.5;634.75;649.9;670.5
2026;25051;PEDAGOGÍA EN EDUCACIÓN GENERAL BÁSICA;UNIVERSIDAD DE LA SERENA;EDUCACIÓN;15;15;1;767.5;77.76;524;562.1;631.25;661.43;654;708.25;764.5;797
2026;25052;PEDAGOGÍA EN EDUCACIÓN DIFERENCIAL;UNIVERSIDAD DE LA SERENA;EDUCACIÓN;25;25;1;551;52.4;519.5;568.2;588.5;619.92;610.5;649.5;684.3;734.5
2026;25053;PEDAGOGÍA EN EDUCACIÓN GENERAL BÁSICA;UNIVERSIDAD DE LA SERENA;EDUCACIÓN;15;15;1;547;110.6;418;529.6;551.25;620.33;603;696.75;772.6;822
2026;25061;AUDITORIA;UNIVERSIDAD DE LA SERENA;ADMINISTRACIÓN Y COMERCIO;60;63;1;671;93.72;475.5;539.5;581.75;651.42;642.5;703;787.3;880.5
2026;25063;TRADUCCIÓN INGLÉS - ESPAÑOL;UNIVERSIDAD DE LA SERENA;HUMANIDADES;30;33;1;513.5;76.26;439;531.3;594.5;629.32;628.5;663;725.4;800.5
2026;25064;PSICOLOGÍA;UNIVERSIDAD DE LA SERENA;CIENCIAS SOCIALES;50;50;1;734;55.71;643.5;679.15;706;746.19;741.5;780.5;815.2;878.5
2026;25065;PERIODISMO;UNIVERSIDAD DE LA SERENA;CIENCIAS SOCIALES;55;60;1;626;62.43;504;524.9;561.38;611.6;608.25;657;697.75;740
2026;25066;DISEÑO;UNIVERSIDAD DE LA SERENA;ARTE Y ARQUITECTURA;40;43;1;556;77.72;525;561;609.5;666.63;674.5;700.25;746;860
2026;25067;INGENIERÍA COMERCIAL;UNIVERSIDAD DE LA SERENA;ADMINISTRACIÓN Y COMERCIO;60;63;1;549.5;65.05;549.5;586.4;628.25;674.85;663.5;729.25;754.4;817.5
2026;25069;INGENIERÍA EN ADMINISTRACIÓN DE EMPRESAS;UNIVERSIDAD DE LA SERENA;ADMINISTRACIÓN Y COMERCIO;50;53;1;675;67.01;503;541.5;592.5;635.25;636;667.5;724.2;800.5
2026;25070;DERECHO;UNIVERSIDAD DE LA SERENA;DERECHO;75;78;1;664;69.29;585;612.95;644.62;685.26;669;715.62;799.45;919.5
2026;25071;ADMINISTRACIÓN PÚBLICA;UNIVERSIDAD DE LA SERENA;CIENCIAS SOCIALES;60;63;1;596.5;90.39;498.5;547.6;581.75;652.15;639.5;693.25;759.3;889
2026;25080;MEDICINA;UNIVERSIDAD DE LA SERENA;SALUD;35;40;1;870;25.03;829;869.1;873.38;895.29;896.75;912.12;925.7;957
2026;26000;EDUCACION PARVULARIA, LICENCIATURA EN EDUCACION;UNIVERSIDAD DE PLAYA ANCHA ;EDUCACIÓN;50;22;0;551;69.24;441.5;465.95;546.88;575.43;579.5;600.38;675.85;703.5
2026;26005;PEDAGOGIA EN EDUCACION BASICA, LICENCIATURA EN EDUCACION;UNIVERSIDAD DE PLAYA ANCHA ;EDUCACIÓN;40;25;0;603;52.19;493.5;546.4;554.5;587.28;574.5;601.5;659.2;723.5
2026;26007;PEDAGOGIA EN EDUCACION DIFERENCIAL, LICENCIATURA EN EDUCACION;UNIVERSIDAD DE PLAYA ANCHA ;EDUCACIÓN;55;32;0;557.5;58.69;436.5;493.7;546.75;569.02;562.75;595.5;643.95;701
2026;26008;PEDAGOGIA EN EDUCACION DIFERENCIAL- LICENCIATURA EN EDUCACION- SAN FELIPE;UNIVERSIDAD DE PLAYA ANCHA ;EDUCACIÓN;35;34;0;629;72.91;453.5;519.05;560.38;599.91;595.25;627.12;677.05;778.5
2026;26009;PEDAGOGÍA EN CASTELLANO- LICENCIATURA EN EDUCACION-SAN FELIPE;UNIVERSIDAD DE PLAYA ANCHA ;EDUCACIÓN;15;12;0;597;73.52;539;561.5;574.25;625.42;600;655;746.5;761
2026;26010;PEDAGOGIA EN CASTELLANO, LICENCIATURA EN EDUCACION;UNIVERSIDAD DE PLAYA ANCHA ;EDUCACIÓN;30;11;0;566.5;45.18;551;561.5;565.5;601.18;591;639.25;650;687
2026;26025;PEDAGOGIA EN INGLES, LICENCIATURA EN EDUCACION;UNIVERSIDAD DE PLAYA ANCHA ;EDUCACIÓN;40;12;0;645.5;86.24;470.5;546;548.62;615;604.5;686.88;700.3;752.5
2026;26029;TRADUCCION E INTERPRETACION INGLES-ESPAÑOL;UNIVERSIDAD DE PLAYA ANCHA ;HUMANIDADES;30;20;0;583;81.4;466;504.8;524.25;580.25;551.5;627.62;698.05;749
2026;26032;LICENCIATURA EN ARTE;UNIVERSIDAD DE PLAYA ANCHA ;ARTE Y ARQUITECTURA;20;14;0;502;82.8;489.5;525.7;599.62;629.32;619.25;655;749.5;780
2026;26038;DIBUJANTE PROYECTISTA;UNIVERSIDAD DE PLAYA ANCHA ;TECNOLOGÍA;10;4;0;592.5;53.76;471.5;494;527.75;546.88;561.75;580.88;587.85;592.5
2026;26040;PEDAGOGIA EN EDUCACION  MUSICAL, LICENCIATURA EN EDUCACION;UNIVERSIDAD DE PLAYA ANCHA ;EDUCACIÓN;25;15;0;546;66.26;500;544.2;562;613.9;606.5;673;689.1;728.5
2026;26050;PEDAGOGÍA EN HISTORIA Y GEOGRAFIA,  LICENCIATURA  EN EDUCACIÓN;UNIVERSIDAD DE PLAYA ANCHA ;EDUCACIÓN;20;13;0;592.5;78.46;428;554.6;581;616.46;614.5;682;706.5;714
2026;26052;FONOAUDIOLOGÍA. LICENCIATURA EN FONOAUDIOLOGÍA;UNIVERSIDAD DE PLAYA ANCHA ;SALUD;40;36;0;499.5;66.51;458;465.25;498;540.6;526.75;575.38;624.25;723
2026;26054;GEOGRAFIA, LIC.EN GEOGRAFIA C/MENCION EN GESTION Y ORDENAMIENTO TERRITORIAL;UNIVERSIDAD DE PLAYA ANCHA ;CIENCIAS SOCIALES;15;3;0;557.5;120.36;557.5;573.9;598.5;663.83;639.5;717;763.5;794.5
2026;26055;PEDAGOGIA EN FILOSOFIA, LICENCIATURA EN EDUCACIÓN;UNIVERSIDAD DE PLAYA ANCHA ;EDUCACIÓN;10;2;0;582;9.9;582;583.4;585.5;589;589;592.5;594.6;596
2026;26059;PEDAGOGIA EN INGLES-LICENCIATURA EN EDUCACION-SAN FELIPE;UNIVERSIDAD DE PLAYA ANCHA ;EDUCACIÓN;20;13;0;560;55.46;560;597.4;606.5;652.35;642.5;689.5;730;750
2026;26060;PEDAGOGIA EN BIOLOGIA Y CIENCIAS,  LICENCIATURA EN EDUCACION;UNIVERSIDAD DE PLAYA ANCHA ;EDUCACIÓN;15;5;0;582;62.96;582;607.4;645.5;666.2;650;707.5;730.6;746
2026;26062;INGENIERIA CIVIL AMBIENTAL, LICENCIATURA EN CIENCIAS DE LA INGENIERIA;UNIVERSIDAD DE PLAYA ANCHA ;TECNOLOGÍA;10;2;0;591;4.95;584;584.7;585.75;587.5;587.5;589.25;590.3;591
2026;26063;INGENIERIA CIVIL INDUSTRIAL, LICENCIATURA EN CIENCIAS DE LA INGENIERIA;UNIVERSIDAD DE PLAYA ANCHA ;TECNOLOGÍA;25;20;0;489;62.92;471;498.9;531.12;572.58;569.5;606;640.55;725.5
2026;26070;PEDAGOGIA EN QUIMICA Y CIENCIAS, LICENCIATURA EN EDUCACION;UNIVERSIDAD DE PLAYA ANCHA ;EDUCACIÓN;12;1;0;678.5;;678.5;678.5;678.5;678.5;678.5;678.5;678.5;678.5
2026;26071;NUTRICION Y DIETETICA, LICENCIATURA EN NUTRICION;UNIVERSIDAD DE PLAYA ANCHA ;SALUD;60;28;0;475.5;54.83;438;474.25;493.75;530.5;524.75;546.62;596.55;682.5
2026;26073;PEDAGOGÍA EN MATEMÁTICA- LICENCIATURA EN EDUCACION;UNIVERSIDAD DE PLAYA ANCHA ;EDUCACIÓN;15;4;0;654;61.02;578;600.8;635;661.5;680;706.5;707.4;708
2026;26080;BIBLIOTECOLOGÍA, LICENCIATURA EN CIENCIAS DE LA DOCUMENTACION;UNIVERSIDAD DE PLAYA ANCHA ;HUMANIDADES;20;15;0;586;116.06;463;513;535;597.2;561.5;617.25;693.6;948
2026;26082;PERIODISMO, LICENCIATURA EN COMUNICACION SOCIAL;UNIVERSIDAD DE PLAYA ANCHA ;CIENCIAS SOCIALES;30;32;1;476;70.67;466;500.65;512.62;572.44;554.25;617.12;649.3;730
2026;26083;ADMINISTRACIÓN TURÍSTICA MULTILINGÜE C/M INGLÉS - FRANCÉS O INGLÉS - ALEMÁN;UNIVERSIDAD DE PLAYA ANCHA ;ADMINISTRACIÓN Y COMERCIO;25;21;0;470.5;75.02;466.5;485.5;495;559.57;533;603;625;774.5
2026;26084;PSICOLOGÍA. LICENCIATURA EN PSICOLOGÍA;UNIVERSIDAD DE PLAYA ANCHA ;CIENCIAS SOCIALES;90;90;1;465;65.87;464.5;526.45;569.25;608.42;607.25;651.12;682.35;795
2026;26092;ENFERMERIA, LICENCIATURA EN ENFERMERIA;UNIVERSIDAD DE PLAYA ANCHA ;SALUD;35;35;1;639;74.72;460;510.7;570.5;613.09;609;656.25;708.4;793
2026;26093;TERAPIA OCUPACIONAL, LICENCIATURA EN CIENCIAS DE LA OCUPACION HUMANA;UNIVERSIDAD DE PLAYA ANCHA ;SALUD;60;60;1;597;81.1;464;493.5;528;590.21;589;626.75;708.5;844.5
2026;26094;KINESIOLOGIA, LICENCIATURA EN KINESIOLOGIA;UNIVERSIDAD DE PLAYA ANCHA ;SALUD;60;62;1;550.5;54.69;463.5;504.15;522.5;564.77;554.25;598.25;653.45;690.5
2026;26095;TECNOLOGÍA EN DEPORTES Y RECREACIÓN;UNIVERSIDAD DE PLAYA ANCHA ;EDUCACIÓN;30;30;1;479;56.43;418;478.95;494.25;535.48;527.25;574.38;622.75;644.5
2026;26096;SOCIOLOGIA, LICENCIATURA EN SOCIOLOGIA;UNIVERSIDAD DE PLAYA ANCHA ;CIENCIAS SOCIALES;15;6;0;483;88.29;482;482.5;503.12;574.75;567.5;624.75;674.25;706
2026;26097;TEATRO, LICENCIATURA EN ARTE ESCENICO;UNIVERSIDAD DE PLAYA ANCHA ;ARTE Y ARQUITECTURA;15;17;1;475;72.76;475;494.9;519.5;556.38;541.5;567;632.9;773
2026;26099;INGENIERIA EN INFORMATICA C/M EN GESTION DE LA INF-SAN FELIPE;UNIVERSIDAD DE PLAYA ANCHA ;TECNOLOGÍA;20;18;0;488.5;49.01;488.5;495.05;542.75;564.44;562.75;593.62;617.45;662
2026;26300;DISEÑO;UNIVERSIDAD DE PLAYA ANCHA ;ARTE Y ARQUITECTURA;25;13;0;461.5;98.78;461.5;468.7;484.5;561.15;556.5;613;698.4;765.5
2026;26301;INGENIERIA CIVIL INFORMÁTICA, LICENCIATURA EN CIENCIAS DE LA INGENIERÍA;UNIVERSIDAD DE PLAYA ANCHA ;TECNOLOGÍA;25;23;0;481;91.42;467.5;489.2;546;596.57;593.5;641.75;659.3;904
2026;26302;INGENIERÍA COMERCIAL, LICENCIATURA EN CIENCIAS DE LA ADMINISTRACIÓN;UNIVERSIDAD DE PLAYA ANCHA ;ADMINISTRACIÓN Y COMERCIO;25;27;1;596;76.1;457.5;486.1;510.25;568.11;559.5;620.75;680.4;730
2026;26303;DERECHO, LICENCIATURA EN CIENCIAS JURÍDICAS Y SOCIALES;UNIVERSIDAD DE PLAYA ANCHA ;DERECHO;75;75;1;694.5;62.35;472;510.1;555;597.68;600;644.25;671.2;730
2026;26305;PEDAGOGÍA EN ARTES VISUALES CON MENCIÓN EN PATRIMONIO.;UNIVERSIDAD DE PLAYA ANCHA ;EDUCACIÓN;20;22;1;606.5;57.91;549.5;565.2;578;630.82;628;647.12;706.95;756.5
2026;26306;PEDAGOGÍA EN EDUCACIÓN FÍSICA;UNIVERSIDAD DE PLAYA ANCHA ;EDUCACIÓN;60;60;1;608.5;48.74;422.5;545.3;554.5;585.13;587.75;617.5;645.05;666.5
2026;26307;PEDAGOGÍA EN FÍSICA CON MENCIÓN EN EDUCACIÓN ASTRONÓMICA. LICENCIATURA EN EDUCACIÓN;UNIVERSIDAD DE PLAYA ANCHA ;EDUCACIÓN;15;5;0;629;40.22;579;587.4;600;621.6;614.5;629;662.9;685.5
2026;27001;INGENIERIA CIVIL EN MINAS;UNIVERSIDAD DE ATACAMA;TECNOLOGÍA;70;73;1;601.5;81.2;528;593.4;617.5;680.74;666.5;747.5;804.1;841
2026;27003;INGENIERIA CIVIL EN METALURGIA;UNIVERSIDAD DE ATACAMA;TECNOLOGÍA;50;53;1;554;83.01;471;558.1;593;645.06;632;688.5;739.5;897
2026;27004;INGENIERIA CIVIL EN COMPUTACION E INFORMATICA;UNIVERSIDAD DE ATACAMA;TECNOLOGÍA;50;53;1;478.5;88.98;478.5;534;571;632.12;618.5;700;750;827.5
2026;27005;INGENIERIA CIVIL INDUSTRIAL;UNIVERSIDAD DE ATACAMA;TECNOLOGÍA;55;58;1;614;83.92;575;623.05;664;728.55;724.75;800.88;837.25;898
2026;27009;GEOLOGIA;UNIVERSIDAD DE ATACAMA;CIENCIAS BÁSICAS;70;73;1;554;78.42;480;551.6;589.5;640.92;629;685;764.6;851
2026;27020;PSICOLOGIA;UNIVERSIDAD DE ATACAMA;CIENCIAS SOCIALES;60;63;1;523;68.92;468.5;536.6;561.75;617.35;611;652;716.6;811.5
2026;27021;LICENCIATURA EN EDUCACIÓN Y PEDAGOGÍA EN EDUCACIÓN FÍSICA;UNIVERSIDAD DE ATACAMA;EDUCACIÓN;35;37;1;595.5;55.05;473;545.8;567;603.49;599.5;644.5;673.8;740.5
2026;27022;LICENCIATURA EN TRADUCTOLOGÍA Y TRADUCTOR E INTÉRPRETE INGLÉS-ESPAÑOL;UNIVERSIDAD DE ATACAMA;HUMANIDADES;37;36;0;481.5;72.15;458;488.75;515.25;570.32;558.5;605.12;689.5;731.5
2026;27023;LICENCIATURA EN EDUCACIÓN. Y PEDAGOGÍA EN EDUCACIÓN  GENERAL BÁSICA;UNIVERSIDAD DE ATACAMA;EDUCACIÓN;30;26;0;546.5;81.84;492.5;547.5;554.12;618.65;616.5;642.62;715.25;861.5
2026;27027;LICENCIATURA  EN EDUCACIÓN Y PEDAGOGÍA EN INGLÉS;UNIVERSIDAD DE ATACAMA;EDUCACIÓN;30;12;0;550;73.56;528;550.45;583.38;636.29;625.5;685.75;720.1;763
2026;27028;LICENCIATURA EN EDUCACIÓN Y PEDAGOGÍA EN EDUCACIÓN PARVULARIA;UNIVERSIDAD DE ATACAMA;EDUCACIÓN;30;17;0;546.5;59.61;453.5;508.4;546.5;566.47;552;588.5;613.3;731.5
2026;27029;PEDAGOGÍA EN MATEMÁTICAS;UNIVERSIDAD DE ATACAMA;EDUCACIÓN;15;11;0;598.5;87.19;585;592;612.25;690.95;704.5;735.25;822;831.5
2026;27030;PEDAGOGÍA EN EDUCACIÓN DIFERENCIAL;UNIVERSIDAD DE ATACAMA;EDUCACIÓN;15;17;1;549;73.11;421.5;518.1;549;582.03;568;608;685.1;696
2026;27031;LIC. EN CIENCIAS MENCIÓN ASTRONOMÍA Y FÍSICA, MEDIO AMBIENTE Y RECURSOS NATURALES O PALEONTOLOGÍA;UNIVERSIDAD DE ATACAMA;CIENCIAS BÁSICAS;15;17;1;593;83.65;585.5;597.8;630.5;698.35;701.5;748.5;792.8;882
2026;27032;PEDAGOGÍA EN HISTORIA, GEOGRAFÍA Y CIENCIAS SOCIALES;UNIVERSIDAD DE ATACAMA;EDUCACIÓN;15;17;1;640.5;86.93;499.5;579.9;625;674.24;674.5;739;770.6;844
2026;27037;CONSTRUCCION CIVIL;UNIVERSIDAD DE ATACAMA;TECNOLOGÍA;40;42;1;640.5;78.77;497.5;516;541.5;599.92;573.75;643.5;709.95;806.5
2026;27040;DERECHO;UNIVERSIDAD DE ATACAMA;DERECHO;75;78;1;534.5;81.58;477.5;541.5;588.62;639.09;623.5;700;747.25;861.5
2026;27043;TRABAJO SOCIAL;UNIVERSIDAD DE ATACAMA;CIENCIAS SOCIALES;55;58;1;612.5;56.39;461.5;474.55;497.75;545.95;538.25;596;614.5;660.5
2026;27050;KINESIOLOGIA;UNIVERSIDAD DE ATACAMA;SALUD;55;56;1;567.5;68.98;484.5;542;561.38;620.19;621;673.12;713.75;761.5
2026;27051;NUTRICION Y DIETETICA;UNIVERSIDAD DE ATACAMA;SALUD;60;60;1;467.5;75.77;461.5;504.05;535.75;580.98;566.75;622.38;671.15;889
2026;27052;OBSTETRICIA Y PUERICULTURA;UNIVERSIDAD DE ATACAMA;SALUD;45;46;1;539;81.26;503;539.25;555.25;617.51;592.5;659.38;738.75;851
2026;27063;INGENIERIA COMERCIAL;UNIVERSIDAD DE ATACAMA;ADMINISTRACIÓN Y COMERCIO;55;58;1;618;83.57;496;544.95;582.5;637.01;617.75;679.25;751.45;847
2026;27070;MEDICINA;UNIVERSIDAD DE ATACAMA;SALUD;45;46;1;894.5;29.58;818;851.25;860.62;884.26;881;907.75;921.25;950.5
2026;27080;ENFERMERIA;UNIVERSIDAD DE ATACAMA;SALUD;50;51;1;534.5;74.02;504;571.5;604;659.77;659.5;717.5;752.5;818
2026;29001;ARQUITECTURA;UNIVERSIDAD DEL BIO-BIO;ARTE Y ARQUITECTURA;90;95;1;622.5;81.09;567.5;632.7;659.75;721.51;708.5;771;836.8;926.5
2026;29004;DISENO INDUSTRIAL;UNIVERSIDAD DEL BIO-BIO;TECNOLOGÍA;55;61;1;470.5;98.89;463;510;572;636.58;624;697.5;766;870
2026;29005;INGENIERIA EN CONSTRUCCION;UNIVERSIDAD DEL BIO-BIO;TECNOLOGÍA;80;90;1;481.5;76.19;458;510.85;550.25;605.03;592.25;664;708.65;760
2026;29010;TRABAJO SOCIAL;UNIVERSIDAD DEL BIO-BIO;CIENCIAS SOCIALES;50;55;1;568;60.62;464;481.8;522.25;556.83;549;585.25;638.6;725.5
2026;29012;DERECHO;UNIVERSIDAD DEL BIO-BIO;DERECHO;90;100;1;686;63.25;555;610.15;658.12;697.6;694.75;746;782.1;846
2026;29015;BACHILLERATO EN CIENCIAS;UNIVERSIDAD DEL BIO-BIO;CIENCIAS BÁSICAS;35;34;0;493.5;92.27;493.5;520.75;549.25;623.87;603.25;685.62;738.15;857.5
2026;29016;INGENIERÍA ELECTRÓNICA;UNIVERSIDAD DEL BIO-BIO;TECNOLOGÍA;40;50;1;546.5;82.54;481.5;520.75;589.12;645.61;663.75;694;748.5;806
2026;29017;INGENIERÍA ELÉCTRICA;UNIVERSIDAD DEL BIO-BIO;TECNOLOGÍA;40;50;1;607.5;87.35;475;561.45;593.12;654.85;647;697.5;772.55;919
2026;29018;INGENIERIA ESTADISTICA;UNIVERSIDAD DEL BIO-BIO;CIENCIAS BÁSICAS;30;30;1;543.5;113.97;497.5;559.05;597.62;682.93;663;762.5;840.95;943
2026;29019;INGENIERIA CIVIL QUIMICA;UNIVERSIDAD DEL BIO-BIO;TECNOLOGÍA;60;75;1;766.5;87.83;561;601.6;642.5;717.03;714;782.75;823.8;930
2026;29020;INGENIERIA CIVIL INDUSTRIAL;UNIVERSIDAD DEL BIO-BIO;TECNOLOGÍA;115;135;1;731.5;65.43;621;660.8;706;748.28;752;785.75;837.5;888.5
2026;29021;INGENIERIA CIVIL;UNIVERSIDAD DEL BIO-BIO;TECNOLOGÍA;95;111;1;591;72.9;515;603;647;699.68;702.5;753.25;783.5;861.5
2026;29026;INGENIERIA CIVIL MECANICA;UNIVERSIDAD DEL BIO-BIO;TECNOLOGÍA;75;95;1;700.5;94.26;500;577.6;640.25;707.67;708;769.25;843.3;935.5
2026;29027;INGENIERIA CIVIL EN INFORMATICA;UNIVERSIDAD DEL BIO-BIO;TECNOLOGÍA;85;90;1;699.5;76.62;578;671.95;712.88;768.06;769.25;830.88;860.95;930
2026;29028;INGENIERIA CIVIL EN AUTOMATIZACION;UNIVERSIDAD DEL BIO-BIO;TECNOLOGÍA;75;95;1;564.5;83.93;497;573.7;633.5;687.71;684.5;741;794.6;894.5
2026;29029;INGENIERIA CIVIL ELECTRICA;UNIVERSIDAD DEL BIO-BIO;TECNOLOGÍA;65;80;1;650;76.08;532;643.1;687.88;736.35;740.5;781.62;826.2;904
2026;29033;INGENIERÍA MECÁNICA;UNIVERSIDAD DEL BIO-BIO;TECNOLOGÍA;40;50;1;615.5;91.83;464.5;537.6;568.38;636.94;632.25;697.38;768.7;833.5
2026;29037;INGENIERIA DE EJECUCION EN COMPUTACION E INFORMATICA;UNIVERSIDAD DEL BIO-BIO;TECNOLOGÍA;65;70;1;547.5;86.54;476;552;598.88;659.89;649.5;723.75;782.3;876.5
2026;29045;CONTADOR PUBLICO Y AUDITOR;UNIVERSIDAD DEL BIO-BIO;ADMINISTRACIÓN Y COMERCIO;55;60;1;539.5;98.98;462;512.9;545.12;623.2;603;693.88;767.75;871
2026;29049;INGENIERIA COMERCIAL;UNIVERSIDAD DEL BIO-BIO;ADMINISTRACIÓN Y COMERCIO;85;90;1;614.5;66.9;508;566.45;604;653.79;656;703;744.65;857.5
2026;29051;INGENIERIA EN ALIMENTOS;UNIVERSIDAD DEL BIO-BIO;TECNOLOGÍA;35;40;1;466;91.5;466;485.25;511.25;599.7;593.5;666.38;741.4;774.5
2026;29052;ENFERMERIA;UNIVERSIDAD DEL BIO-BIO;SALUD;45;50;1;715;54.36;618;681.95;700.25;736.7;733;766.62;796.7;912
2026;29054;NUTRICION Y DIETETICA;UNIVERSIDAD DEL BIO-BIO;SALUD;45;50;1;546;68.92;462;537.4;585;624.24;626;667.88;705.3;794
2026;29055;FONOAUDIOLOGIA;UNIVERSIDAD DEL BIO-BIO;SALUD;45;50;1;606.5;67.86;535.5;541.4;569.38;629.15;626.25;680.12;708.5;837
2026;29057;INGENIERIA CIVIL EN INFORMATICA;UNIVERSIDAD DEL BIO-BIO;TECNOLOGÍA;65;70;1;693;73;571.5;677.4;715;767.08;766;814.88;857.05;943
2026;29059;INGENIERIA COMERCIAL;UNIVERSIDAD DEL BIO-BIO;ADMINISTRACIÓN Y COMERCIO;65;70;1;578.5;86.66;522.5;560.8;604;665.66;652.5;718.75;789.1;858.5
2026;29061;QUÍMICA Y FARMACIA;UNIVERSIDAD DEL BIO-BIO;SALUD;50;55;1;825.5;46.96;746;766.4;788.75;825.65;819;857.75;896.2;920.5
2026;29063;CONTADOR PUBLICO Y AUDITOR;UNIVERSIDAD DEL BIO-BIO;ADMINISTRACIÓN Y COMERCIO;40;45;1;681;98.96;452.5;530.3;582;661.82;677;721.5;779;872.5
2026;29064;DISENO GRAFICO;UNIVERSIDAD DEL BIO-BIO;ARTE Y ARQUITECTURA;45;51;1;496;77.29;458;533.5;560.5;621.65;626;676.75;713.5;808.5
2026;29065;MEDICINA;UNIVERSIDAD DEL BIO-BIO;SALUD;40;40;1;854;28.55;829;872.95;889;905.01;903.5;927;932.7;966
2026;29066;TRABAJO SOCIAL;UNIVERSIDAD DEL BIO-BIO;CIENCIAS SOCIALES;55;60;1;581;66.42;465;503.35;553.25;602.55;602.75;659;686.85;732
2026;29067;PSICOLOGIA;UNIVERSIDAD DEL BIO-BIO;CIENCIAS SOCIALES;65;70;1;569.5;81.61;569.5;640.8;680.88;741.23;734;806.12;860.65;917.5
2026;29068;BACHILLERATO EN CIENCIAS;UNIVERSIDAD DEL BIO-BIO;CIENCIAS BÁSICAS;35;40;1;667;67.05;625;667.45;703;745.39;735;767.25;844.8;930.5
2026;29069;INGENIERIA EN RECURSOS NATURALES;UNIVERSIDAD DEL BIO-BIO;TECNOLOGÍA;40;28;0;464.5;93.6;464.5;503.7;555.12;615.2;596.75;663.5;716.6;894.5
2026;29071;PEDAGOGIA EN EDUCACION FISICA;UNIVERSIDAD DEL BIO-BIO;EDUCACIÓN;45;50;1;617.5;71.1;546.5;562.45;577;635.41;617.5;689.75;719.05;860.5
2026;29072;PEDAGOGIA EN CASTELLANO Y COMUNICACION;UNIVERSIDAD DEL BIO-BIO;EDUCACIÓN;50;52;1;582;77.84;537.5;557.7;564.25;626.58;602.5;679.12;726.3;898.5
2026;29073;PEDAGOGIA EN CIENCIAS NATURALES M/ BIOL. M/FIS M/ QUI;UNIVERSIDAD DEL BIO-BIO;EDUCACIÓN;40;31;0;584;66.9;557;579;592.25;639.61;617.5;673.25;737;819
2026;29076;PEDAGOGIA EN INGLES;UNIVERSIDAD DEL BIO-BIO;EDUCACIÓN;50;55;1;666.5;71.45;500.5;575;595.75;644.41;632;672.5;756.3;821.5
2026;29077;PEDAGOGÍA EN EDUCACIÓN ESPECIAL CON MENCIÓN EN DIFICULTADES ESPECÍFICAS DEL APRENDIZAJE;UNIVERSIDAD DEL BIO-BIO;EDUCACIÓN;40;45;1;547;68.1;472;554.8;582;619.91;606.5;660.5;706.6;800.5
2026;29078;PEDAGOGIA EN HISTORIA Y GEOGRAFIA;UNIVERSIDAD DEL BIO-BIO;EDUCACIÓN;40;25;0;573.5;62.35;545.5;550.9;573.5;626.38;631;663.5;698.8;766.5
2026;29080;PEDAGOGIA EN EDUCACION PARVULARIA MENC DIDACTICA EN PRIMERA INFANCIA;UNIVERSIDAD DEL BIO-BIO;EDUCACIÓN;50;57;1;607.5;52.87;448;553;564.5;599.96;585;634.5;682;727
2026;29082;PEDAGOGIA EN EDUCACION GENERAL BASICA CON MENCION EN LENGUAJE Y COMUNICACIÓN O EDUCACION MATEMATICA;UNIVERSIDAD DEL BIO-BIO;EDUCACIÓN;40;45;1;545.5;64.38;489;544;565.5;610.97;594.5;663.5;697.7;754.5
2026;29086;PEDAGOGIA EN EDUCACION MATEMATICA;UNIVERSIDAD DEL BIO-BIO;EDUCACIÓN;40;17;0;604.5;68.92;547.5;606.6;641;673.68;664.5;696;752.9;847
2026;30000;CONTADOR PUBLICO Y AUDITOR;UNIVERSIDAD DE LA FRONTERA;ADMINISTRACIÓN Y COMERCIO;45;60;1;703.5;78.66;522.5;557.35;598.5;658.18;647.25;720.5;758.8;846.5
2026;30007;INGENIERIA EN CONSTRUCCION;UNIVERSIDAD DE LA FRONTERA;TECNOLOGÍA;50;59;1;599;92.8;489.5;551.7;574.5;651.85;638.5;714;752;878
2026;30012;INGENIERIA CIVIL ELECTRONICA;UNIVERSIDAD DE LA FRONTERA;TECNOLOGÍA;30;37;1;681;111.42;498.5;555.6;623.5;702.72;681;799;847.3;948
2026;30013;INGENIERIA CIVIL INDUSTRIAL;UNIVERSIDAD DE LA FRONTERA;TECNOLOGÍA;110;136;1;671;81.54;547;654.75;704.5;762.08;767.75;826.5;871.25;915
2026;30020;ENFERMERIA;UNIVERSIDAD DE LA FRONTERA;SALUD;61;73;1;769.5;72.61;632.5;663.9;696;762.21;769.5;821;851;926.5
2026;30021;FONOAUDIOLOGIA;UNIVERSIDAD DE LA FRONTERA;SALUD;35;50;1;490.5;68.72;490.5;502.25;554.5;589.64;579.25;622.62;663.25;839.5
2026;30022;TERAPIA OCUPACIONAL;UNIVERSIDAD DE LA FRONTERA;SALUD;41;51;1;493.5;75.18;493.5;545;586.25;633.9;614;688.25;707;820
2026;30023;KINESIOLOGIA;UNIVERSIDAD DE LA FRONTERA;SALUD;51;61;1;593;72.98;581;622.5;653;709.89;707.5;760;808;891.5
2026;30024;QUÍMICA Y FARMACIA;UNIVERSIDAD DE LA FRONTERA;SALUD;40;48;1;841;35.03;788;814.5;833.5;856.48;854;874.75;895.25;958
2026;30026;MEDICINA;UNIVERSIDAD DE LA FRONTERA;SALUD;58;62;1;925;25.77;885.5;901.75;909.5;928.98;925.25;944.12;963.85;1000
2026;30029;NUTRICION Y DIETETICA;UNIVERSIDAD DE LA FRONTERA;SALUD;42;55;1;497;65.72;459;549.1;584.75;618.41;614;655.5;695.7;783.5
2026;30032;OBSTETRICIA Y PUERICULTURA;UNIVERSIDAD DE LA FRONTERA;SALUD;40;50;1;690;73.21;586.5;645;676.75;731.99;721.75;796.38;818.65;908
2026;30033;ODONTOLOGIA;UNIVERSIDAD DE LA FRONTERA;SALUD;70;95;1;735;73.05;585;650.5;706.75;757.35;761.5;817.5;851.6;908
2026;30035;TECNOLOGIA MEDICA;UNIVERSIDAD DE LA FRONTERA;SALUD;57;67;1;650;69.64;644.5;682.9;720.5;767.75;757;810.5;862.7;939
2026;30037;MEDICINA VETERINARIA;UNIVERSIDAD DE LA FRONTERA;AGROPECUARIA;50;65;1;686;86.65;526.5;573.5;621.5;687.32;686;748.5;792;902.5
2026;30038;INGENIERIA CIVIL QUIMICA;UNIVERSIDAD DE LA FRONTERA;TECNOLOGÍA;30;42;1;640.5;87.87;525;595.35;640.5;708.7;717;776.38;816.4;865
2026;30039;DERECHO;UNIVERSIDAD DE LA FRONTERA;DERECHO;100;133;1;593;78.27;486;578;613;667.24;663.5;721.5;762.6;878
2026;30044;PEDAGOGIA  EN CASTELLANO Y COMUNICACION;UNIVERSIDAD DE LA FRONTERA;EDUCACIÓN;35;23;0;564.5;65.7;547;554.9;576.5;621.09;608.5;648.75;681.9;851
2026;30047;PEDAGOGIA EN EDUCACION FISICA, DEPORTES Y REC.;UNIVERSIDAD DE LA FRONTERA;EDUCACIÓN;50;60;1;640.5;53.96;504;550.6;566.88;608.23;590.5;641.25;692.65;735
2026;30050;PEDAGOGIA EN EDUCACION DIFERENCIAL;UNIVERSIDAD DE LA FRONTERA;EDUCACIÓN;30;22;0;581;99.92;499.5;546.3;575;616.77;588.5;630.75;679.65;907.5
2026;30055;PEDAGOGIA  EN  HISTORIA, GEOGRAFIA. Y EDUCACION CIVICA;UNIVERSIDAD DE LA FRONTERA;EDUCACIÓN;40;37;0;593;70.52;546.5;571.6;593;642.76;618.5;686;736.2;844.5
2026;30056;PEDAGOGIA EN INGLES;UNIVERSIDAD DE LA FRONTERA;EDUCACIÓN;35;47;1;633;74.36;545.5;557.1;577.5;633.19;625;654.5;729.7;888.5
2026;30058;PEDAGOGIA  MATEMATICA;UNIVERSIDAD DE LA FRONTERA;EDUCACIÓN;30;23;0;701;85.79;564.5;594.5;628.75;713.13;739;782.5;814.2;842
2026;30060;PEDAGOGIA EN CIENCIAS M. BIOLOGIA, QUIMICA O FISICA;UNIVERSIDAD DE LA FRONTERA;EDUCACIÓN;30;31;1;608;81.99;545;556;594;654;656.5;693;732;900.5
2026;30064;PSICOLOGIA;UNIVERSIDAD DE LA FRONTERA;CIENCIAS SOCIALES;60;70;1;637.5;82.38;545.5;623.35;663.75;720.06;710.5;775;838;913
2026;30065;BACHILLERATO EN CIENCIAS SOCIALES;UNIVERSIDAD DE LA FRONTERA;CIENCIAS SOCIALES;30;40;1;507.5;71.93;485.5;497.5;518.75;575;558.5;603;672.4;752
2026;30066;TRABAJO SOCIAL;UNIVERSIDAD DE LA FRONTERA;CIENCIAS SOCIALES;40;52;1;528.5;70.34;485.5;493.05;508.38;564.75;550;599.62;644.75;798.5
2026;30068;BIOTECNOLOGIA;UNIVERSIDAD DE LA FRONTERA;TECNOLOGÍA;30;47;1;667.5;98.66;528;603.2;668.75;736.8;740;822;848.3;900.5
2026;30069;INGENIERIA EN RECURSOS NATURALES;UNIVERSIDAD DE LA FRONTERA;TECNOLOGÍA;30;30;1;553.5;107.93;489;502.7;556.5;629.93;597.25;685;811.5;870
2026;30070;AGRONOMIA;UNIVERSIDAD DE LA FRONTERA;AGROPECUARIA;45;62;1;678.5;83.82;487;531.8;570;632.02;627.75;681.75;739.45;854
2026;30073;BIOQUIMICA;UNIVERSIDAD DE LA FRONTERA;CIENCIAS BÁSICAS;30;38;1;700.5;84.01;575;631.6;712.75;753.84;747.5;800.5;856.25;935.5
2026;30074;INGENIERIA CIVIL TELEMATICA;UNIVERSIDAD DE LA FRONTERA;TECNOLOGÍA;15;19;1;753;86.13;493;612.1;678;703.21;718.5;756;789.4;807.5
2026;30076;PLAN COMUN INGENIERIA CIVIL;UNIVERSIDAD DE LA FRONTERA;TECNOLOGÍA;100;136;1;672.5;96.02;493.5;598.25;652;720.41;722.75;795.5;846;948
2026;30077;INGENIERIA CIVIL ELECTRICA;UNIVERSIDAD DE LA FRONTERA;TECNOLOGÍA;45;56;1;667.5;91.81;561.5;648.75;688.88;762.76;766.25;842.5;875.25;939
2026;30078;INGENIERIA CIVIL MATEMATICA;UNIVERSIDAD DE LA FRONTERA;CIENCIAS BÁSICAS;15;19;1;581;124.64;489.5;659.4;736.5;798.32;842;881.75;931.4;958
2026;30079;INGENIERIA CIVIL AMBIENTAL;UNIVERSIDAD DE LA FRONTERA;TECNOLOGÍA;20;20;1;506.5;105.05;497.5;541.15;564.38;636.82;603.25;680.5;782.8;860.5
2026;30085;INGENIERIA COMERCIAL;UNIVERSIDAD DE LA FRONTERA;ADMINISTRACIÓN Y COMERCIO;70;80;1;712;74.64;525;622.8;667.75;718.93;717.5;763.25;810.75;880
2026;30086;INGENIERIA INFORMATICA;UNIVERSIDAD DE LA FRONTERA;TECNOLOGÍA;50;59;1;713;85.91;485;542.5;607.5;662.84;653;726.25;772.1;866.5
2026;30090;INGENIERIA CIVIL EN BIOTECNOLOGIA;UNIVERSIDAD DE LA FRONTERA;TECNOLOGÍA;20;25;1;692;99.27;542;597.8;664.5;731.06;746.5;789.5;849.1;932
2026;30091;PERIODISMO;UNIVERSIDAD DE LA FRONTERA;CIENCIAS SOCIALES;30;45;1;568;87.09;485.5;509;532;601.42;572.5;659.5;726.8;827
2026;30092;SOCIOLOGIA;UNIVERSIDAD DE LA FRONTERA;CIENCIAS SOCIALES;25;21;0;490.5;114.82;490.5;514.5;541.5;636.95;609;734.5;787.5;815
2026;30094;INGENIERIA CIVIL;UNIVERSIDAD DE LA FRONTERA;TECNOLOGÍA;40;44;1;665;71.33;596;666.5;707.75;751.7;746.5;797.5;836.2;911.5
2026;30095;INGENIERIA CIVIL INFORMATICA;UNIVERSIDAD DE LA FRONTERA;TECNOLOGÍA;50;59;1;539;92.06;539;654.6;715;768.51;776;827.5;894.9;982
2026;30096;INGENIERIA CIVIL MECANICA;UNIVERSIDAD DE LA FRONTERA;TECNOLOGÍA;45;56;1;606;89.01;561.5;635.75;670.88;741.25;740.5;804.5;849;924.5
2026;32001;ARQUITECTURA;UNIVERSIDAD DE LOS LAGOS;ARTE Y ARQUITECTURA;63;63;1;504;62.25;488;507.1;554.5;598.31;595.5;648.25;667;753
2026;32002;KINESIOLOGIA;UNIVERSIDAD DE LOS LAGOS;SALUD;53;53;1;549.5;63.59;486;498.3;517.5;575.35;570.5;614;671.5;718.5
2026;32003;INGENIERIA CIVIL EN INFORMATICA;UNIVERSIDAD DE LOS LAGOS;TECNOLOGÍA;90;71;0;493.5;104.42;485.5;518.5;577.25;653.37;648;705;805;935.5
2026;32005;ENFERMERIA;UNIVERSIDAD DE LOS LAGOS;SALUD;80;87;1;504;52.33;485;496.3;504;548.04;532;580.75;616.9;685.5
2026;32006;INGENIERIA CIVIL EN OBRAS CIVILES;UNIVERSIDAD DE LOS LAGOS;TECNOLOGÍA;45;18;0;511.5;92.29;490.5;507.85;547.38;613.89;599.75;694.12;713.35;816
2026;32007;INGENIERIA CIVIL ELECTRICA;UNIVERSIDAD DE LOS LAGOS;TECNOLOGÍA;45;57;1;500;95.76;500;534.4;608.5;667.54;667;733.5;792.1;894.5
2026;32011;CONTADOR PUBLICO Y AUDITOR;UNIVERSIDAD DE LOS LAGOS;ADMINISTRACIÓN Y COMERCIO;60;73;1;531.5;88.12;481.5;528.7;568;632.15;624.5;682;739.9;870
2026;32012;INGENIERIA COMERCIAL;UNIVERSIDAD DE LOS LAGOS;ADMINISTRACIÓN Y COMERCIO;68;68;1;566;76.08;502;565.55;606.88;663.61;666;711.62;751.5;844
2026;32014;ADMINISTRACION PUBLICA;UNIVERSIDAD DE LOS LAGOS;CIENCIAS SOCIALES;50;32;0;541.5;78.79;487.5;516;542.25;608.2;597;661.62;710.75;766.5
2026;32016;INGENIERIA CIVIL EN INFORMATICA;UNIVERSIDAD DE LOS LAGOS;TECNOLOGÍA;60;51;0;539;86.91;488.5;531.5;568;636.32;629.5;700;734.5;849
2026;32018;INGENIERIA CIVIL INDUSTRIAL;UNIVERSIDAD DE LOS LAGOS;TECNOLOGÍA;45;45;1;573;87.56;485.5;504.5;547;614.32;596.5;678;730.7;829
2026;32020;INGENIERIA AMBIENTAL;UNIVERSIDAD DE LOS LAGOS;TECNOLOGÍA;20;8;0;575;49.75;575;584.45;591.12;628.06;605.25;677.12;689.2;699
2026;32023;INGENIERIA EN ALIMENTOS;UNIVERSIDAD DE LOS LAGOS;TECNOLOGÍA;40;11;0;487;82.45;487;503.5;542.5;598.36;588.5;640.5;688.5;760
2026;32025;INGENIERIA EN ACUICULTURA SOSTENIBLE;UNIVERSIDAD DE LOS LAGOS;AGROPECUARIA;40;33;0;496.5;84.53;491.5;514.3;533.5;606.48;596;661;734;818
2026;32026;BIOLOGIA MARINA;UNIVERSIDAD DE LOS LAGOS;CIENCIAS BÁSICAS;50;60;1;531;65.6;487.5;513.1;534.25;579.58;566.75;606.38;652.65;815
2026;32027;ENFERMERIA;UNIVERSIDAD DE LOS LAGOS;SALUD;104;104;1;506.5;85.69;424;502.65;545;611.62;599.5;671.88;730.6;842
2026;32028;KINESIOLOGIA;UNIVERSIDAD DE LOS LAGOS;SALUD;67;67;1;600;63.32;481.5;513.3;535.5;592.21;589.5;639.5;671.7;780.5
2026;32029;NUTRICION Y DIETETICA;UNIVERSIDAD DE LOS LAGOS;SALUD;77;75;0;541.5;59.22;488.5;493.7;505.5;558.91;550.5;585.5;646.4;787
2026;32034;PEDAGOGIA EN EDUCACION MEDIA EN HISTORIA Y GEOGRAFIA;UNIVERSIDAD DE LOS LAGOS;EDUCACIÓN;40;20;0;615;58.69;559;579.2;590.75;631.55;616.25;661.62;722.85;748.5
2026;32037;PEDAGOGIA EN EDUCACION MEDIA  EN MATEMATICA Y COMPUTACION;UNIVERSIDAD DE LOS LAGOS;EDUCACIÓN;40;12;0;561.5;64.98;550.5;554.75;593;633.25;623.25;677.5;710.2;750
2026;32039;PEDAGOGIA EN EDUCACION MEDIA EN EDUCACION FISICA;UNIVERSIDAD DE LOS LAGOS;EDUCACIÓN;52;41;0;554.5;49.83;546;554.5;563;597.8;593;613.5;639;800
2026;32042;PEDAGOGIA EN EDUCACION MEDIA EN INGLES;UNIVERSIDAD DE LOS LAGOS;EDUCACIÓN;50;24;0;560;77.17;539.5;557.9;596.62;650.17;653.5;684.62;743.25;830
2026;32043;PEDAGOGIA EN EDUCACION MEDIA EN LENGUA CASTELLANA Y COMUNICACIONES;UNIVERSIDAD DE LOS LAGOS;EDUCACIÓN;40;26;0;603;62.52;525.5;570;585.62;630.96;617.75;660.75;721.75;770.5
2026;32045;PEDAGOGIA EN EDUCACION MEDIA EN  EDUCACION FISICA;UNIVERSIDAD DE LOS LAGOS;EDUCACIÓN;40;29;0;580;68.01;426;551.1;561;605.12;592.5;639.5;689.3;754.5
2026;32048;EDUCACION DIFERENCIAL CON ESPECIALIZACION EN PROBLEMAS DE APRENDIZAJE;UNIVERSIDAD DE LOS LAGOS;EDUCACIÓN;50;14;0;557.5;44.88;496.5;556.1;557.88;586.11;585.75;594.12;637.9;685.5
2026;32051;EDUCACION PARVULARIA;UNIVERSIDAD DE LOS LAGOS;EDUCACIÓN;50;21;0;596;44.24;501.5;553.5;567;590.88;588;615;621;694
2026;32055;PEDAGOGIA EN EDUCACION BASICA MENCION LENGUAJE Y MATEMATICA;UNIVERSIDAD DE LOS LAGOS;EDUCACIÓN;40;24;0;626;80.12;430;543.4;565.62;611.44;599;652.88;701.1;809
2026;32059;PEDAGOGIA EN EDUCACION GENERAL BASICA;UNIVERSIDAD DE LOS LAGOS;EDUCACIÓN;30;26;0;568;67.47;449;517.75;550.5;590.13;578.25;624.75;684.5;726.5
2026;32061;TRABAJO SOCIAL;UNIVERSIDAD DE LOS LAGOS;CIENCIAS SOCIALES;50;54;1;525;76.74;485.5;496.15;502.62;555.33;525.75;580.38;664.55;817
2026;32120;AGRONOMIA;UNIVERSIDAD DE LOS LAGOS;AGROPECUARIA;50;51;1;533;84.34;483;514;543;601.7;578;650;734.5;831
2026;32125;MEDICINA VETERINARIA;UNIVERSIDAD DE LOS LAGOS;AGROPECUARIA;80;90;1;584.5;79.83;443.5;529.75;576.12;631.27;632;685.12;728.55;812
2026;32130;FONOAUDIOLOGIA;UNIVERSIDAD DE LOS LAGOS;SALUD;50;51;1;546.5;69.99;399.5;500.5;516.25;564.05;551;582.5;652.5;766
2026;32131;OBSTETRICIA Y PUERICULTURA;UNIVERSIDAD DE LOS LAGOS;SALUD;104;104;1;539.5;67.14;487;507.05;527.38;580.89;577;619.62;661.35;785
2026;32132;QUIMICA Y FARMACIA;UNIVERSIDAD DE LOS LAGOS;SALUD;90;90;1;631;82;520.5;594.75;641;700.13;691.25;752;807.6;922
2026;32133;TERAPIA OCUPACIONAL;UNIVERSIDAD DE LOS LAGOS;SALUD;45;20;0;496.5;72.53;485.5;495.8;532.25;583.88;580;629.88;692.5;717.5
2026;32134;INGENIERIA CIVIL EN OBRAS CIVILES;UNIVERSIDAD DE LOS LAGOS;TECNOLOGÍA;50;62;1;524;82.6;485;550.75;585;646.85;633.5;694.25;769.75;865.5
2026;32135;TERAPIA OCUPACIONAL;UNIVERSIDAD DE LOS LAGOS;SALUD;40;33;0;582;72.72;449.5;492.9;506;564.14;542;603.5;631.1;784.5
2026;32136;TECNOLOGIA MEDICA;UNIVERSIDAD DE LOS LAGOS;SALUD;90;90;1;564.5;83.62;487;542;576.62;641.38;640;698.25;747.7;876
2026;32138;OBSTETRICIA Y PUERICULTURA;UNIVERSIDAD DE LOS LAGOS;SALUD;90;90;1;510;57.72;485;501.05;518.62;568.16;557.5;614;655.95;700
2026;32140;QUIMICA Y FARMACIA;UNIVERSIDAD DE LOS LAGOS;SALUD;45;45;1;760;74.81;518.5;586.8;621;669.09;666.5;713.5;763.6;851
2026;32145;PEDAGOGIA EN MUSICA;UNIVERSIDAD DE LOS LAGOS;EDUCACIÓN;40;38;0;614.5;74.63;470.5;546.35;569.75;620.86;617.5;654.62;700.9;851
2026;32146;PEDAGOGIA EN ARTES VISUALES;UNIVERSIDAD DE LOS LAGOS;EDUCACIÓN;40;15;0;556;61.65;556;560.5;569.75;618.93;610.5;649;678;780
2026;32150;INGENIERIA CIVIL EN INFORMATICA;UNIVERSIDAD DE LOS LAGOS;TECNOLOGÍA;60;12;0;539;98.02;478.5;526.85;545.38;609.29;583.5;656;682.4;852.5
2026;32154;INGENIERIA CIVIL INDUSTRIAL;UNIVERSIDAD DE LOS LAGOS;TECNOLOGÍA;45;22;0;502;92.18;501.5;508.5;526.88;609.14;592.25;675;724.3;821.5
2026;32160;DERECHO;UNIVERSIDAD DE LOS LAGOS;DERECHO;87;87;1;572.5;75.1;493;546;572.75;629.26;621.5;676.5;726.4;856.5
2026;32161;ANTROPOLOGIA;UNIVERSIDAD DE LOS LAGOS;CIENCIAS SOCIALES;40;15;0;513.5;62.18;513.5;516.1;521.25;582;575;634.5;654.7;700
2026;32162;PSICOLOGIA;UNIVERSIDAD DE LOS LAGOS;CIENCIAS SOCIALES;114;114;1;521.5;82.84;487;513.5;541;607.45;594.25;650;717.5;832.5
2026;32163;PSICOLOGIA;UNIVERSIDAD DE LOS LAGOS;CIENCIAS SOCIALES;80;75;0;521;71.39;485;493.2;511.5;567.99;549;609;673.2;783
2026;32164;PSICOLOGIA;UNIVERSIDAD DE LOS LAGOS;CIENCIAS SOCIALES;80;45;0;505;74;478.5;493.8;525.5;574.64;557.5;597;676.9;779
2026;32165;DERECHO;UNIVERSIDAD DE LOS LAGOS;DERECHO;65;52;0;496;71.76;486;496.95;539;592.12;588.75;632.25;690.25;787.5
2026;32170;MEDICINA;UNIVERSIDAD DE LOS LAGOS;SALUD;30;30;1;837;29.03;810;832.3;846.62;868.1;876.25;890.62;902.55;922
2026;33005;INGENIERIA CIVIL, PLAN COMUN;UNIVERSIDAD DE MAGALLANES;TECNOLOGÍA;70;70;1;625;101.06;436.5;599.55;655.5;726.47;730;799.12;847.5;946
2026;33009;INGENIERIA COMERCIAL;UNIVERSIDAD DE MAGALLANES;ADMINISTRACIÓN Y COMERCIO;45;45;1;509;95.71;471.5;529.9;581;658.32;650;731.5;772.9;899
2026;33023;KINESIOLOGIA;UNIVERSIDAD DE MAGALLANES;SALUD;35;35;1;663.5;86.61;450.5;504.3;544.25;617.59;614.5;687;720.3;771.5
2026;33024;TERAPIA OCUPACIONAL;UNIVERSIDAD DE MAGALLANES;SALUD;30;30;1;561.5;74.33;466.5;492.2;544.25;589.82;590.25;626.5;688.4;763
2026;33025;DERECHO;UNIVERSIDAD DE MAGALLANES;DERECHO;40;40;1;571;73.22;571;601.35;652;705.1;707.75;751.38;803.55;862
2026;33027;AUDITORIA;UNIVERSIDAD DE MAGALLANES;ADMINISTRACIÓN Y COMERCIO;20;20;1;607;90.4;481.5;535.25;561.5;630.1;624.25;678.88;750.25;839.5
2026;33030;ARQUITECTURA;UNIVERSIDAD DE MAGALLANES;ARTE Y ARQUITECTURA;35;35;1;774.5;95.82;464.5;531.3;589.75;653.84;654.5;726.25;776;839.5
2026;33031;PEDAGOGIA EN MATEMATICA, PARA ENSEÑANZA MEDIA;UNIVERSIDAD DE MAGALLANES;EDUCACIÓN;15;4;0;613.5;109.77;613.5;639;677.25;739.62;737;799.38;842.35;871
2026;33032;PEDAGOGIA EN EDUCACION PARVULARIA;UNIVERSIDAD DE MAGALLANES;EDUCACIÓN;15;15;1;571.5;69.42;493.5;550.6;572;615.07;617;650.75;681.4;780.5
2026;33033;PEDAGOGIA EN EDUCACIÓN BASICA MENCIÓN LENGUAJE Y MATEMÁTICA;UNIVERSIDAD DE MAGALLANES;EDUCACIÓN;15;9;0;647;77.76;478;526;549.5;589.33;582;626;667.4;749
2026;33035;TRABAJO SOCIAL;UNIVERSIDAD DE MAGALLANES;CIENCIAS SOCIALES;20;20;1;747.5;75.82;466;483.05;525.5;574.98;557;617;650.35;747.5
2026;33036;BIOLOGIA MARINA;UNIVERSIDAD DE MAGALLANES;CIENCIAS BÁSICAS;25;25;1;588;95.45;446;530.9;565.5;638.96;645.5;700;766.1;832.5
2026;33053;MEDICINA;UNIVERSIDAD DE MAGALLANES;SALUD;50;50;1;800.5;39.42;799;830.35;854.5;880.11;879.5;909.62;921.95;969
2026;33060;ENFERMERIA;UNIVERSIDAD DE MAGALLANES;SALUD;60;60;1;608.5;82.75;536;601.9;637.88;692.28;679;739;805.05;902.5
2026;33061;INGENIERIA, PLAN COMUN;UNIVERSIDAD DE MAGALLANES;TECNOLOGÍA;70;70;1;534.5;94.29;459.5;532.65;553.62;627.29;603.25;697.75;762;844
2026;33066;AGRONOMIA;UNIVERSIDAD DE MAGALLANES;AGROPECUARIA;20;20;1;560;98.87;472;491.8;532;590.7;571.75;608.38;741.7;859
2026;33070;INGENIERIA EN CONSTRUCCION;UNIVERSIDAD DE MAGALLANES;TECNOLOGÍA;20;20;1;485.5;114.14;468;510.25;529.62;622.48;584;733.12;768.85;837
2026;33072;NUTRICION Y DIETETICA;UNIVERSIDAD DE MAGALLANES;SALUD;35;35;1;543.5;79.62;507.5;522.3;555.5;622.99;632.5;680.5;720.4;781.5
2026;33078;PSICOLOGIA;UNIVERSIDAD DE MAGALLANES;CIENCIAS SOCIALES;35;35;1;568;85.95;512;571.8;611.25;667.13;644.5;728.75;792.8;823.5
2026;33079;PEDAGOGIA EN EDUCACION FISICA, PARA ENSEÑANZA BASICA Y MEDIA;UNIVERSIDAD DE MAGALLANES;EDUCACIÓN;15;13;0;624.5;75.84;349.5;555.6;567;579.31;592;621.5;635.7;661.5
2026;33080;FONOAUDIOLOGIA;UNIVERSIDAD DE MAGALLANES;SALUD;25;25;1;593;84.44;468.5;487;504;581.28;557.5;656.5;708.1;740.5
2026;33081;PEDAGOGIA EN INGLES, PARA ENSEÑANZA BASICA Y MEDIA;UNIVERSIDAD DE MAGALLANES;EDUCACIÓN;15;14;0;609.5;71.37;549;569.95;621.5;657.36;642.75;685;760.95;788.5
2026;33082;PEDAGOGIA EN CASTELLANO Y COMUNICACION, PARA ENSEÑANZA MEDIA;UNIVERSIDAD DE MAGALLANES;EDUCACIÓN;15;7;0;650;65.93;553;557.8;566.75;617.57;592;656.75;690.5;731
2026;33083;PEDAGOGIA EN HISTORIA Y CIENCIAS SOCIALES, PARA ENSEÑANZA MEDIA;UNIVERSIDAD DE MAGALLANES;EDUCACIÓN;15;8;0;652.5;61.94;563;568.6;617.12;648.06;648;679.38;717.1;746.5
2026;33412;PEDAGOGIA EN EDUCACION DIFERENCIAL;UNIVERSIDAD DE MAGALLANES;EDUCACIÓN;15;9;0;603;88.28;513;547.4;586.5;631.28;603;687;731.3;800.5
2026;33418;PEDAGOGÍA EN MÚSICA PARA EDUCACIÓN INICIAL, BÁSICA Y MEDIA;UNIVERSIDAD DE MAGALLANES;EDUCACIÓN;15;15;1;632.5;80.55;551;563.5;610.75;654.33;654;681.75;711.3;879
2026;34003;AGRONOMIA;UNIVERSIDAD DE TALCA;AGROPECUARIA;95;115;1;605;84.49;447.5;551.2;608.25;668.26;668.5;721.75;777.8;891.5
2026;34006;INGENIERÍA CIVIL INDUSTRIAL;UNIVERSIDAD DE TALCA;TECNOLOGÍA;115;125;1;524;92.82;493;596.2;655;715.81;716;774;839.5;904
2026;34007;INGENIERIA CIVIL EN COMPUTACION;UNIVERSIDAD DE TALCA;TECNOLOGÍA;65;70;1;696;83.69;600.5;645.85;680.25;745.68;736.75;787.25;870.3;939
2026;34011;CONTADOR PÚBLICO Y AUDITOR;UNIVERSIDAD DE TALCA;ADMINISTRACIÓN Y COMERCIO;55;65;1;722.5;80.49;539.5;575.4;626;677.95;672;722.5;780.4;890.5
2026;34018;INGENIERIA COMERCIAL;UNIVERSIDAD DE TALCA;ADMINISTRACIÓN Y COMERCIO;195;210;1;766.5;85.12;489;570.15;607.38;677.6;675.75;738.25;776.65;909.5
2026;34019;INGENIERÍA INFORMÁTICA EMPRESARIAL;UNIVERSIDAD DE TALCA;TECNOLOGÍA;55;60;1;596;83.76;496.5;563.8;607.5;660.13;638;718.25;773.25;935.5
2026;34020;MEDICINA;UNIVERSIDAD DE TALCA;SALUD;75;82;1;878;28.26;805.5;847.1;871.5;888.29;888.5;910.75;920.45;956
2026;34021;OBSTETRICIA Y PUERICULTURA;UNIVERSIDAD DE TALCA;SALUD;55;72;1;628;74.77;547.5;594.15;640.25;692.54;693.5;735.88;789.5;891.5
2026;34022;TECNOLOGIA MEDICA;UNIVERSIDAD DE TALCA;SALUD;85;97;1;675;72.17;563;635.3;675;721.34;714.5;762;821.5;912
2026;34023;ODONTOLOGÍA;UNIVERSIDAD DE TALCA;SALUD;75;84;1;778;50.98;672.5;739.15;774.12;811.51;822.75;851.62;873.7;893
2026;34024;KINESIOLOGÍA;UNIVERSIDAD DE TALCA;SALUD;65;72;1;560;76.93;493;586.85;642.12;685.85;681.5;726.5;768.75;884
2026;34025;FONOAUDIOLOGÍA;UNIVERSIDAD DE TALCA;SALUD;55;62;1;600;64.21;473.5;513.85;543.5;588.81;582.5;628.75;682.15;753
2026;34026;ENFERMERIA;UNIVERSIDAD DE TALCA;SALUD;70;87;1;706;75.4;515;605.1;643.5;698.2;692;741;793.8;911
2026;34027;NUTRICIÓN Y DIETÉTICA;UNIVERSIDAD DE TALCA;SALUD;65;82;1;501;71.88;501;527.4;564.75;614.38;600.5;663.5;710.95;798
2026;34028;PEDAGOGÍA EN EDUCACIÓN PARVULARIA MENCIÓN EN INGLÉS;UNIVERSIDAD DE TALCA;EDUCACIÓN;25;27;1;600.5;40.53;508;554.2;561.25;591.54;582;615.75;642;680
2026;34029;PEDAGOGÍA EN EDUCACIÓN GENERAL BÁSICA MENCIÓN INGLÉS;UNIVERSIDAD DE TALCA;EDUCACIÓN;25;19;0;601;72.55;478.5;508.5;566;602.24;598.5;627.25;692.3;754
2026;34030;INGENIERÍA CIVIL EN BIOINFORMÁTICA;UNIVERSIDAD DE TALCA;TECNOLOGÍA;45;52;1;608.5;108.1;507.5;541.55;577;663.86;647;717.25;823.3;930
2026;34037;INGENIERÍA CIVIL EN OBRAS CIVILES;UNIVERSIDAD DE TALCA;TECNOLOGÍA;65;77;1;600.5;91.25;504;544;588;650.56;641;696;801.5;878.5
2026;34038;INGENIERÍA CIVIL MECATRÓNICA;UNIVERSIDAD DE TALCA;TECNOLOGÍA;65;72;1;550.5;102.75;487.5;549;600.88;671.8;648.5;731.75;828.45;948
2026;34039;INGENIERÍA CIVIL MECÁNICA;UNIVERSIDAD DE TALCA;TECNOLOGÍA;45;57;1;674.5;83.8;569.5;615.7;685.5;741.46;758;795;839.8;880
2026;34041;PSICOLOGÍA;UNIVERSIDAD DE TALCA;CIENCIAS SOCIALES;135;145;1;621;73.97;497.5;614.7;656.5;703.77;710;748;800.2;894.5
2026;34042;PEDAGOGÍA EN EDUCACIÓN PARVULARIA CON MENCIÓN EN ALEMÁN;UNIVERSIDAD DE TALCA;EDUCACIÓN;5;3;0;543;34.15;543;548.7;557.25;575.17;571.5;591.25;603.1;611
2026;34048;PEDAGOGÍA EN EDUCACIÓN MEDIA EN INGLÉS;UNIVERSIDAD DE TALCA;EDUCACIÓN;35;19;0;629.5;76.18;514;549.1;569.25;627.18;610.5;676.75;756;758.5
2026;34049;PEDAGOGÍA EN EDUCACIÓN MEDIA EN ALEMÁN;UNIVERSIDAD DE TALCA;EDUCACIÓN;10;3;0;547.5;135.26;547.5;594;663.75;703.67;780;781.75;782.8;783.5
2026;34051;DERECHO;UNIVERSIDAD DE TALCA;DERECHO;140;150;1;721;77.58;548;610.5;665.75;720.52;716.5;774.62;823.55;969
2026;34055;AUDITORIA E INGENIERÍA EN CONTROL DE GESTIÓN;UNIVERSIDAD DE TALCA;ADMINISTRACIÓN Y COMERCIO;90;95;1;643.5;85.2;494.5;592.5;621;680.24;667.5;732;800.3;937.5
2026;34060;ARQUITECTURA;UNIVERSIDAD DE TALCA;ARTE Y ARQUITECTURA;65;65;1;659.5;73.87;573;627.3;659;715.55;714;769.5;796.7;900.5
2026;34062;DISEÑO;UNIVERSIDAD DE TALCA;ARTE Y ARQUITECTURA;45;45;1;572;87.6;536.5;564.8;608.5;667.53;647.5;723;801.8;846.5
2026;34068;INGENIERIA CIVIL DE MINAS;UNIVERSIDAD DE TALCA;TECNOLOGÍA;75;89;1;685.5;82.11;531.5;593.7;648.5;702.71;700;760;809;889
2026;34069;PEDAGOGÍA EN EDUCACIÓN GENERAL BÁSICA CON MENCIÓN EN ALEMÁN;UNIVERSIDAD DE TALCA;EDUCACIÓN;10;4;0;577;94.67;577;588.1;604.75;663.88;642.5;701.62;756.75;793.5
2026;34078;INGENIERÍA CIVIL ELÉCTRICA;UNIVERSIDAD DE TALCA;TECNOLOGÍA;60;62;1;578;81.52;513.5;660.15;706.5;752.21;749;809;858.5;920.5
2026;34084;PEDAGOGÍA EN EDUCACIÓN MEDIA EN MATEMÁTICA Y FÍSICA;UNIVERSIDAD DE TALCA;EDUCACIÓN;20;12;0;628.5;104.96;548;559.1;616.62;678.25;644.5;756.25;806.8;873
2026;34085;PEDAGOGÍA EN EDUCACIÓN MEDIA EN BIOLOGÍA Y QUÍMICA;UNIVERSIDAD DE TALCA;EDUCACIÓN;20;6;0;556;49.64;547.5;551.75;558.12;594.08;582.75;612.25;647.75;679.5
2026;34086;BIOQUÍMICA;UNIVERSIDAD DE TALCA;CIENCIAS BÁSICAS;50;62;1;518.5;72.05;518.5;615.35;648.88;708.56;711.75;758.88;817.15;834.5
2026;34087;LICENCIATURA EN INTERPRETACIÓN Y FORMACIÓN MUSICAL ESPECIALIZADA;UNIVERSIDAD DE TALCA;ARTE Y ARQUITECTURA;15;15;1;533;112.44;533;642;691;762.17;761.5;825.25;904.9;955
2026;34088;ADMINISTRACIÓN PÚBLICA;UNIVERSIDAD DE TALCA;CIENCIAS SOCIALES;55;64;1;566.5;69.85;506;587.9;614.38;670.65;664.75;717.25;745.8;922
2026;34101;TERAPIA OCUPACIONAL;UNIVERSIDAD DE TALCA;SALUD;55;67;1;617.5;86.94;504;553.2;602.5;657.87;647;701.75;746.6;915.5
2026;34102;INGENIERÍA CIVIL PLAN COMÚN;UNIVERSIDAD DE TALCA;TECNOLOGÍA;40;44;1;603.5;92.67;571.5;606.65;651;722.38;703.25;795.88;831.65;939
2026;34103;INGENIERÍA CIVIL PLAN COMÚN;UNIVERSIDAD DE TALCA;TECNOLOGÍA;20;22;1;685;92.14;570.5;603.85;643;713.5;690;793.62;841.95;869.5
2026;34104;INGENIERÍA CIVIL INDUSTRIAL;UNIVERSIDAD DE TALCA;TECNOLOGÍA;40;45;1;811;60.05;715.5;743.4;781.5;820.67;811;860.5;900.2;955.5
2026;34105;QUÍMICA Y FARMACIA;UNIVERSIDAD DE TALCA;SALUD;40;50;1;857.5;61.03;674.5;727.8;767.75;806.69;811;852.88;877.65;956.5
2026;34106;INGENIERÍA CIVIL EN SISTEMAS INTELIGENTES Y VIDEOJUEGOS;UNIVERSIDAD DE TALCA;TECNOLOGÍA;50;50;1;738.5;107.95;497;545.35;601.88;681.74;659;764.38;826.15;908
2026;35001;KINESIOLOGIA;UNIVERSIDAD CATOLICA DEL MAULE;SALUD;70;80;1;699.5;75.64;539.5;587.55;635.88;684.71;683.5;723;791.6;878.5
2026;35002;ENFERMERÍA;UNIVERSIDAD CATOLICA DEL MAULE;SALUD;70;80;1;701.5;66.58;549.5;639.5;677.38;721.32;727.25;774;806.3;878.5
2026;35004;PSICOLOGIA;UNIVERSIDAD CATOLICA DEL MAULE;CIENCIAS SOCIALES;75;85;1;566;72.45;522.5;591.7;632;680.2;672;732;766;879
2026;35005;MEDICINA;UNIVERSIDAD CATOLICA DEL MAULE;SALUD;70;75;1;877.5;29.09;824;870.4;885.5;906.99;909;934.5;945.1;958
2026;35006;ENFERMERÍA;UNIVERSIDAD CATOLICA DEL MAULE;SALUD;70;80;1;614;85.2;503;529.2;577.5;636.97;619.5;696.75;752.15;869.5
2026;35007;NUTRICION Y DIETETICA;UNIVERSIDAD CATOLICA DEL MAULE;SALUD;70;80;1;690.5;76.13;494;514.55;541.12;597.97;579;635.38;686.9;856.5
2026;35011;PEDAGOGIA EN EDUCACION  FISICA;UNIVERSIDAD CATOLICA DEL MAULE;EDUCACIÓN;70;70;1;707;69.52;492.5;545.9;588.5;632.83;637.75;679.5;717.25;810.5
2026;35013;PEDAGOGIA EN RELIGION Y FILOSOFIA;UNIVERSIDAD CATOLICA DEL MAULE;EDUCACIÓN;10;10;1;546.5;76.39;546.5;547.4;599.75;644.4;637.25;690.25;701.15;797
2026;35016;PEDAGOGIA EN CIENCIAS. M/ BIOLOGIA, QUIMICA O FISICA;UNIVERSIDAD CATOLICA DEL MAULE;EDUCACIÓN;30;30;1;566.5;78.71;549.5;561.25;585.88;635.02;612.5;676.12;707.2;900.5
2026;35017;PEDAGOGIA EN MATEMATICA Y COMPUTACION;UNIVERSIDAD CATOLICA DEL MAULE;EDUCACIÓN;45;20;0;568.5;90.28;546;567.9;612.38;671.9;656.25;727.5;777.45;888.5
2026;35018;"PED.EDUCACIÓN GENERAL BÁSICA:M/LENGUAJE;MATEM. CS.NAT. Y CS.SOC.";UNIVERSIDAD CATOLICA DEL MAULE;EDUCACIÓN;45;45;1;591;73.64;516;560.3;578;630.37;607;667;714;865
2026;35019;PEDAGOGIA EN INGLES;UNIVERSIDAD CATOLICA DEL MAULE;EDUCACIÓN;85;95;1;634;63.11;546.5;566.9;594.25;645.74;639.5;691.75;728.1;832.5
2026;35020;PEDAGOGÍA EN EDUCACIÓN ESPECIAL CON MENCIÓN;UNIVERSIDAD CATOLICA DEL MAULE;EDUCACIÓN;50;50;1;545.5;70.54;487.5;538.5;553.12;597.85;580;620.88;691.1;816
2026;35023;PEDAGOGIA EN LENGUA CASTELLANA Y COMUNICACION;UNIVERSIDAD CATOLICA DEL MAULE;EDUCACIÓN;45;45;1;663;76.17;528.5;585.6;625;667.4;648.5;710;789.4;844.5
2026;35029;AGRONOMIA;UNIVERSIDAD CATOLICA DEL MAULE;AGROPECUARIA;75;85;1;646;77.86;421;531.9;567;612.18;607;638.5;697.5;920
2026;35033;INGENIERIA EN BIOTECNOLOGIA;UNIVERSIDAD CATOLICA DEL MAULE;TECNOLOGÍA;55;55;1;693.5;92.11;534.5;633.3;686;740.04;735;815.25;859.7;899
2026;35040;INGENIERIA CIVIL INFORMATICA;UNIVERSIDAD CATOLICA DEL MAULE;TECNOLOGÍA;105;125;1;575;86.38;561;643.9;685;747.14;738;816.5;861.5;958
2026;35041;INGENIERIA EN CONSTRUCCION;UNIVERSIDAD CATOLICA DEL MAULE;TECNOLOGÍA;60;60;1;621.5;75.82;493.5;545.9;583;642.78;635;706.25;751.8;786.5
2026;35052;TRABAJO SOCIAL;UNIVERSIDAD CATOLICA DEL MAULE;CIENCIAS SOCIALES;45;45;1;739;73.71;453;502.2;529.5;575.4;553;588.5;697.4;783.5
2026;35055;SOCIOLOGIA;UNIVERSIDAD CATOLICA DEL MAULE;CIENCIAS SOCIALES;25;25;1;610.5;79.55;507.5;541.8;593;643.8;660.5;701.5;737.2;773.5
2026;35056;INGENIERIA COMERCIAL;UNIVERSIDAD CATOLICA DEL MAULE;ADMINISTRACIÓN Y COMERCIO;115;125;1;567;76.12;486;533.4;567;631.06;621;685;738.2;844
2026;35057;INGENIERIA CIVIL INDUSTRIAL;UNIVERSIDAD CATOLICA DEL MAULE;TECNOLOGÍA;125;140;1;634.5;82.88;525;639.3;689.75;738.11;732.5;785.62;847.05;948
2026;35058;INGENIERIA CIVIL;UNIVERSIDAD CATOLICA DEL MAULE;TECNOLOGÍA;75;75;1;667.5;91.07;460.5;562.8;613.5;682.32;686.5;742;778.1;891.5
2026;35059;INGENIERIA DE EJECUCIÓN EN COMPUTACIÓN E INFORMÁTICA (VESPERTINA);UNIVERSIDAD CATOLICA DEL MAULE;TECNOLOGÍA;30;30;1;571.5;82.12;513.5;551.9;588;644.63;630.25;680.62;777.35;816.5
2026;35060;CONSTRUCCIÓN CIVIL (VESPERTINA);UNIVERSIDAD CATOLICA DEL MAULE;TECNOLOGÍA;25;25;1;685;97.25;490.5;501.5;560;632.36;636;671;743.9;854
2026;35061;"PED.EDUCACIÓN GENERAL BÁSICA:M/LENGUAJE;MATEM. CS.NAT. Y CS.SOC.";UNIVERSIDAD CATOLICA DEL MAULE;EDUCACIÓN;50;50;1;620.5;66.9;526.5;559.75;581.88;626.75;618;658.38;694.05;847
2026;35062;DERECHO;UNIVERSIDAD CATOLICA DEL MAULE;DERECHO;100;115;1;521.5;66.69;521.5;585.1;629.5;671.47;667;716.25;755.7;860.5
2026;35064;ADMINISTRACIÓN PÚBLICA;UNIVERSIDAD CATOLICA DEL MAULE;CIENCIAS SOCIALES;40;50;1;519;59.38;492.5;525.95;552.88;597.27;596;633.5;672.25;789.5
2026;35065;INGENIERÍA CIVIL ELECTRÓNICA;UNIVERSIDAD CATOLICA DEL MAULE;TECNOLOGÍA;45;45;1;737;82.66;528;589;645;703.76;706.5;770.5;807.6;847
2026;35066;TRABAJO SOCIAL;UNIVERSIDAD CATOLICA DEL MAULE;CIENCIAS SOCIALES;75;75;1;517.5;64.12;485.5;499.1;529.25;571.45;551;602.75;677.3;739
2026;35068;TECNOLOGÍA MÉDICA CON MENCIÓN EN IMAGENOLOGIA U OFTALMOLOGIA;UNIVERSIDAD CATOLICA DEL MAULE;SALUD;65;75;1;650.5;75.6;582;651.7;696.25;749.48;746;806.25;844;886.5
2026;35069;INGENIERÍA EN ESTADÍSTICA;UNIVERSIDAD CATOLICA DEL MAULE;CIENCIAS BÁSICAS;30;30;1;648;82.29;567;591.15;635.12;689.52;680.5;737.62;791.85;873
2026;35071;QUÍMICA Y FARMACIA;UNIVERSIDAD CATOLICA DEL MAULE;SALUD;75;85;1;767.5;50.27;697;756.9;778;813.72;809;848.5;885;932
2026;35072;ARQUITECTURA;UNIVERSIDAD CATOLICA DEL MAULE;ARTE Y ARQUITECTURA;65;80;1;607.5;72.15;525;571.5;596;657.71;648.25;713.88;762.1;808.5
2026;35073;INGENIERÍA EN RECURSOS NATURALES;UNIVERSIDAD CATOLICA DEL MAULE;TECNOLOGÍA;15;10;0;537.5;57.67;537.5;552.35;564.62;610.8;605;641.88;659.35;730
2026;35074;CONTADOR PÚBLICO Y AUDITOR;UNIVERSIDAD CATOLICA DEL MAULE;ADMINISTRACIÓN Y COMERCIO;50;50;1;532;85.16;463.5;529.8;568.12;631.45;631.75;694;746.95;795
2026;35075;CONTADOR PÚBLICO Y AUDITOR;UNIVERSIDAD CATOLICA DEL MAULE;ADMINISTRACIÓN Y COMERCIO;50;55;1;552.5;97.07;484.5;540;590.25;652.22;637.5;715.75;784.2;870
2026;35076;PEDAGOGÍA EN EDUCACIÓN PARVULARIA CON MENCIÓN;UNIVERSIDAD CATOLICA DEL MAULE;EDUCACIÓN;50;50;1;588;72.2;476;545.15;572;618.15;608.5;657.5;684.15;865
2026;35077;PEDAGOGÍA EN EDUCACIÓN PARVULARIA CON MENCIÓN;UNIVERSIDAD CATOLICA DEL MAULE;EDUCACIÓN;50;45;0;549.5;64.16;462;546.5;554.5;603.96;595;639.5;694;746
2026;35078;GEOLOGÍA;UNIVERSIDAD CATOLICA DEL MAULE;CIENCIAS BÁSICAS;70;80;1;612;92.69;486.5;552.75;589;652.98;635;697.88;781.55;894.5
2026;35079;BIOINGENIERÍA MÉDICA;UNIVERSIDAD CATOLICA DEL MAULE;TECNOLOGÍA;50;60;1;723;83.33;517.5;621.45;669.62;725.7;727.75;770.5;842.2;909
2026;35080;TERAPIA OCUPACIONAL;UNIVERSIDAD CATOLICA DEL MAULE;SALUD;55;55;1;597;73.92;483.5;521.5;564.5;620.23;618.5;671.75;716.9;781.5
2026;35081;MEDICINA VETERINARIA;UNIVERSIDAD CATOLICA DEL MAULE;AGROPECUARIA;50;55;1;672.5;75.68;508;569.3;618.25;667.53;670.5;726;754;860.5
2026;35082;BACHILLERATO EN CIENCIAS BIOMÉDICAS;UNIVERSIDAD CATOLICA DEL MAULE;SALUD;40;50;1;858.5;69.44;645.5;705.45;746.62;791.98;787.75;842.75;880.1;951.5
2026;35083;INGENIERIA EJECUCIÓN EN GEOMENSURA (VESPERTINA);UNIVERSIDAD CATOLICA DEL MAULE;CIENCIAS BÁSICAS;15;12;0;539.5;100.14;503;506.85;529.5;598.58;549.75;686.38;745.1;780.5
2026;35084;INGENIERIA EN AUTOMATIZACIÓN Y CONTROL (VESPERTINA);UNIVERSIDAD CATOLICA DEL MAULE;TECNOLOGÍA;20;20;1;776;81.06;517;593.6;613.38;674.02;672.75;722.5;777.4;833.5
2026;35085;INGENIERÍA MATEMÁTICA;UNIVERSIDAD CATOLICA DEL MAULE;CIENCIAS BÁSICAS;25;22;0;533.5;112;533.5;591.5;672.75;755.64;768.25;842.25;899.45;939
2026;35086;PEDAGOGÍA EN EDUCACIÓN ESPECIAL CON MENCIÓN;UNIVERSIDAD CATOLICA DEL MAULE;EDUCACIÓN;35;19;0;593;80.84;501;546.2;561.5;622.5;601;664.5;740.6;808
2026;35087;PSICOLOGIA;UNIVERSIDAD CATOLICA DEL MAULE;CIENCIAS SOCIALES;45;50;1;561.5;81.42;535;573.65;636;682.74;679.75;726.75;801.35;888.5
2026;35088;PEDAGOGÍA EN HISTORIA, GEOGRAFÍA Y CIENCIAS SOCIALES;UNIVERSIDAD CATOLICA DEL MAULE;EDUCACIÓN;40;40;1;543;66.87;542.5;572.05;598.5;642.84;634.25;675.12;750.25;818.5
2026;35089;INGENIERIA EN EJECUCIÓN INDUSTRIAL (VESPERTINA);UNIVERSIDAD CATOLICA DEL MAULE;TECNOLOGÍA;15;15;1;615;74.03;490.5;515.2;558.75;604.07;607;627.75;703.2;753
2026;35090;OBSTETRICIA Y PUERICULTURA;UNIVERSIDAD CATOLICA DEL MAULE;SALUD;35;40;1;629;75.56;520.5;566.3;603;653.65;641.5;708.12;740.05;889
2026;35091;INGENIERÍA DE EJECUCIÓN EN ADMINISTRACIÓN DE EMPRESAS (VESPERTINA);UNIVERSIDAD CATOLICA DEL MAULE;ADMINISTRACIÓN Y COMERCIO;25;25;1;578.5;80;470.5;535.7;578.5;625.66;618.5;674.5;739.3;775.5
2026;36001;DERECHO;UNIVERSIDAD CATOLICA DE LA SANTISIMA CONCEPCION;DERECHO;125;155;1;659.5;61.99;520.5;625.6;654.25;700.55;700.5;737.75;784.4;860.5
2026;36002;BIOLOGÍA MARINA;UNIVERSIDAD CATOLICA DE LA SANTISIMA CONCEPCION;CIENCIAS BÁSICAS;40;70;1;573;79.77;475.5;532.7;575;632.44;629.75;685;732.3;878.5
2026;36009;EDUCACIÓN DE PÁRVULOS;UNIVERSIDAD CATOLICA DE LA SANTISIMA CONCEPCION;EDUCACIÓN;60;82;1;554.5;58.3;464.5;546.5;561.25;597.23;589;632.5;661.9;810
2026;36010;PEDAGOGIA EN EDUCACIÓN BÁSICA;UNIVERSIDAD CATOLICA DE LA SANTISIMA CONCEPCION;EDUCACIÓN;50;55;1;582;61.59;435.5;551.1;561;606.71;589;655.75;689.7;746
2026;36011;PERIODISMO;UNIVERSIDAD CATOLICA DE LA SANTISIMA CONCEPCION;CIENCIAS SOCIALES;65;93;1;482.5;68.57;459.5;488.7;520.5;571.83;561.5;608;671.8;793.5
2026;36012;INGENIERÍA COMERCIAL;UNIVERSIDAD CATOLICA DE LA SANTISIMA CONCEPCION;ADMINISTRACIÓN Y COMERCIO;140;170;1;568;74.06;474.5;538.7;577.62;629.31;630.5;680.5;729.1;832.5
2026;36016;CONTADOR AUDITOR;UNIVERSIDAD CATOLICA DE LA SANTISIMA CONCEPCION;ADMINISTRACIÓN Y COMERCIO;70;95;1;625;74.9;464.5;523.7;563.5;612.15;599;652.75;715.9;825
2026;36020;MEDICINA;UNIVERSIDAD CATOLICA DE LA SANTISIMA CONCEPCION;SALUD;80;90;1;878.5;25.53;857.5;883.35;897.5;918.1;920.5;937;948;992.5
2026;36021;ENFERMERÍA;UNIVERSIDAD CATOLICA DE LA SANTISIMA CONCEPCION;SALUD;85;116;1;603;68.8;511.5;583;621;665.71;663.75;702.38;739.75;876
2026;36029;INGENIERÍA CIVIL;UNIVERSIDAD CATOLICA DE LA SANTISIMA CONCEPCION;TECNOLOGÍA;90;105;1;747.5;71.24;520.5;576.6;619.5;668.8;662;718.5;766.8;826
2026;36030;INGENIERÍA CIVIL INDUSTRIAL;UNIVERSIDAD CATOLICA DE LA SANTISIMA CONCEPCION;TECNOLOGÍA;120;150;1;735;68.89;535.5;631.95;672.12;718.59;714.75;765.75;812.5;930
2026;36031;INGENIERÍA CIVIL INFORMÁTICA;UNIVERSIDAD CATOLICA DE LA SANTISIMA CONCEPCION;TECNOLOGÍA;80;115;1;860.5;68.07;525;615.9;674;709.77;713;752.5;793;860.5
2026;36050;TRABAJO SOCIAL;UNIVERSIDAD CATOLICA DE LA SANTISIMA CONCEPCION;CIENCIAS SOCIALES;75;115;1;569;69.48;463;486;504;555.8;540;593.75;632.6;847
2026;36051;NUTRICIÓN Y DIETÉTICA;UNIVERSIDAD CATOLICA DE LA SANTISIMA CONCEPCION;SALUD;75;105;1;654.5;66.71;414.5;493.8;539.5;581.89;582.5;621;652.1;799
2026;36052;PEDAGOGÍA EN EDUCACIÓN MEDIA EN INGLÉS;UNIVERSIDAD CATOLICA DE LA SANTISIMA CONCEPCION;EDUCACIÓN;70;69;0;575;78.68;442;550.2;561.5;627.52;610.5;691.5;733;793.5
2026;36053;PEDAGOGÍA EN EDUCACIÓN MEDIA  EN LENGUAJE Y COMUNICACIÓN;UNIVERSIDAD CATOLICA DE LA SANTISIMA CONCEPCION;EDUCACIÓN;65;74;1;546.5;78.42;418;551;573.38;633.73;631.75;667.5;722.9;861.5
2026;36054;LICENCIATURA EN CIENCIAS RELIGIOSAS Y ESTUDIOS TEOLÓGICOS;UNIVERSIDAD CATOLICA DE LA SANTISIMA CONCEPCION;HUMANIDADES;5;3;0;468.5;17.68;468.5;473.3;480.5;488;492.5;497.75;500.9;503
2026;36055;LICENCIATURA EN FILOSOFÍA;UNIVERSIDAD CATOLICA DE LA SANTISIMA CONCEPCION;HUMANIDADES;20;11;0;552;126.41;480;493.5;496.25;573.45;517.5;590.75;692.5;900.5
2026;36056;PEDAGOGÍA EN EDUCACIÓN DIFERENCIAL;UNIVERSIDAD CATOLICA DE LA SANTISIMA CONCEPCION;EDUCACIÓN;70;63;0;592.5;71.81;452;546.8;567.25;611.56;592.5;653;721.1;832.5
2026;36057;PEDAGOGIA EN EDUCACIÓN MEDIA EN BIOLOGÍA Y CIENCIAS NATURALES;UNIVERSIDAD CATOLICA DE LA SANTISIMA CONCEPCION;EDUCACIÓN;30;12;0;557;86.89;494.5;544.05;556.12;624.46;605;683.38;737.6;768
2026;36058;QUÍMICA AMBIENTAL;UNIVERSIDAD CATOLICA DE LA SANTISIMA CONCEPCION;CIENCIAS BÁSICAS;25;37;1;554.5;69.22;466.5;520.3;546;588.09;582;625;686.2;756.5
2026;36061;LICENCIATURA EN HISTORIA;UNIVERSIDAD CATOLICA DE LA SANTISIMA CONCEPCION;CIENCIAS SOCIALES;40;29;0;567;95.02;479;484.2;505;588.97;567;639.5;722.3;787.5
2026;36063;INGENIERÍA CIVIL GEOLÓGICA;UNIVERSIDAD CATOLICA DE LA SANTISIMA CONCEPCION;TECNOLOGÍA;30;38;1;535;79.15;479;501.35;556.25;612.43;607;670.12;714.4;773.5
2026;36064;KINESIOLOGÍA;UNIVERSIDAD CATOLICA DE LA SANTISIMA CONCEPCION;SALUD;75;115;1;553.5;57.89;533.5;588.5;633.5;670.49;672.5;706;746.6;797
2026;36065;PEDAGOGÍA EN EDUCACIÓN MEDIA EN MATEMÁTICA;UNIVERSIDAD CATOLICA DE LA SANTISIMA CONCEPCION;EDUCACIÓN;45;25;0;644.5;94.12;546.5;583.8;611;687.72;662;739;833.2;866.5
2026;36066;PEDAGOGÍA EN EDUCACIÓN FÍSICA;UNIVERSIDAD CATOLICA DE LA SANTISIMA CONCEPCION;EDUCACIÓN;50;75;1;564.5;65.33;423.5;551.2;571;614.85;610.5;653.5;691.2;795
2026;36067;INGENIERÍA CIVIL ELÉCTRICA;UNIVERSIDAD CATOLICA DE LA SANTISIMA CONCEPCION;TECNOLOGÍA;60;80;1;660;76.87;509.5;602.85;661.25;709.94;712.5;756.62;812.75;870
2026;36077;DIRECCIÓN AUDIOVISUAL Y MULTIMEDIA;UNIVERSIDAD CATOLICA DE LA SANTISIMA CONCEPCION;ARTE Y ARQUITECTURA;45;75;1;575;84.6;458;526.2;546.25;617.95;613.5;676.75;736.3;808
2026;36078;TECNOLOGÍA MÉDICA;UNIVERSIDAD CATOLICA DE LA SANTISIMA CONCEPCION;SALUD;100;135;1;721.5;59.65;569.5;638.2;677.25;713.04;708;750.25;795.8;858.5
2026;36079;INGENIERÍA EN INFORMACIÓN Y CONTROL DE GESTIÓN;UNIVERSIDAD CATOLICA DE LA SANTISIMA CONCEPCION;ADMINISTRACIÓN Y COMERCIO;40;60;1;557.5;84.75;505;556.35;605.38;656.83;646.25;706;767.95;851
2026;36080;PSICOLOGÍA;UNIVERSIDAD CATOLICA DE LA SANTISIMA CONCEPCION;CIENCIAS SOCIALES;100;110;1;695.5;67.24;535.5;620.35;650.75;695.1;695.75;737.12;780.95;901.5
2026;36081;ARQUITECTURA;UNIVERSIDAD CATOLICA DE LA SANTISIMA CONCEPCION;ARTE Y ARQUITECTURA;80;100;1;614.5;68.7;489.5;567.95;598.88;646.78;645.5;693;729.45;860
2026;36082;ODONTOLOGÍA;UNIVERSIDAD CATOLICA DE LA SANTISIMA CONCEPCION;SALUD;80;95;1;761.5;54.76;624.5;658.3;692.75;737.13;750.5;774.75;796.8;870.5
2026;36083;QUÍMICA Y FARMACIA;UNIVERSIDAD CATOLICA DE LA SANTISIMA CONCEPCION;SALUD;75;80;1;786;40.91;693.5;750.85;767.5;799.89;798.25;834.5;847.2;900.5
2026;36084;BACHILLERATO EN CIENCIAS Y HUMANIDADES;UNIVERSIDAD CATOLICA DE LA SANTISIMA CONCEPCION;CIENCIAS BÁSICAS;70;42;0;485.5;81.19;470.5;504.75;535.75;592.43;583;639.12;677.25;870.5
2026;37001;ANTROPOLOGIA;UNIVERSIDAD CATOLICA DE TEMUCO;CIENCIAS SOCIALES;20;25;1;487;77.63;476;488;528.5;575.14;561.5;615;666.6;773.5
2026;37004;TRABAJO SOCIAL;UNIVERSIDAD CATOLICA DE TEMUCO;CIENCIAS SOCIALES;50;67;1;459.5;53.67;436;474.6;504;536.15;525.5;555.5;609.5;697
2026;37005;LICENCIATURA EN ARTES VISUALES;UNIVERSIDAD CATOLICA DE TEMUCO;ARTE Y ARQUITECTURA;40;54;1;534.5;82.63;459;493.4;513.5;580.8;559;640.75;698.65;812
2026;37011;MEDICINA VETERINARIA;UNIVERSIDAD CATOLICA DE TEMUCO;AGROPECUARIA;60;70;1;642;74.72;452;554.2;608.5;647.94;640.75;692.62;730.8;865.5
2026;37013;INGENIERIA CIVIL AMBIENTAL;UNIVERSIDAD CATOLICA DE TEMUCO;TECNOLOGÍA;20;29;1;504;94.5;473.5;487.2;535.5;591.55;578;646.5;704.2;867
2026;37014;AGRONOMIA;UNIVERSIDAD CATOLICA DE TEMUCO;AGROPECUARIA;55;73;1;521.5;77.86;459.5;508.9;546.5;596.08;588;638.5;703;831.5
2026;37018;INGENIERIA CIVIL EN INFORMATICA;UNIVERSIDAD CATOLICA DE TEMUCO;TECNOLOGÍA;70;90;1;567;87.71;452.5;572.35;625.5;680.4;673.25;751.38;789.65;870.5
2026;37019;INGENIERIA CIVIL INDUSTRIAL;UNIVERSIDAD CATOLICA DE TEMUCO;TECNOLOGÍA;55;72;1;636;81.49;515.5;588.75;647.38;701.05;694.75;758.62;799.9;882
2026;37020;INGENIERIA COMERCIAL;UNIVERSIDAD CATOLICA DE TEMUCO;ADMINISTRACIÓN Y COMERCIO;80;110;1;639.5;88.72;479;538.3;575;641.46;633.25;694.62;767.15;906.5
2026;37022;PEDAGOGIA EN EDUCACION BASICA CON MENCIÓN;UNIVERSIDAD CATOLICA DE TEMUCO;EDUCACIÓN;50;60;1;698.5;83.07;440;544.2;571.5;629.84;617.5;676.25;735.25;827.5
2026;37023;EDUCACION DE PARVULOS;UNIVERSIDAD CATOLICA DE TEMUCO;EDUCACIÓN;40;50;1;571.5;73.51;440.5;485.95;549.12;582.09;572.25;611.62;689.55;756.5
2026;37026;PEDAGOGIA  EN INGLES;UNIVERSIDAD CATOLICA DE TEMUCO;EDUCACIÓN;50;59;1;546;81.95;452.5;559.4;571.75;632.87;619;684.25;766.8;825
2026;37027;PED ED DIFERENCIAL CON ESP. EN  N.E.E.T.  Y DISCAPACIDAD INTELECTUAL;UNIVERSIDAD CATOLICA DE TEMUCO;EDUCACIÓN;50;65;1;589;57.47;450.5;541.5;555.5;593.67;592.5;617.5;652.3;782
2026;37029;PEDAGOGIA MEDIA EN MATEMATICA;UNIVERSIDAD CATOLICA DE TEMUCO;EDUCACIÓN;25;28;1;667.5;93.1;464.5;559.55;617.38;666.46;649.25;734.75;776.95;844
2026;37035;TRADUCCION INGLES-ESPAÑOL;UNIVERSIDAD CATOLICA DE TEMUCO;HUMANIDADES;46;63;1;477.5;69.81;459;475.5;514;559.94;554;596.5;650.4;770
2026;37040;DERECHO;UNIVERSIDAD CATOLICA DE TEMUCO;DERECHO;170;190;1;545.5;83.23;455;572.95;621.5;677.02;672;732.62;793.9;886.5
2026;37041;CIENCIA POLITICA;UNIVERSIDAD CATOLICA DE TEMUCO;CIENCIAS SOCIALES;20;23;1;561;103;483;564.1;598;670;652.5;728.5;806.1;865.5
2026;37042;SOCIOLOGIA;UNIVERSIDAD CATOLICA DE TEMUCO;CIENCIAS SOCIALES;20;25;1;513.5;68.35;459;499.4;513.5;565.32;560.5;594;662.5;746.5
2026;37046;PEDAGOGIA EN LENGUA CASTELLANA Y COMUNICACION;UNIVERSIDAD CATOLICA DE TEMUCO;EDUCACIÓN;30;38;1;581;62.05;499.5;557.9;582.75;626.29;612;671.5;702.15;799
2026;37047;PEDAGOGÍA EN HISTORIA, GEOGRAFÍA Y CIENCIAS SOCIALES;UNIVERSIDAD CATOLICA DE TEMUCO;EDUCACIÓN;25;33;1;595.5;82.52;446;521.2;561.5;618.33;614.5;657;734.7;799
2026;37048;PEDAGOGÍA EN EDUCACIÓN FÍSICA;UNIVERSIDAD CATOLICA DE TEMUCO;EDUCACIÓN;30;39;1;608;65.42;383.5;512.4;553.75;586.24;588;632.5;654;742
2026;37050;INGENIERÍA EN RECURSOS NATURALES RENOVABLES;UNIVERSIDAD CATOLICA DE TEMUCO;TECNOLOGÍA;25;28;1;461.5;105.7;461.5;501.2;540.88;618.77;608.5;683;741.7;876
2026;37054;INGENIERIA CIVIL PLAN COMUN;UNIVERSIDAD CATOLICA DE TEMUCO;TECNOLOGÍA;20;30;1;600.5;84.96;509;561.4;598.75;651.73;647.25;704.12;749.35;878.5
2026;37055;CONTADOR AUDITOR;UNIVERSIDAD CATOLICA DE TEMUCO;ADMINISTRACIÓN Y COMERCIO;40;55;1;546.5;100.68;476.5;497.7;541.25;635.34;654;694;770.5;831
2026;37056;INGENIERÍA CIVIL EN OBRAS CIVILES;UNIVERSIDAD CATOLICA DE TEMUCO;TECNOLOGÍA;55;73;1;559;92.19;463;501.1;558.5;635.3;640.5;698.5;757.3;828.5
2026;37058;INGENIERÍA CIVIL GEOLÓGICA;UNIVERSIDAD CATOLICA DE TEMUCO;TECNOLOGÍA;20;28;1;555;84.9;543.5;554.4;607.5;670.8;676.75;722.25;773.85;870.5
2026;37061;PSICOLOGIA;UNIVERSIDAD CATOLICA DE TEMUCO;CIENCIAS SOCIALES;45;60;1;752;76.83;494.5;566.65;614.38;665.74;663.75;719.88;753.4;882
2026;37062;ADMINISTRACIÓN PÚBLICA;UNIVERSIDAD CATOLICA DE TEMUCO;CIENCIAS SOCIALES;35;41;1;672;83.16;494.5;533.5;573;637.33;625;691.5;724;869
2026;37064;KINESIOLOGIA;UNIVERSIDAD CATOLICA DE TEMUCO;SALUD;30;40;1;550.5;79;540.5;552.75;592.5;647.46;634.75;686.88;744.65;842
2026;37065;FONOAUDIOLOGIA;UNIVERSIDAD CATOLICA DE TEMUCO;SALUD;25;40;1;528.5;60.19;459.5;480.85;527;562.55;549.75;594;656.1;668.5
2026;37066;TERAPIA OCUPACIONAL;UNIVERSIDAD CATOLICA DE TEMUCO;SALUD;40;52;1;546;66.37;466.5;498.15;533;576.16;563.75;608.12;670.7;781.5
2026;37067;NUTRICION Y DIETETICA;UNIVERSIDAD CATOLICA DE TEMUCO;SALUD;35;42;1;571.5;67.34;470.5;504.7;525.75;579.14;573.25;625.12;677.9;747
2026;37068;TECNOLOGIA MEDICA;UNIVERSIDAD CATOLICA DE TEMUCO;SALUD;30;40;1;656;53.87;504;603.05;633.75;665.08;664.75;700;724.25;787
2026;37069;GEOLOGÍA;UNIVERSIDAD CATOLICA DE TEMUCO;CIENCIAS BÁSICAS;55;65;1;618.5;92.97;493;551.4;608;667.38;659.5;716.5;800.3;882
2026;37090;BACHILLER EN CIENCIAS Y HUMANIDADES;UNIVERSIDAD CATOLICA DE TEMUCO;CIENCIAS BÁSICAS;220;260;1;563;73.18;458;492.5;513;564.91;542.25;603;668.65;832
2026;37091;ARQUEOLOGÍA;UNIVERSIDAD CATOLICA DE TEMUCO;CIENCIAS SOCIALES;25;34;1;697.5;92.02;463.5;561.4;617.75;661.06;665.75;702.75;769.15;900.5
2026;37092;ARQUITECTURA;UNIVERSIDAD CATOLICA DE TEMUCO;ARTE Y ARQUITECTURA;50;61;1;647;72.19;532;578.5;592;654.66;648.5;694.5;762;832.5
2026;37095;DISEÑO;UNIVERSIDAD CATOLICA DE TEMUCO;ARTE Y ARQUITECTURA;60;80;1;561.5;94.91;470.5;503.1;539.38;609.08;591;644.62;731.6;914
2026;37096;LICENCIATURA EN FILOSOFIA;UNIVERSIDAD CATOLICA DE TEMUCO;HUMANIDADES;20;12;0;524.5;108.06;469.5;494.7;503.25;567.08;529;564.88;719.75;831.5
2026;37097;INGENIERIA EN CONSTRUCCION;UNIVERSIDAD CATOLICA DE TEMUCO;TECNOLOGÍA;45;62;1;626.5;81.33;459.5;504.05;526;598.42;598.5;671.5;706.35;757
2026;37098;INGENIERIA ELECTRICA;UNIVERSIDAD CATOLICA DE TEMUCO;TECNOLOGÍA;45;62;1;555.5;86.12;475;557.75;580.5;643.68;628.25;696;746;871
2026;37099;QUIMICA Y FARMACIA;UNIVERSIDAD CATOLICA DE TEMUCO;SALUD;35;45;1;834.5;58.67;650;697.6;728.5;773.97;778;805;842.2;887
2026;37100;PEDAGOGIA EN LENGUA Y CULTURA MAPUCHE;UNIVERSIDAD CATOLICA DE TEMUCO;EDUCACIÓN;20;3;0;678.5;58.94;561;571.1;586.25;617;611.5;645;665.1;678.5
2026;37101;OFICIOS CREATIVOS;UNIVERSIDAD CATOLICA DE TEMUCO;ARTE Y ARQUITECTURA;30;19;0;471.5;81.65;471.5;481;499.75;558.92;538;588.25;659.6;787
2026;37102;MEDICINA;UNIVERSIDAD CATOLICA DE TEMUCO;SALUD;55;56;1;892;29.03;838;854.75;869.75;891.38;885;909.88;928.75;968
2026;38003;INGENIERÍA COMERCIAL;UNIVERSIDAD DIEGO PORTALES;ADMINISTRACIÓN Y COMERCIO;375;538;1;735;65.79;533.5;625.85;665.25;712.67;710.25;756.38;799.8;887.5
2026;38004;DERECHO;UNIVERSIDAD DIEGO PORTALES;DERECHO;261;347;1;683.5;52.68;667.5;726;752.25;789.49;787;823.5;860;948
2026;38005;PSICOLOGÍA;UNIVERSIDAD DIEGO PORTALES;CIENCIAS SOCIALES;206;252;1;850.5;50.28;691;742.15;766;801.75;800.5;831.12;861.5;944.5
2026;38006;CONTADOR AUDITOR-CONTADOR PÚBLICO;UNIVERSIDAD DIEGO PORTALES;ADMINISTRACIÓN Y COMERCIO;138;174;1;702.5;77.99;524;586.3;640.12;692.82;692.5;751.62;789.85;880
2026;38009;PERIODISMO;UNIVERSIDAD DIEGO PORTALES;CIENCIAS SOCIALES;145;188;1;532;64.31;532;608.35;636.5;683.71;680;726.38;765.5;884.5
2026;38013;PUBLICIDAD;UNIVERSIDAD DIEGO PORTALES;CIENCIAS SOCIALES;140;165;1;726.5;81.06;473;577;622.5;677.05;671;719.5;793.3;955.5
2026;38015;DISEÑO;UNIVERSIDAD DIEGO PORTALES;ARTE Y ARQUITECTURA;165;212;1;540.5;71.48;500;555.15;595.5;647.17;639.5;693.38;745.7;860.5
2026;38032;BACHILLERATO EN CIENCIAS SOCIALES Y HUMANIDADES;UNIVERSIDAD DIEGO PORTALES;CIENCIAS SOCIALES;145;201;1;658.5;70.25;506.5;577.5;626;672.82;678;723;761.5;861.5
2026;38080;INGENIERÍA CIVIL PLAN COMÚN;UNIVERSIDAD DIEGO PORTALES;TECNOLOGÍA;150;214;1;673;63.03;599.5;673.75;715.12;754.97;747.75;794.88;843.55;920.5
2026;38083;ARQUITECTURA;UNIVERSIDAD DIEGO PORTALES;ARTE Y ARQUITECTURA;150;196;1;617.5;63.66;559.5;617;656;695.69;693.5;734.62;779.25;899
2026;38162;SOCIOLOGÍA;UNIVERSIDAD DIEGO PORTALES;CIENCIAS SOCIALES;49;62;1;503;78.31;500;536;566.12;639.77;646.5;700;740.8;854.5
2026;38163;CIENCIA POLÍTICA;UNIVERSIDAD DIEGO PORTALES;CIENCIAS SOCIALES;90;133;1;645.5;62.39;509.5;610;643.5;683.42;686;725;767.3;842
2026;38164;LICENCIATURA EN HISTORIA;UNIVERSIDAD DIEGO PORTALES;CIENCIAS SOCIALES;30;45;1;525.5;64.59;489.5;526.7;542.5;599.17;598;634.5;671.7;812.5
2026;38166;LITERATURA CREATIVA;UNIVERSIDAD DIEGO PORTALES;HUMANIDADES;65;56;0;539;97.82;456;532.25;566.38;649.21;646.5;732.25;791.25;824
2026;38167;PEDAGOGÍA EN EDUCACIÓN GENERAL BÁSICA;UNIVERSIDAD DIEGO PORTALES;EDUCACIÓN;55;47;0;566;75.08;535.5;558.9;577.75;630.43;607;673.25;720.3;908
2026;38168;PEDAGOGÍA EN EDUCACIÓN PARVULARIA;UNIVERSIDAD DIEGO PORTALES;EDUCACIÓN;66;79;1;563.5;47.9;505;549;561;602.8;601.5;628.5;662.5;777
2026;38170;MEDICINA;UNIVERSIDAD DIEGO PORTALES;SALUD;64;85;1;901.5;20.64;891;908;920;934.16;935.5;946;957.6;981.5
2026;38171;ODONTOLOGÍA;UNIVERSIDAD DIEGO PORTALES;SALUD;62;79;1;698.5;49.09;679;703.7;742.25;769.39;761.5;797.25;838.9;889
2026;38172;TECNOLOGÍA MÉDICA;UNIVERSIDAD DIEGO PORTALES;SALUD;129;152;1;776;52.54;659.5;700.05;732.75;767.96;766.5;807.62;834.2;945.5
2026;38173;ENFERMERÍA;UNIVERSIDAD DIEGO PORTALES;SALUD;100;124;1;686.5;44.17;671.5;702.85;728.25;757.21;752.5;777.88;822.45;894.5
2026;38174;INGENIERÍA CIVIL INDUSTRIAL;UNIVERSIDAD DIEGO PORTALES;TECNOLOGÍA;260;335;1;761.5;57.6;641.5;701.7;737;775.68;776;812.25;851.3;958
2026;38175;INGENIERÍA CIVIL EN INFORMÁTICA Y TELECOMUNICACIONES;UNIVERSIDAD DIEGO PORTALES;TECNOLOGÍA;170;208;1;731.5;58.61;605;714.55;746.38;786.74;783.75;828.75;862.25;932
2026;38176;INGENIERÍA CIVIL EN OBRAS CIVILES;UNIVERSIDAD DIEGO PORTALES;TECNOLOGÍA;80;102;1;729;68.18;574;630;673.88;724.07;719.5;774.25;811.8;878
2026;38285;ARTES VISUALES;UNIVERSIDAD DIEGO PORTALES;ARTE Y ARQUITECTURA;59;77;1;516.5;72.02;491;515.9;538;597.38;589;632;690.6;835
2026;38292;INGENIERÍA EN CONTROL DE GESTIÓN;UNIVERSIDAD DIEGO PORTALES;ADMINISTRACIÓN Y COMERCIO;105;152;1;467.5;76.69;467.5;599.55;638.62;697.18;699.25;748.75;795.95;889
2026;38323;OBSTETRICIA Y NEONATOLOGÍA;UNIVERSIDAD DIEGO PORTALES;SALUD;59;75;1;693.5;47.95;659.5;691.6;706.75;749.59;752;785.25;815.2;878.5
2026;38325;KINESIOLOGÍA;UNIVERSIDAD DIEGO PORTALES;SALUD;91;118;1;652.5;55.39;585;638.2;660.12;701.65;694.5;739.38;768.4;908
2026;38326;PEDAGOGÍA EN EDUCACIÓN DIFERENCIAL CON MENCIÓN EN DESARROLLO COGNITIVO;UNIVERSIDAD DIEGO PORTALES;EDUCACIÓN;62;50;0;682;66.42;501.5;541.95;558.25;613.12;601.75;652.25;727.4;802.5
2026;38327;PEDAGOGÍA EN INGLÉS;UNIVERSIDAD DIEGO PORTALES;EDUCACIÓN;85;106;1;579;63.12;546.5;574;589.75;646.56;641.75;679.5;738.25;800.5
2026;38336;ADMINISTRACIÓN PÚBLICA;UNIVERSIDAD DIEGO PORTALES;CIENCIAS SOCIALES;75;100;1;728;65.92;517.5;610.3;646.62;689.6;682;725;788.6;859
2026;38337;ANTROPOLOGÍA;UNIVERSIDAD DIEGO PORTALES;CIENCIAS SOCIALES;35;38;1;499.5;84.84;499.5;524.6;566.5;628.2;629;674.75;754.65;824
2026;38338;BACHILLERATO EN ADMINISTRACIÓN Y ECONOMÍA;UNIVERSIDAD DIEGO PORTALES;ADMINISTRACIÓN Y COMERCIO;85;125;1;536;73.49;489.5;548.4;583.5;633.5;626.5;679;739.5;837
2026;38339;CINE Y REALIZACIÓN AUDIOVISUAL;UNIVERSIDAD DIEGO PORTALES;ARTE Y ARQUITECTURA;65;86;1;610.5;65.7;513.5;589.25;625.5;675.28;686.75;723.12;756;804
2026;38346;INGENIERÍA CIVIL EN CIENCIA DE DATOS E INTELIGENCIA ARTIFICIAL;UNIVERSIDAD DIEGO PORTALES;CIENCIAS BÁSICAS;55;71;1;793.5;62.8;607;693.5;721.5;763.27;758.5;814;842;914
2026;38347;CINE DE ANIMACIÓN;UNIVERSIDAD DIEGO PORTALES;ARTE Y ARQUITECTURA;45;50;1;525;76.18;507;534;566.88;621.38;614;667.38;714.2;855
2026;39101;AGRONOMIA;UNIVERSIDAD MAYOR;AGROPECUARIA;90;93;1;499.5;74.63;481;521.4;565.5;621.66;615.5;675;720.6;818
2026;39102;ANIMACION DIGITAL;UNIVERSIDAD MAYOR;ARTE Y ARQUITECTURA;60;70;1;656;78.02;561.5;607.05;654.75;699.03;682.25;751;812.6;945.5
2026;39103;ARQUITECTURA;UNIVERSIDAD MAYOR;ARTE Y ARQUITECTURA;120;128;1;538;73.47;459;501.7;545.38;596.65;590;647;686.95;799
2026;39104;BIOTECNOLOGIA;UNIVERSIDAD MAYOR;TECNOLOGÍA;40;50;1;608;72.79;596;631.6;664.38;711.4;698.25;746.5;810.1;911.5
2026;39105;CINE;UNIVERSIDAD MAYOR;ARTE Y ARQUITECTURA;50;60;1;608;72.68;464.5;546.15;581;627.18;626;663.25;717;839.5
2026;39106;INGENIERIA EN CONSTRUCCION;UNIVERSIDAD MAYOR;TECNOLOGÍA;30;45;1;471;87.61;471;508.4;575;625.94;610;685;745.3;828
2026;39107;DERECHO;UNIVERSIDAD MAYOR;DERECHO;120;145;1;524;68.25;500;546.5;577;626.27;618.5;671;719.5;827
2026;39108;DISEÑO MENCION GRAFICO, INDUSTRIAL O AMBIENTES;UNIVERSIDAD MAYOR;ARTE Y ARQUITECTURA;70;93;1;475;73.25;466;501.2;543.5;599.57;597;656;697.9;759
2026;39109;ENFERMERIA;UNIVERSIDAD MAYOR;SALUD;80;95;1;641.5;50.95;618.5;671.1;683;718.04;707.5;745.25;776.3;900.5
2026;39110;FONOAUDIOLOGÍA;UNIVERSIDAD MAYOR;SALUD;60;80;1;513;57.53;463.5;491.85;513;560.63;556;599.5;640.6;715
2026;39111;INGENIERÍA CIVIL ELECTRONICA;UNIVERSIDAD MAYOR;TECNOLOGÍA;30;40;1;791.5;61.84;633;652.5;677.25;731.99;734.5;783.62;809.25;846.5
2026;39112;INGENIERIA CIVIL EN COMPUTACION E INFORMATICA;UNIVERSIDAD MAYOR;TECNOLOGÍA;180;225;1;610.5;65.6;514;607.1;647;688.78;685.5;733;769.1;907.5
2026;39113;INGENIERIA CIVIL INDUSTRIAL;UNIVERSIDAD MAYOR;TECNOLOGÍA;160;210;1;653.5;53.96;556;623.85;645.62;685.79;683;719.5;751.65;849
2026;39114;INGENIERIA COMERCIAL;UNIVERSIDAD MAYOR;ADMINISTRACIÓN Y COMERCIO;160;230;1;667.5;67.4;524.5;554.5;592.5;637.66;631.75;672.62;721.05;968
2026;39115;INGENIERIA EN ADMINISTRACION;UNIVERSIDAD MAYOR;ADMINISTRACIÓN Y COMERCIO;60;85;1;479.5;73.38;458.5;489.5;513.5;569.28;551;608;669.8;775.5
2026;39117;KINESIOLOGIA;UNIVERSIDAD MAYOR;SALUD;90;110;1;648;48.08;564.5;615.45;637.5;671.33;665.75;696.25;741.15;844
2026;39118;MEDICINA;UNIVERSIDAD MAYOR;SALUD;70;80;1;907.5;24.81;847;884.95;899.38;915.42;911.5;930.5;944.25;1000
2026;39119;MEDICINA VETERINARIA;UNIVERSIDAD MAYOR;AGROPECUARIA;200;240;1;636.5;60.53;578;632.1;667;705.88;700.5;748.12;782;898
2026;39120;NUTRICION Y DIETETICA;UNIVERSIDAD MAYOR;SALUD;70;100;1;519.5;64.42;463;517.25;544.5;586.55;579;614;677;765
2026;39121;OBSTETRICIA Y PUERICULTURA;UNIVERSIDAD MAYOR;SALUD;40;50;1;698.5;49.84;633.5;647.35;670.5;710.45;705;745.38;767;834.5
2026;39122;ODONTOLOGIA;UNIVERSIDAD MAYOR;SALUD;70;90;1;756;46.27;679;711.9;740.75;772.68;774.75;805.25;827.85;885.5
2026;39125;PEDAGOGÍA EN EDUCACIÓN FÍSICA, DEPORTES Y RECREACIÓN PARA EDUCACIÓN BÁSICA Y MEDIA;UNIVERSIDAD MAYOR;EDUCACIÓN;30;53;1;563;54.32;546;567.7;581.5;625.35;614;658;686.4;758
2026;39129;PSICOLOGIA;UNIVERSIDAD MAYOR;CIENCIAS SOCIALES;110;150;1;724.5;50.54;574;624.15;656.12;687.57;685;715;754;851
2026;39132;TECNOLOGIA MEDICA;UNIVERSIDAD MAYOR;SALUD;80;100;1;691.5;66.48;549;628.35;665.12;704.94;696;738.5;797;889
2026;39133;TERAPIA OCUPACIONAL;UNIVERSIDAD MAYOR;SALUD;70;90;1;589.5;67.69;490.5;522.75;558.12;599.92;587.5;633.5;682.8;844
2026;39134;GEOLOGIA;UNIVERSIDAD MAYOR;CIENCIAS BÁSICAS;50;60;1;621.5;72.77;519.5;586.95;607.38;657.69;648.5;697;759.1;828.5
2026;39141;INGENIERIA EN CIENCIA DE DATOS;UNIVERSIDAD MAYOR;CIENCIAS BÁSICAS;40;20;0;577.5;71.3;529.5;576.9;613.88;664.02;672.5;706.5;757.7;785.5
2026;39142;ADMINISTRACIÓN PÚBLICA;UNIVERSIDAD MAYOR;CIENCIAS SOCIALES;45;65;1;553;70.84;464.5;494.1;533.5;579.6;575;619;679.2;740.5
2026;39143;INGENIERIA CIVIL EN MINAS;UNIVERSIDAD MAYOR;TECNOLOGÍA;40;70;1;643;47.68;626.5;661.8;686.5;717.76;710.75;742.38;784.1;823.5
2026;39144;ENTRENADOR DEPORTIVO;UNIVERSIDAD MAYOR;EDUCACIÓN;40;60;1;510;65.65;458.5;477.85;502.12;553.06;540.5;586.88;647.7;733.5
2026;39398;INTERPRETACION MUSICAL SUPERIOR;UNIVERSIDAD MAYOR;ARTE Y ARQUITECTURA;1;0;0;;;;;;;;;;
2026;39399;COMPOSICION MUSICAL SUPERIOR;UNIVERSIDAD MAYOR;ARTE Y ARQUITECTURA;1;0;0;;;;;;;;;;
2026;39401;ARQUITECTURA;UNIVERSIDAD MAYOR;ARTE Y ARQUITECTURA;40;50;1;582;88.56;494.5;537.4;585.75;645.35;625.25;696.12;787.6;851.5
2026;39402;INGENIERIA EN CONSTRUCCION;UNIVERSIDAD MAYOR;TECNOLOGÍA;25;33;1;546;86.87;458;483.8;523;576.59;546.5;607.5;711;811
2026;39403;DERECHO;UNIVERSIDAD MAYOR;DERECHO;60;80;1;656.5;75.34;526;556.1;588.75;641.04;626;679.12;734.65;874.5
2026;39405;ENFERMERIA;UNIVERSIDAD MAYOR;SALUD;70;90;1;690;78.71;509;577.4;626.75;677.37;679.5;724.38;789.5;877.5
2026;39406;FONOAUDIOLOGÍA;UNIVERSIDAD MAYOR;SALUD;30;40;1;522;60.39;462.5;496.55;521.12;563.66;563.25;592.12;637.8;784.5
2026;39408;INGENIERIA CIVIL INDUSTRIAL;UNIVERSIDAD MAYOR;TECNOLOGÍA;70;105;1;483;107.72;465.5;510;564.5;639.33;621.5;710;787.4;934
2026;39409;INGENIERIA COMERCIAL;UNIVERSIDAD MAYOR;ADMINISTRACIÓN Y COMERCIO;140;180;1;461.5;79.75;461.5;492.95;521.38;581.39;563.25;631.12;700.15;834.5
2026;39410;KINESIOLOGIA;UNIVERSIDAD MAYOR;SALUD;35;45;1;586;77.15;520.5;553;600;644.68;640.5;667;734;865
2026;39411;MEDICINA;UNIVERSIDAD MAYOR;SALUD;70;80;1;881;34.76;819;859.9;877.25;899.29;898.25;920;944.85;979.5
2026;39412;MEDICINA VETERINARIA;UNIVERSIDAD MAYOR;AGROPECUARIA;40;50;1;660.5;76.64;509.5;620.95;636.38;693.68;686.25;743;776.5;920.5
2026;39413;NUTRICION Y DIETETICA;UNIVERSIDAD MAYOR;SALUD;30;40;1;561;61.41;459.5;499.6;540.5;570.06;553.75;606.25;667.75;716.5
2026;39414;OBSTETRICIA Y PUERICULTURA;UNIVERSIDAD MAYOR;SALUD;35;46;1;637.5;63.92;546;574;621.88;660.98;666.5;708.38;739.5;799
2026;39415;ODONTOLOGIA;UNIVERSIDAD MAYOR;SALUD;50;70;1;632;76.23;535.5;616.8;635;694.29;686.5;752.75;791.4;908
2026;39419;PSICOLOGIA;UNIVERSIDAD MAYOR;CIENCIAS SOCIALES;120;140;1;584;65.79;498;561.35;588;626.8;613.5;649.5;721.7;820
2026;39420;TECNOLOGIA MEDICA;UNIVERSIDAD MAYOR;SALUD;50;60;1;677;54.53;625;651.9;683.88;726.77;730.5;765.62;791.65;855.5
2026;39421;TERAPIA OCUPACIONAL;UNIVERSIDAD MAYOR;SALUD;30;45;1;543;63.31;501;511.1;546;591.7;586;630;674.9;760
2026;39423;ANIMACION DIGITAL;UNIVERSIDAD MAYOR;ARTE Y ARQUITECTURA;30;40;1;706;86.17;571;599.9;676.38;723.04;720.75;766;848.35;920.5
2026;39425;AGRONOMÍA;UNIVERSIDAD MAYOR;AGROPECUARIA;30;40;1;522;75.85;463.5;527.95;565.75;622.24;608.75;664.62;721.95;832.5
2026;40001;ARQUITECTURA;UNIVERSIDAD FINIS TERRAE;ARTE Y ARQUITECTURA;85;95;1;525;72.16;498.5;538.1;585.5;637.35;643;687.5;718.4;815.5
2026;40002;DISEÑO;UNIVERSIDAD FINIS TERRAE;ARTE Y ARQUITECTURA;80;82;1;501;80.58;463;487.7;512.88;577.2;566.25;616.38;686.05;801.5
2026;40003;DISEÑO DE MODA Y MANAGEMENT;UNIVERSIDAD FINIS TERRAE;ARTE Y ARQUITECTURA;35;40;1;505.5;73.36;505.5;585.4;638.25;675.68;673.75;719.38;762.3;894.5
2026;40010;LICENCIATURA EN ARTES VISUALES;UNIVERSIDAD FINIS TERRAE;ARTE Y ARQUITECTURA;70;59;0;534.5;82.7;468;493;519.75;578.67;567.5;612.75;687.7;930
2026;40011;BACHILLERATO EN ARTES, ARQUITECTURA Y DISEÑO;UNIVERSIDAD FINIS TERRAE;ARTE Y ARQUITECTURA;20;21;1;532.5;88.61;475.5;489;506.5;582.43;558;630.5;697;779.5
2026;40020;LICENCIATURA EN HISTORIA;UNIVERSIDAD FINIS TERRAE;CIENCIAS SOCIALES;20;6;0;471.5;67.03;471.5;496.5;531;572.17;583.25;625.75;636.75;641.5
2026;40021;LICENCIATURA EN LITERATURA;UNIVERSIDAD FINIS TERRAE;HUMANIDADES;20;10;0;571.5;103.13;510.5;521.3;561;623.95;597;656.62;772.8;825
2026;40022;PERIODISMO Y COMUNICACIÓN;UNIVERSIDAD FINIS TERRAE;CIENCIAS SOCIALES;65;63;0;553;70.3;474.5;514.6;536.75;589.67;577;634.5;672;788.5
2026;40023;PUBLICIDAD;UNIVERSIDAD FINIS TERRAE;CIENCIAS SOCIALES;70;85;1;554.5;66.93;480.5;528.2;546;600.01;593;633.5;696.9;793
2026;40024;BACHILLERATO EN HUMANIDADES;UNIVERSIDAD FINIS TERRAE;HUMANIDADES;30;8;0;543.5;67.65;502;508.3;515.88;568.94;553.5;599.38;643.7;702.5
2026;40030;DERECHO;UNIVERSIDAD FINIS TERRAE;DERECHO;225;235;1;554;71.87;442;554.2;599.25;644.91;639.5;686.5;739.2;885.5
2026;40040;INGENIERÍA COMERCIAL;UNIVERSIDAD FINIS TERRAE;ADMINISTRACIÓN Y COMERCIO;175;185;1;531;74.92;488.5;554.1;599.5;648.57;643;699;751.3;851
2026;40041;CONTADOR AUDITOR;UNIVERSIDAD FINIS TERRAE;ADMINISTRACIÓN Y COMERCIO;45;50;1;567.5;73.33;463;543.05;564.38;617.58;610.5;659.5;716.7;801
2026;40042;INGENIERÍA EN INFORMACIÓN Y CONTROL DE GESTIÓN;UNIVERSIDAD FINIS TERRAE;ADMINISTRACIÓN Y COMERCIO;38;40;1;638.5;82.8;504;566;599;654.61;643.5;692.62;768.35;862.5
2026;40043;DIRECCIÓN Y GESTIÓN DE ARTES CULINARIAS;UNIVERSIDAD FINIS TERRAE;ADMINISTRACIÓN Y COMERCIO;35;35;1;681.5;66.07;672.5;686.3;715;765.37;766;804.25;870.8;927
2026;40050;PEDAGOGÍA EN EDUCACIÓN BÁSICA;UNIVERSIDAD FINIS TERRAE;EDUCACIÓN;25;8;0;547;72.79;546;546.7;583.75;633.69;618;708.38;715.5;726
2026;40051;PEDAGOGÍA EN EDUCACIÓN PARVULARIA;UNIVERSIDAD FINIS TERRAE;EDUCACIÓN;25;17;0;588;65.05;546;554.6;570;619.59;612.5;632;706.8;780.5
2026;40054;SOCIOLOGÍA;UNIVERSIDAD FINIS TERRAE;CIENCIAS SOCIALES;20;5;0;473;62.95;458;464;473;530.7;558;558;587.1;606.5
2026;40055;CIENCIA POLÍTICA;UNIVERSIDAD FINIS TERRAE;CIENCIAS SOCIALES;20;25;1;523;71.62;479;517;564.5;597.66;582;618.5;691.2;791.5
2026;40056;BACHILLERATO EN CIENCIAS SOCIALES;UNIVERSIDAD FINIS TERRAE;CIENCIAS SOCIALES;10;8;0;541;72.45;478.5;493.55;526.62;566.44;554.5;588;653.85;702.5
2026;40061;INGENIERÍA CIVIL INDUSTRIAL;UNIVERSIDAD FINIS TERRAE;TECNOLOGÍA;70;75;1;625;78.36;489.5;605.1;628.5;688.41;685;750.25;792.2;839.5
2026;40062;INGENIERÍA CIVIL INFORMÁTICA Y TELECOMUNICACIONES;UNIVERSIDAD FINIS TERRAE;TECNOLOGÍA;100;110;1;619;92.43;456;533.95;578.12;637.01;620.75;695.75;739.95;904
2026;40064;INGENIERÍA CIVIL BIOMÉDICA;UNIVERSIDAD FINIS TERRAE;TECNOLOGÍA;35;35;1;687;52.93;687;725.1;750;787.44;785.5;824;852;888
2026;40065;INGENIERÍA CIVIL EN INTELIGENCIA ARTIFICIAL Y REALIDAD VIRTUAL;UNIVERSIDAD FINIS TERRAE;TECNOLOGÍA;35;40;1;595;84.9;470.5;522.35;535.12;610.54;591;661.62;746.65;797
2026;40070;MEDICINA;UNIVERSIDAD FINIS TERRAE;SALUD;80;80;1;932;19.72;874;909;918;932.42;931;946.12;955;994.5
2026;40071;KINESIOLOGÍA;UNIVERSIDAD FINIS TERRAE;SALUD;80;90;1;570.5;63.78;566.5;634.8;652.62;698.51;695.25;736.5;782.05;881
2026;40072;NUTRICIÓN Y DIETÉTICA;UNIVERSIDAD FINIS TERRAE;SALUD;70;95;1;465;71.77;459;484.7;510.75;568.85;561;609.75;672.8;794
2026;40073;ENFERMERÍA;UNIVERSIDAD FINIS TERRAE;SALUD;80;85;1;631;56.01;598.5;642.7;673;708.38;697;739.5;789.2;842
2026;40074;PSICOLOGÍA;UNIVERSIDAD FINIS TERRAE;CIENCIAS SOCIALES;115;126;1;531.5;74.61;504.5;567.5;617.5;664.3;660.25;715;759.25;869.5
2026;40075;BACHILLERATO EN MEDICINA Y CIENCIAS BIOMÉDICAS;UNIVERSIDAD FINIS TERRAE;SALUD;40;40;1;917.5;22.99;850;872.8;891.5;903;903.25;917.5;930;951.5
2026;40080;ODONTOLOGÍA;UNIVERSIDAD FINIS TERRAE;SALUD;60;70;1;687.5;50.13;621;667.15;713.12;737.54;732.5;767.12;808.95;835
2026;40090;ACTUACIÓN Y CREACIÓN TEATRAL;UNIVERSIDAD FINIS TERRAE;ARTE Y ARQUITECTURA;24;24;1;601;83.56;500.5;542.1;609.62;658.44;672.5;720.62;764.35;793.5
2026;41000;ARQUITECTURA;UNIVERSIDAD ANDRES BELLO;ARTE Y ARQUITECTURA;140;157;1;461;81.26;461;502.4;543;608.16;603.5;660.5;724.7;827
2026;41002;DISEÑO GRAFICO;UNIVERSIDAD ANDRES BELLO;ARTE Y ARQUITECTURA;80;70;0;470.5;96.03;372;493.55;513.38;587.66;561.5;657.62;717.1;875
2026;41003;ARTES VISUALES;UNIVERSIDAD ANDRES BELLO;ARTE Y ARQUITECTURA;70;30;0;492.5;97.31;458;479.75;502.12;583.85;579.75;644.5;677.65;886
2026;41005;BIOQUIMICA;UNIVERSIDAD ANDRES BELLO;CIENCIAS BÁSICAS;75;136;1;570.5;101.61;462.5;565.75;599.75;686.14;680.5;766;824.5;968
2026;41006;INGENIERIA EN BIOTECNOLOGIA;UNIVERSIDAD ANDRES BELLO;TECNOLOGÍA;90;81;0;626;98.67;481;572;618;691.91;687;766.5;835;908
2026;41007;BIOLOGIA;UNIVERSIDAD ANDRES BELLO;CIENCIAS BÁSICAS;70;80;1;567.5;93.85;483;554;598.25;676.97;687.75;737.75;793.65;882
2026;41008;FONOAUDIOLOGIA;UNIVERSIDAD ANDRES BELLO;SALUD;100;40;0;508;68.08;463;502.35;524.25;572.61;563;606.75;652.2;769
2026;41009;KINESIOLOGIA;UNIVERSIDAD ANDRES BELLO;SALUD;340;529;1;504;88.26;458.5;500.9;537.5;606.69;595;660.5;732.6;922
2026;41010;TERAPIA OCUPACIONAL;UNIVERSIDAD ANDRES BELLO;SALUD;180;120;0;488;78.61;459;478.4;513.75;571.41;552;645.75;681.55;767.5
2026;41011;INGENIERIA FISICA;UNIVERSIDAD ANDRES BELLO;TECNOLOGÍA;60;18;0;664.5;85.24;615;652.5;700.5;766.25;791;809.75;871.2;898
2026;41012;LICENCIATURA EN ASTRONOMIA;UNIVERSIDAD ANDRES BELLO;CIENCIAS BÁSICAS;90;93;1;513.5;91.72;497.5;583.3;619;691.09;688.5;756.5;802.5;904
2026;41013;LICENCIATURA EN FISICA;UNIVERSIDAD ANDRES BELLO;CIENCIAS BÁSICAS;70;15;0;508;102.59;508;534.4;601.5;672.67;660.5;766.75;798.1;800.5
2026;41015;PSICOLOGIA;UNIVERSIDAD ANDRES BELLO;CIENCIAS SOCIALES;350;690;1;516.5;76.69;461.5;517.4;556.62;613.37;603.75;660.5;719.5;834.5
2026;41016;SOCIOLOGIA;UNIVERSIDAD ANDRES BELLO;CIENCIAS SOCIALES;60;7;0;525;87.38;525;533.7;569.25;622.71;624.5;641;709.2;789
2026;41017;TRABAJO SOCIAL;UNIVERSIDAD ANDRES BELLO;CIENCIAS SOCIALES;100;33;0;484.5;66.38;452;476.1;496.5;548.36;535.5;584;645.1;721
2026;41019;PERIODISMO;UNIVERSIDAD ANDRES BELLO;CIENCIAS SOCIALES;80;69;0;542.5;69.31;458;511.8;553;603.78;599;652.5;686.1;761.5
2026;41020;PUBLICIDAD;UNIVERSIDAD ANDRES BELLO;CIENCIAS SOCIALES;100;94;0;489.5;71.47;463;501.2;534.75;582.98;567.75;629;683.5;773.5
2026;41021;DERECHO (BELLAVISTA);UNIVERSIDAD ANDRES BELLO;DERECHO;350;360;1;500;84.79;436;515.4;559;619.81;614.5;672;739;934.5
2026;41022;BIOLOGIA MARINA;UNIVERSIDAD ANDRES BELLO;CIENCIAS BÁSICAS;126;157;1;483;85.21;458;513.6;549.5;619.74;621.5;677;741.8;877.5
2026;41023;ADMINISTRACION EN ECOTURISMO;UNIVERSIDAD ANDRES BELLO;ADMINISTRACIÓN Y COMERCIO;80;46;0;506.5;78.88;464.5;497;533.25;586.71;571;641.62;701;754.5
2026;41024;INGENIERIA AMBIENTAL;UNIVERSIDAD ANDRES BELLO;TECNOLOGÍA;90;20;0;585;89.74;465;527.7;539.38;612.68;584.5;666.12;728.75;781
2026;41026;MEDICINA VETERINARIA;UNIVERSIDAD ANDRES BELLO;AGROPECUARIA;380;627;1;470.5;87.22;458;501.8;546;615.78;610;678.25;739;858
2026;41027;CONTADOR AUDITOR;UNIVERSIDAD ANDRES BELLO;ADMINISTRACIÓN Y COMERCIO;140;178;1;515;86.85;375.5;509.05;545.38;609.88;601.75;664.75;722.6;883
2026;41028;INGENIERIA COMERCIAL (LAS CONDES);UNIVERSIDAD ANDRES BELLO;ADMINISTRACIÓN Y COMERCIO;500;416;0;513;77.65;466;530.75;567.5;628.6;626;686.12;735;839.5
2026;41029;INGENIERIA EN ADMINISTRACION DE EMPRESAS;UNIVERSIDAD ANDRES BELLO;ADMINISTRACIÓN Y COMERCIO;180;211;1;461;81.82;459.5;489;526;587.47;581;642.25;685.5;932
2026;41030;INGENIERIA EN ADMINISTRACION HOTELERA INTERNACIONAL;UNIVERSIDAD ANDRES BELLO;ADMINISTRACIÓN Y COMERCIO;90;71;0;513.5;88.09;458;513.5;544.5;609.33;600;669.25;714;884.5
2026;41031;INGENIERIA EN TURISMO Y HOTELERIA;UNIVERSIDAD ANDRES BELLO;ADMINISTRACIÓN Y COMERCIO;150;106;0;526.5;83.22;458;492.25;518.5;576.79;556.5;619.5;688;835.5
2026;41032;ENFERMERIA (REPUBLICA);UNIVERSIDAD ANDRES BELLO;SALUD;290;495;1;517.5;78.57;459.5;499.1;535.5;595.53;587;646.75;707.4;857.5
2026;41034;PEDAGOGIA EDUCACION FISICA;UNIVERSIDAD ANDRES BELLO;EDUCACIÓN;120;84;0;581;75.07;394;550.65;586.5;634.61;621.5;684.12;739.55;818.5
2026;41037;EDUCACION PARVULARIA;UNIVERSIDAD ANDRES BELLO;EDUCACIÓN;75;24;0;550.5;51.68;513;549.8;559;602.79;604;637.75;667.25;721
2026;41039;LICENCIATURA EN HISTORIA;UNIVERSIDAD ANDRES BELLO;CIENCIAS SOCIALES;70;6;0;478.5;100.04;478.5;491.25;516.5;577.33;563.5;587.62;677.25;762
2026;41040;LICENCIATURA EN LETRAS;UNIVERSIDAD ANDRES BELLO;HUMANIDADES;70;7;0;576.5;53.23;531.5;558.5;580.75;597.29;588;596.75;644.4;706.5
2026;41041;PEDAGOGIA EN INGLES PARA LA ENSEÑANZA BASICA Y MEDIA;UNIVERSIDAD ANDRES BELLO;EDUCACIÓN;85;39;0;549.5;75.5;475.5;559;595;646.68;633.5;700.25;736.8;818
2026;41042;PSICOPEDAGOGIA;UNIVERSIDAD ANDRES BELLO;EDUCACIÓN;70;29;0;483;84.05;458;482.7;509.5;556.09;539;572.5;642.1;869.5
2026;41043;GEOLOGIA;UNIVERSIDAD ANDRES BELLO;CIENCIAS BÁSICAS;150;112;0;521;105.58;483;529.75;595.62;673.59;669;752.62;803.85;944.5
2026;41044;INGENIERIA CIVIL;UNIVERSIDAD ANDRES BELLO;TECNOLOGÍA;120;119;0;568.5;107.75;465;513.4;573.75;660.45;667.5;730;798.3;898
2026;41045;INGENIERIA CIVIL INFORMATICA (ANTONIO VARAS);UNIVERSIDAD ANDRES BELLO;TECNOLOGÍA;400;308;0;581.5;101.96;471;548.55;603.75;683.22;678.5;754.5;812.5;944.5
2026;41046;INGENIERIA CIVIL INDUSTRIAL (ANTONIO VARAS);UNIVERSIDAD ANDRES BELLO;TECNOLOGÍA;450;382;0;509;93.21;471.5;540.3;598.12;662.63;654.75;727;787.3;916
2026;41047;INGENIERIA EN AUTOMATIZACION Y ROBOTICA;UNIVERSIDAD ANDRES BELLO;TECNOLOGÍA;110;120;1;639.5;100.66;459;534.6;591.75;661.05;645.25;742.38;804.9;904
2026;41048;INGENIERIA EN COMPUTACION E INFORMATICA;UNIVERSIDAD ANDRES BELLO;TECNOLOGÍA;320;236;0;491.5;94.68;458;526.75;582;649.85;642;710;779;895
2026;41049;INGENIERIA EN CONSTRUCCION;UNIVERSIDAD ANDRES BELLO;TECNOLOGÍA;100;46;0;497;84.64;485;498;557;626.8;623.5;686.88;741.25;752.5
2026;41055;INGENIERIA INDUSTRIAL;UNIVERSIDAD ANDRES BELLO;TECNOLOGÍA;90;48;0;522.5;105.65;477;519.95;554.62;643.16;621.5;712.38;783.65;919.5
2026;41056;MEDICINA;UNIVERSIDAD ANDRES BELLO;SALUD;140;162;1;902;24.6;854.5;891.05;904;921.32;919.75;940.25;955.95;981.5
2026;41057;NUTRICION Y DIETETICA;UNIVERSIDAD ANDRES BELLO;SALUD;180;116;0;500;85.81;470.5;496;521;593.04;574.25;658.62;725;815
2026;41058;QUIMICA Y FARMACIA;UNIVERSIDAD ANDRES BELLO;SALUD;240;390;1;679.5;79.47;508.5;647.45;694.12;753.66;756.25;811.62;860;950.5
2026;41059;TECNOLOGIA MEDICA;UNIVERSIDAD ANDRES BELLO;SALUD;305;368;1;487;89.38;439.5;519.5;556.38;623.3;606.25;678;746.5;902.5
2026;41060;ODONTOLOGIA;UNIVERSIDAD ANDRES BELLO;SALUD;190;365;1;541.5;75.96;485.5;545.9;587.5;641.51;643.5;691.5;734.2;925
2026;41061;ARQUITECTURA;UNIVERSIDAD ANDRES BELLO;ARTE Y ARQUITECTURA;80;64;0;542.5;75.06;469.5;510.7;539;597.78;587;648.62;689.3;808.5
2026;41064;INGENIERIA EN BIOTECNOLOGIA;UNIVERSIDAD ANDRES BELLO;TECNOLOGÍA;60;33;0;618;98.66;475.5;563.1;622.5;688.32;693;767.5;803.4;865.5
2026;41066;KINESIOLOGIA;UNIVERSIDAD ANDRES BELLO;SALUD;160;177;1;481;81.12;466;496.8;525.5;587.81;577.5;625;722.8;882
2026;41067;TERAPIA OCUPACIONAL;UNIVERSIDAD ANDRES BELLO;SALUD;120;63;0;525;86.84;468;487.8;525;596.76;588;648.25;706;873
2026;41068;PSICOLOGIA;UNIVERSIDAD ANDRES BELLO;CIENCIAS SOCIALES;340;309;0;463;83.28;461.5;505.6;540.5;601.21;589;647;703.2;926.5
2026;41070;TRABAJO SOCIAL;UNIVERSIDAD ANDRES BELLO;CIENCIAS SOCIALES;60;13;0;528;80.75;463;479.3;497.5;559.88;531.5;608;666.3;721
2026;41071;DERECHO;UNIVERSIDAD ANDRES BELLO;DERECHO;300;251;0;555.5;74.24;462;520.5;557.75;614.7;616.5;654;724;830
2026;41072;ADMINISTRACION EN ECOTURISMO;UNIVERSIDAD ANDRES BELLO;ADMINISTRACIÓN Y COMERCIO;70;17;0;459;106.1;459;484.1;522;595.5;568;645.5;728.5;849
2026;41075;CONTADOR AUDITOR;UNIVERSIDAD ANDRES BELLO;ADMINISTRACIÓN Y COMERCIO;70;40;0;549.5;81.16;464.5;499.15;548.38;600.72;592.75;641.5;687.5;844
2026;41076;INGENIERIA COMERCIAL;UNIVERSIDAD ANDRES BELLO;ADMINISTRACIÓN Y COMERCIO;230;167;0;474;85.5;462;512.8;553.75;614.59;603.5;659.25;747;835
2026;41077;INGENIERIA EN ADMINISTRACION DE EMPRESAS;UNIVERSIDAD ANDRES BELLO;ADMINISTRACIÓN Y COMERCIO;70;62;0;475;93.05;474;489.8;501;581.41;560;638.12;695.65;920
2026;41078;ENFERMERIA;UNIVERSIDAD ANDRES BELLO;SALUD;170;270;1;564.5;84.16;461.5;507.5;539.5;606.17;596;657;713.2;925
2026;41080;PEDAGOGIA EDUCACION FISICA;UNIVERSIDAD ANDRES BELLO;EDUCACIÓN;80;33;0;554.5;65.13;513.5;553.7;577;615.79;603;644;682.8;823
2026;41082;EDUCACION PARVULARIA;UNIVERSIDAD ANDRES BELLO;EDUCACIÓN;60;17;0;563;36.58;549.5;553.9;556;590.91;587;626;639;647
2026;41086;PEDAGOGÍA EN INGLES PARA LA ENSEÑANZA BASICA Y MEDIA;UNIVERSIDAD ANDRES BELLO;EDUCACIÓN;60;11;0;560;80.06;554.5;560;597.25;654.86;627;725.25;746.5;788
2026;41087;PSICOPEDAGOGIA;UNIVERSIDAD ANDRES BELLO;EDUCACIÓN;70;22;0;541.5;59.15;478.5;486.6;502.25;543.66;528.75;566.25;641.55;691.5
2026;41088;GEOLOGIA;UNIVERSIDAD ANDRES BELLO;CIENCIAS BÁSICAS;75;61;0;465;100.77;465;506.5;553.5;627.39;617.5;691.5;746;917.5
2026;41089;INGENIERIA CIVIL INDUSTRIAL;UNIVERSIDAD ANDRES BELLO;TECNOLOGÍA;130;106;0;473;89.6;473;543.75;578.88;645.5;624.25;720.62;762.5;857.5
2026;41090;INGENIERIA EN COMPUTACION E INFORMATICA;UNIVERSIDAD ANDRES BELLO;TECNOLOGÍA;95;41;0;476.5;111.48;458;538;600;661.22;653;702;822;908
2026;41091;INGENIERIA EN MARINA MERCANTE;UNIVERSIDAD ANDRES BELLO;TECNOLOGÍA;95;75;0;472;100.93;470.5;525.5;563.5;642.48;625.5;710.5;770.7;939
2026;41095;MEDICINA;UNIVERSIDAD ANDRES BELLO;SALUD;130;148;1;891.5;26.88;833;865.85;884.88;900.36;897.5;918.12;937.6;969
2026;41096;NUTRICION Y DIETETICA;UNIVERSIDAD ANDRES BELLO;SALUD;80;48;0;529.5;64.5;484.5;519.55;550.62;594.98;589;635.75;667.5;770.5
2026;41097;QUIMICA Y FARMACIA;UNIVERSIDAD ANDRES BELLO;SALUD;130;210;1;712;79.47;511;584.85;632.5;683.42;678.5;733;788.5;916
2026;41098;TECNOLOGIA MEDICA;UNIVERSIDAD ANDRES BELLO;SALUD;138;149;1;499.5;84.28;475;518.7;550.5;606.91;588.5;653;724.8;894.5
2026;41099;ODONTOLOGIA;UNIVERSIDAD ANDRES BELLO;SALUD;160;250;1;567;91.24;468.5;522;564.5;635.84;624.25;702.88;766.6;889
2026;41102;KINESIOLOGIA;UNIVERSIDAD ANDRES BELLO;SALUD;170;148;0;481.5;83.25;463.5;494.05;531.38;589.19;573;630.5;706.5;926.5
2026;41103;TERAPIA OCUPACIONAL;UNIVERSIDAD ANDRES BELLO;SALUD;120;45;0;566.5;93.35;464;496.8;518.5;593.07;578;640.5;716.6;837
2026;41104;PSICOLOGIA;UNIVERSIDAD ANDRES BELLO;CIENCIAS SOCIALES;250;187;0;539;76.07;464.5;497.9;526.5;582.79;568;632.5;680.7;842
2026;41106;DERECHO;UNIVERSIDAD ANDRES BELLO;DERECHO;110;132;1;535.5;81.31;460.5;513.35;555.62;619.28;613.75;681.25;729.15;832.5
2026;41107;ADMINISTRACION EN ECOTURISMO;UNIVERSIDAD ANDRES BELLO;ADMINISTRACIÓN Y COMERCIO;70;23;0;562;86.83;487;500.1;537.75;602.37;585.5;661.25;695;806.5
2026;41109;INGENIERIA COMERCIAL;UNIVERSIDAD ANDRES BELLO;ADMINISTRACIÓN Y COMERCIO;130;100;0;587;89.46;476.5;497.85;548.25;604.85;591.5;641.12;714.1;870
2026;41111;ENFERMERIA;UNIVERSIDAD ANDRES BELLO;SALUD;160;236;1;483;73.33;462;484.5;510;571.05;560.75;618.5;670;863
2026;41116;PEDAGOGIA EN INGLES PARA LA ENSEÑANZA BASICA Y MEDIA;UNIVERSIDAD ANDRES BELLO;EDUCACIÓN;80;18;0;593.5;53;546;548.1;579.88;611.64;601.5;633.38;702.55;712.5
2026;41118;GEOLOGIA;UNIVERSIDAD ANDRES BELLO;CIENCIAS BÁSICAS;90;55;0;655.5;90.05;481;556.2;617.25;671.56;667.5;713.25;777.1;969
2026;41121;INGENIERIA CIVIL INDUSTRIAL;UNIVERSIDAD ANDRES BELLO;TECNOLOGÍA;80;106;1;489.5;100.18;458;536.75;600;667.38;671.75;732;770.25;958
2026;41123;INGENIERIA EN MARINA MERCANTE;UNIVERSIDAD ANDRES BELLO;TECNOLOGÍA;70;51;0;578;76.64;498;531.5;587.75;628;618.5;677.25;726;823
2026;41125;NUTRICION Y DIETETICA;UNIVERSIDAD ANDRES BELLO;SALUD;70;33;0;486.5;68.73;470.5;486.1;516.5;566.11;546.5;592;652.4;732
2026;41126;TECNOLOGIA MEDICA;UNIVERSIDAD ANDRES BELLO;SALUD;135;190;1;486.5;88.02;394;509.45;556.38;620.48;614.75;675.38;741.7;831
2026;41127;ODONTOLOGIA;UNIVERSIDAD ANDRES BELLO;SALUD;95;175;1;510;77.83;476;510.6;540.5;609.79;612.5;667;708;815
2026;41129;INGENIERIA COMERCIAL (BELLAVISTA);UNIVERSIDAD ANDRES BELLO;ADMINISTRACIÓN Y COMERCIO;500;360;0;531;85.01;465;513.45;551.75;617.06;601;673.12;731.85;872.5
2026;41130;INGENIERIA CIVIL EN MINAS;UNIVERSIDAD ANDRES BELLO;TECNOLOGÍA;170;250;1;627.5;93.93;418;542.75;593.25;667.02;666.5;734.38;801.85;908
2026;41134;INGENIERIA CIVIL EN MINAS;UNIVERSIDAD ANDRES BELLO;TECNOLOGÍA;80;109;1;493.5;85.69;461.5;495.7;541;599.32;594.5;645.5;716.7;871
2026;41136;INGENIERIA EN TURISMO Y HOTELERIA;UNIVERSIDAD ANDRES BELLO;ADMINISTRACIÓN Y COMERCIO;60;23;0;529.5;89.93;486;507.5;534.25;605.93;595;647;726.1;805
2026;41138;DISEÑO DE VESTUARIO Y TEXTIL;UNIVERSIDAD ANDRES BELLO;ARTE Y ARQUITECTURA;100;100;1;507.5;90.24;421.5;488.05;526.5;601.52;596;666.38;718.6;815
2026;41139;DISEÑO DE JUEGOS DIGITALES;UNIVERSIDAD ANDRES BELLO;ARTE Y ARQUITECTURA;80;44;0;522;88.65;486;519.8;550.88;623.14;619.75;688.5;745.25;793
2026;41153;INGENIERIA CIVIL EN MINAS;UNIVERSIDAD ANDRES BELLO;TECNOLOGÍA;105;83;0;463.5;90.68;463.5;528.1;557.25;633.83;630.5;703;745.1;865
2026;41156;FONOAUDIOLOGIA;UNIVERSIDAD ANDRES BELLO;SALUD;70;38;0;543.5;57.61;463.5;488.75;510.38;550.33;541;582.5;606.25;715
2026;41159;OBSTETRICIA;UNIVERSIDAD ANDRES BELLO;SALUD;70;90;1;577;58.26;549;577;608.75;652.06;649.5;693.5;722.7;860.5
2026;41162;INGENIERIA CIVIL INFORMATICA;UNIVERSIDAD ANDRES BELLO;TECNOLOGÍA;70;43;0;499;86.13;463;536.2;575.75;647.51;654;715.75;738.9;820.5
2026;41163;FONOAUDIOLOGIA;UNIVERSIDAD ANDRES BELLO;SALUD;70;25;0;488;78.12;463;471.5;489;544.22;514.5;583;633.8;782
2026;41164;MEDICINA;UNIVERSIDAD ANDRES BELLO;SALUD;111;123;1;904;28.99;799;866.6;889;904.96;908;923.75;940.2;966
2026;41165;MEDICINA VETERINARIA;UNIVERSIDAD ANDRES BELLO;AGROPECUARIA;210;218;1;470.5;99.21;442;518.35;547.12;623.28;603.25;681;746.95;919.5
2026;41167;QUIMICA Y FARMACIA;UNIVERSIDAD ANDRES BELLO;SALUD;137;225;1;717.5;79.6;528;621.2;665;720.93;717.5;775.5;831.9;908
2026;41168;OBSTETRICIA;UNIVERSIDAD ANDRES BELLO;SALUD;100;140;1;566.5;46.13;566.5;607;627.25;659.78;655;688;717.65;818
2026;41169;OBSTETRICIA;UNIVERSIDAD ANDRES BELLO;SALUD;85;105;1;549;59.59;488.5;570.7;593;632.94;618.5;671.5;708.3;817
2026;41197;MEDICINA VETERINARIA;UNIVERSIDAD ANDRES BELLO;AGROPECUARIA;150;163;1;543.5;86.72;461.5;508.3;544.75;605.71;589;647.25;733.6;865.5
2026;41199;ENTRENADOR DEPORTIVO;UNIVERSIDAD ANDRES BELLO;EDUCACIÓN;110;99;0;532;94.31;457.5;485.9;509.75;590.77;567.5;664;724;820
2026;41200;ENTRENADOR DEPORTIVO;UNIVERSIDAD ANDRES BELLO;EDUCACIÓN;60;39;0;537.5;78.21;476.5;495.7;524.5;569.67;541.5;605.25;676.7;810
2026;41201;ENTRENADOR DEPORTIVO;UNIVERSIDAD ANDRES BELLO;EDUCACIÓN;70;54;0;485.5;74.99;462;487.6;514.38;567.35;546.5;604.75;670.2;799
2026;41203;DERECHO (LAS CONDES);UNIVERSIDAD ANDRES BELLO;DERECHO;160;180;1;567;73.17;476;546.9;598.25;646.92;647;698.5;746.05;826.5
2026;41204;INGENIERIA CIVIL ELECTRICA;UNIVERSIDAD ANDRES BELLO;TECNOLOGÍA;107;190;1;587;87.51;517.5;577.5;626.62;691.55;692.75;746.75;806.5;912
2026;41206;INGENIERIA CIVIL INDUSTRIAL (LAS CONDES);UNIVERSIDAD ANDRES BELLO;TECNOLOGÍA;110;130;1;653;79.49;546;601.5;653.12;713.9;719.75;767.38;812.9;948
2026;41207;INGENIERIA CIVIL INFORMATICA (LAS CONDES);UNIVERSIDAD ANDRES BELLO;TECNOLOGÍA;100;100;1;533;91.82;501.5;560;620.38;679.8;673.25;740.88;810.2;908
2026;41208;INGENIERIA CIVIL INFORMATICA;UNIVERSIDAD ANDRES BELLO;TECNOLOGÍA;90;62;0;551;90.45;459;554.05;599.75;662.54;656.75;719.12;766.05;870
2026;41209;ARQUITECTURA;UNIVERSIDAD ANDRES BELLO;ARTE Y ARQUITECTURA;70;51;0;504;76.83;476.5;504;541.5;600.97;589.5;641;695.5;831.5
2026;41210;PUBLICIDAD;UNIVERSIDAD ANDRES BELLO;CIENCIAS SOCIALES;70;26;0;500;63.62;499;525.25;570.25;610.63;619.5;643.5;688.75;734.5
2026;41211;DISEÑO DE JUEGOS DIGITALES;UNIVERSIDAD ANDRES BELLO;ARTE Y ARQUITECTURA;90;20;0;466;112.49;466;516.7;591.25;668.05;692.25;767.75;816.75;839.5
2026;41212;BACHILLERATO EN CIENCIAS DE LA SALUD (REPUBLICA);UNIVERSIDAD ANDRES BELLO;SALUD;260;273;1;539;105.4;483;560.2;619;704.63;711;781.5;847;944.5
2026;41213;BACHILLERATO EN CIENCIAS DE LA SALUD;UNIVERSIDAD ANDRES BELLO;SALUD;180;210;1;615;93.18;532;623.7;673.38;749.2;755.75;830.88;864.55;946
2026;41214;BACHILLERATO EN CIENCIAS DE LA SALUD;UNIVERSIDAD ANDRES BELLO;SALUD;140;138;0;470.5;109.59;461.5;599.3;660.75;737.93;740.25;824.25;878.95;937
2026;41215;BACHILLERATO EN CIENCIAS DE LA SALUD (LAS CONDES);UNIVERSIDAD ANDRES BELLO;SALUD;130;200;1;532;111.32;486.5;552.25;632.38;716.32;730.75;807.88;857.5;926.5
2026;41216;ENFERMERIA (LAS CONDES);UNIVERSIDAD ANDRES BELLO;SALUD;150;220;1;502.5;83.75;467.5;509.95;546.88;612.84;600.75;670.25;733;842.5
2026;41217;INGENIERÍA EN NEGOCIOS INTERNACIONALES;UNIVERSIDAD ANDRES BELLO;ADMINISTRACIÓN Y COMERCIO;250;250;1;641;82.04;444.5;517.25;569.12;626.19;618.5;679.5;737.65;878.5
2026;41218;INGENIERÍA EN AUTOMATIZACIÓN Y ROBÓTICA;UNIVERSIDAD ANDRES BELLO;TECNOLOGÍA;70;24;0;467.5;102.08;467.5;502.1;545.75;623.12;616.25;690;752.5;858.5
2026;41219;LICENCIATURA EN ASTRONOMÍA;UNIVERSIDAD ANDRES BELLO;CIENCIAS BÁSICAS;70;19;0;483;107.68;483;561.1;594.75;677.71;691.5;731.75;796.1;909.5
2026;41221;INTERNATIONAL BUSINESS;UNIVERSIDAD ANDRES BELLO;ADMINISTRACIÓN Y COMERCIO;60;60;1;634.5;71.22;551;628;655.12;708.37;697.5;763.62;794.05;861.5
2026;41222;COMPUTER SCIENCE ENGINEERING;UNIVERSIDAD ANDRES BELLO;TECNOLOGÍA;60;32;0;539;97.53;539;558.8;607.12;692.17;706;771;810.1;898
2026;41223;INGENIERÍA EN NEGOCIOS INTERNACIONALES;UNIVERSIDAD ANDRES BELLO;ADMINISTRACIÓN Y COMERCIO;90;90;1;467;84.18;467;515.1;550.75;611.98;602.75;656.5;714.35;851
2026;41224;INGENIERÍA EN NEGOCIOS INTERNACIONALES;UNIVERSIDAD ANDRES BELLO;ADMINISTRACIÓN Y COMERCIO;90;74;0;478.5;81.56;476;518.35;546.75;611.25;604;669.5;730.6;809
2026;42001;INGENIERÍA COMERCIAL;UNIVERSIDAD ADOLFO IBAÑEZ;ADMINISTRACIÓN Y COMERCIO;430;465;1;775.5;47.14;686;772.3;800.5;834.75;836.5;870;895.9;946.5
2026;42002;INGENIERÍA CIVIL (PLAN COMÚN) – 7 CARRERAS O ESPECIALIDADES;UNIVERSIDAD ADOLFO IBAÑEZ;TECNOLOGÍA;400;422;1;748.5;47.55;705.5;789.55;823.5;855.6;857.5;891;915.7;981.5
2026;42003;DERECHO;UNIVERSIDAD ADOLFO IBAÑEZ;DERECHO;125;154;1;726;62.24;600;681.45;719.5;762.41;761.5;805.5;840.55;908
2026;42004;PSICOLOGÍA;UNIVERSIDAD ADOLFO IBAÑEZ;CIENCIAS SOCIALES;80;103;1;810;63.48;642.5;699.7;731.5;776.11;769;820.75;864.6;908
2026;42005;COMUNICACIÓN ESTRATÉGICA - PERIODISMO, DOBLE TÍTULO;UNIVERSIDAD ADOLFO IBAÑEZ;CIENCIAS SOCIALES;35;38;1;638.5;60.23;609;643.7;694.75;729.75;727;767.62;794.5;870
2026;42007;DOBLE TÍTULO INGENIERÍA COMERCIAL + SOCIOLOGÍA;UNIVERSIDAD ADOLFO IBAÑEZ;ADMINISTRACIÓN Y COMERCIO;30;35;1;817;47.56;708.5;756.7;778.75;810.34;801;841.5;871.9;908
2026;42011;BACHILLERATO DE INGENIERÍA COMERCIAL;UNIVERSIDAD ADOLFO IBAÑEZ;ADMINISTRACIÓN Y COMERCIO;90;130;1;688.5;46.64;639;721.5;757.25;785.68;787.75;818.75;844;920.5
2026;42012;BACHILLERATO DE INGENIERÍA CIVIL;UNIVERSIDAD ADOLFO IBAÑEZ;TECNOLOGÍA;55;75;1;812.5;47.2;694.5;757.8;785.25;813.61;812.5;844;874.2;932
2026;42021;INGENIERÍA COMERCIAL;UNIVERSIDAD ADOLFO IBAÑEZ;ADMINISTRACIÓN Y COMERCIO;175;180;1;660.5;62.4;612.5;714.3;739.88;788.35;785.75;838;873.15;911.5
2026;42022;INGENIERÍA CIVIL (PLAN COMÚN) – 4 CARRERAS O ESPECIALIDADES;UNIVERSIDAD ADOLFO IBAÑEZ;TECNOLOGÍA;95;106;1;674.5;73.89;621;691.75;714;775.72;763.75;838.88;871;981.5
2026;42023;DERECHO;UNIVERSIDAD ADOLFO IBAÑEZ;DERECHO;75;84;1;645.5;69.57;568;656;687;735.75;733;776.75;820.75;969
2026;42024;PSICOLOGÍA;UNIVERSIDAD ADOLFO IBAÑEZ;CIENCIAS SOCIALES;55;64;1;654;77.79;540.5;642.6;679;731.73;729.5;769.75;840.4;932
2026;42025;COMUNICACIÓN ESTRATÉGICA - PERIODISMO, DOBLE TÍTULO;UNIVERSIDAD ADOLFO IBAÑEZ;CIENCIAS SOCIALES;35;38;1;567.5;99.09;484.5;577.9;645.5;695.66;681.75;729.38;811.25;978.5
2026;42101;INGENIERÍA EN NEGOCIOS Y TECNOLOGÍA;UNIVERSIDAD ADOLFO IBAÑEZ;ADMINISTRACIÓN Y COMERCIO;30;32;1;818;53.28;688;760.55;786.62;820.08;817.5;849.12;891;930
2026;42103;DOBLE GRADO DERECHO + INGENIERÍA COMERCIAL;UNIVERSIDAD ADOLFO IBAÑEZ;DERECHO;30;30;1;872.5;43.35;742.5;802.75;842.75;864.38;868;893;921.55;930
2026;42106;DOBLE TÍTULO ARQUITECTURA + INGENIERÍA CIVIL INDUSTRIAL;UNIVERSIDAD ADOLFO IBAÑEZ;ARTE Y ARQUITECTURA;35;35;1;854;58.06;728.5;787;817.5;846.83;842.5;865;926.2;994.5
2026;42121;INGENIERÍA EN NEGOCIOS Y TECNOLOGÍA;UNIVERSIDAD ADOLFO IBAÑEZ;ADMINISTRACIÓN Y COMERCIO;30;36;1;671.5;69.34;642.5;678;704;766.56;764;819.12;844.5;913
2026;42122;INGENIERÍA CIVIL INDUSTRIAL;UNIVERSIDAD ADOLFO IBAÑEZ;TECNOLOGÍA;75;87;1;740;63.67;662;725;761.75;809.61;818;859.5;886.6;956.5
2026;42123;DOBLE GRADO DERECHO + INGENIERÍA COMERCIAL;UNIVERSIDAD ADOLFO IBAÑEZ;DERECHO;25;25;1;835.5;44.23;739;798.2;818;847.26;851;869.5;896.3;945.5
2026;42201;INTERNATIONAL MANAGEMENT;UNIVERSIDAD ADOLFO IBAÑEZ;ADMINISTRACIÓN Y COMERCIO;25;25;1;844.5;28.42;828.5;847.1;865.5;882.4;878;908;912.4;948
2026;42202;INGENIERÍA EN COMPUTER SCIENCE;UNIVERSIDAD ADOLFO IBAÑEZ;TECNOLOGÍA;35;35;1;886;56.62;691.5;754.3;774.5;815.1;827.5;849.25;887.8;956
2026;42221;INTERNATIONAL MANAGEMENT;UNIVERSIDAD ADOLFO IBAÑEZ;ADMINISTRACIÓN Y COMERCIO;25;25;1;791.5;57.06;715.5;759.2;782.5;823.08;808.5;865;902.3;935.5
2026;43001;BACHILLERATO DE MEDICINA;UNIVERSIDAD DE LOS ANDES;SALUD;100;123;1;885.5;25.41;865;885.5;899;919.15;920;939;948;982
2026;43002;BACHILLERATO DE ODONTOLOGÍA;UNIVERSIDAD DE LOS ANDES;SALUD;36;38;1;721;61.97;625;646.1;686.75;732.08;736;770.62;794.8;899
2026;43003;BACHILLERATO DE INGENIERÍA;UNIVERSIDAD DE LOS ANDES;TECNOLOGÍA;25;30;1;799.5;38.47;703.5;756;777.5;798.3;794;820.62;850;872.5
2026;43005;BACHILLERATO DE INGENIERÍA COMERCIAL;UNIVERSIDAD DE LOS ANDES;ADMINISTRACIÓN Y COMERCIO;60;70;1;715;39.79;698.5;753.05;772.5;796.06;793.25;824;844.85;873
2026;43007;BACHILLERATO DE DERECHO;UNIVERSIDAD DE LOS ANDES;DERECHO;65;70;1;652;46.18;652;694.1;717.62;751.13;743.25;789.5;809.9;850
2026;43010;INGENIERÍA COMERCIAL;UNIVERSIDAD DE LOS ANDES;ADMINISTRACIÓN Y COMERCIO;160;178;1;799;42.51;724.5;784.9;805.62;838.22;836.75;865.5;895;948
2026;43012;DERECHO;UNIVERSIDAD DE LOS ANDES;DERECHO;152;168;1;823.5;46.62;736;774.05;797;831.38;829;861.5;893.35;963.5
2026;43013;INGENIERÍA CIVIL (PLAN COMÚN);UNIVERSIDAD DE LOS ANDES;TECNOLOGÍA;240;240;1;828;39.27;765;809.85;829;858.41;859;885.12;909.05;956.5
2026;43014;MEDICINA;UNIVERSIDAD DE LOS ANDES;SALUD;72;79;1;948;18.79;891;929.8;944;953.47;948;967.75;981.5;994.5
2026;43015;KINESIOLOGÍA;UNIVERSIDAD DE LOS ANDES;SALUD;60;60;1;713.5;52.47;621.5;693.35;712.88;756.79;760.5;797.12;818.2;860.5
2026;43016;TERAPIA OCUPACIONAL;UNIVERSIDAD DE LOS ANDES;SALUD;35;40;1;706;69.57;596;700.95;739;773.3;774.75;817.12;845.65;945.5
2026;43017;NUTRICIÓN Y DIETÉTICA;UNIVERSIDAD DE LOS ANDES;SALUD;44;38;0;511;81.24;511;580.15;629.88;682.71;686.25;714.75;797.35;836.5
2026;43018;ODONTOLOGÍA;UNIVERSIDAD DE LOS ANDES;SALUD;65;78;1;832.5;45.16;715.5;783.95;812.62;837.86;836;872;894.65;925
2026;43019;ADMINISTRACIÓN DE SERVICIOS;UNIVERSIDAD DE LOS ANDES;ADMINISTRACIÓN Y COMERCIO;25;30;1;690;50.43;628.5;671.15;690.62;720.43;714;731.88;774.85;894.5
2026;43020;PEDAGOGÍA BÁSICA CON MECIONES;UNIVERSIDAD DE LOS ANDES;EDUCACIÓN;25;17;0;667;60.95;571.5;587;608;652.88;641;699;702.9;814
2026;43023;EDUCACIÓN DE PÁRVULOS CON MENCIONES;UNIVERSIDAD DE LOS ANDES;EDUCACIÓN;30;35;1;634;88.43;546;566.1;595.75;665.34;648.5;702.5;788.6;893.5
2026;43024;ENFERMERÍA;UNIVERSIDAD DE LOS ANDES;SALUD;95;105;1;710;53.81;648;711.2;749;778.91;771.5;815;840.4;930
2026;43025;PSICOLOGÍA;UNIVERSIDAD DE LOS ANDES;CIENCIAS SOCIALES;80;90;1;696;51.78;694.5;765.4;800.75;829.39;826.5;858.5;899.3;958
2026;43026;FILOSOFÍA;UNIVERSIDAD DE LOS ANDES;HUMANIDADES;10;4;0;808.5;33.38;781.5;785.1;790.5;810.25;801;820.75;842.8;857.5
2026;43027;HISTORIA;UNIVERSIDAD DE LOS ANDES;CIENCIAS SOCIALES;10;11;1;605;112.17;605;655.5;694.75;770.73;760;848;935.5;943
2026;43028;LITERATURA;UNIVERSIDAD DE LOS ANDES;HUMANIDADES;10;9;0;617.5;122.93;603.5;614.7;659;777.56;788.5;890;901.2;904
2026;43030;BACHILLERATO DE ENFERMERÍA;UNIVERSIDAD DE LOS ANDES;SALUD;40;37;0;551;80.49;478;524.9;571.5;636.53;643;692;741.8;765.5
2026;43032;OBSTETRICIA Y PUERICULTURA;UNIVERSIDAD DE LOS ANDES;SALUD;36;36;1;693;82.44;592;613.5;683.62;725.18;710.25;789.62;849.75;893
2026;43034;BACHILLERATO DE PSICOLOGÍA;UNIVERSIDAD DE LOS ANDES;CIENCIAS SOCIALES;35;35;1;694;51.07;660;693.4;709.25;750.26;739.5;791.75;823.9;835
2026;43035;BACHILLERATO DE OBSTETRICIA Y PUERICULTURA;UNIVERSIDAD DE LOS ANDES;SALUD;15;20;1;579;47.86;542.5;576;594.88;623.85;614.25;660.88;673.45;733.5
2026;43036;PERIODISMO Y COMUNICACIÓN ESTRATÉGICA;UNIVERSIDAD DE LOS ANDES;CIENCIAS SOCIALES;56;56;1;592;78.11;518.5;601.5;634.38;694.44;686.5;757.75;802.75;851
2026;43037;MARKETING Y PUBLICIDAD;UNIVERSIDAD DE LOS ANDES;ADMINISTRACIÓN Y COMERCIO;40;40;1;606;64.63;606;662.1;687.25;733.42;726;774.5;818.15;870.5
2026;43039;PEDAGOGÍA BÁSICA BILINGÜE INGLÉS/ESPAÑOL;UNIVERSIDAD DE LOS ANDES;EDUCACIÓN;50;47;0;647;97.14;544.5;630.2;642;725.39;694.5;798;859.2;943
2026;43040;INTERNATIONAL BUSINESS;UNIVERSIDAD DE LOS ANDES;ADMINISTRACIÓN Y COMERCIO;80;85;1;802.5;46.86;749.5;794.1;816.5;852.49;851;886;915.7;966
2026;43041;DERECHO Y FILOSOFÍA;UNIVERSIDAD DE LOS ANDES;DERECHO;10;7;0;847;47.74;793;816.1;839.25;868;867.5;905.25;917.5;926.5
2026;43042;DERECHO E HISTORIA;UNIVERSIDAD DE LOS ANDES;DERECHO;10;10;1;766.5;53.92;766.5;807.45;820.12;852.25;851.75;874.75;889.8;969
2026;44001;ARQUITECTURA;UNIVERSIDAD DEL DESARROLLO;ARTE Y ARQUITECTURA;170;150;0;513.5;89.33;503;559.6;625.25;679.96;673.25;741.12;794.1;930
2026;44003;CINE Y COMUNICACIÓN AUDIOVISUAL;UNIVERSIDAD DEL DESARROLLO;ARTE Y ARQUITECTURA;90;77;0;546;107.35;511;540;584;666.84;638.5;740.5;825.5;956.5
2026;44004;PERIODISMO Y COMUNICACIÓN;UNIVERSIDAD DEL DESARROLLO;CIENCIAS SOCIALES;90;90;1;535.5;87.74;505.5;546.3;584.12;652.56;645;716.88;768.65;909.5
2026;44005;PUBLICIDAD Y MARKETING;UNIVERSIDAD DEL DESARROLLO;CIENCIAS SOCIALES;130;131;1;613.5;94.28;504;579;621.75;686.9;665;744.75;829;946.5
2026;44006;DERECHO;UNIVERSIDAD DEL DESARROLLO;DERECHO;100;120;1;657;59.48;592;665.95;706.5;744.55;746.75;783.38;811.6;913
2026;44007;DISEÑO;UNIVERSIDAD DEL DESARROLLO;ARTE Y ARQUITECTURA;240;240;1;573;89.21;504;575;621.5;688.11;680;753;815;926.5
2026;44008;INGENIERÍA COMERCIAL;UNIVERSIDAD DEL DESARROLLO;ADMINISTRACIÓN Y COMERCIO;135;145;1;733;59.2;685.5;720.9;741.5;791.83;787;831.5;872.2;926.5
2026;44009;BACHILLERATO EN INGENIERÍA COMERCIAL;UNIVERSIDAD DEL DESARROLLO;ADMINISTRACIÓN Y COMERCIO;230;230;1;708;52.73;539;640;671;706.3;704;740.5;773.6;831.5
2026;44010;BACHILLERATO EN PSICOLOGÍA;UNIVERSIDAD DEL DESARROLLO;CIENCIAS SOCIALES;150;133;0;513.5;80.7;503;546.7;599;651.13;643.5;708;758.7;830.5
2026;44011;PEDAGOGÍA EN EDUCACIÓN BÁSICA CON MENCIONES;UNIVERSIDAD DEL DESARROLLO;EDUCACIÓN;50;35;0;561;74.81;557.5;562.3;589.25;661.49;681.5;715.75;763;797
2026;44012;PEDAGOGÍA EN EDUCACIÓN DE PÁRVULOS;UNIVERSIDAD DEL DESARROLLO;EDUCACIÓN;55;31;0;579;64.26;546;568.5;581;627;610;656.75;702.5;794.5
2026;44013;CIENCIA POLÍTICA Y POLÍTICAS PÚBLICAS;UNIVERSIDAD DEL DESARROLLO;CIENCIAS SOCIALES;70;70;1;595.5;81.01;506;561.6;611.5;668.64;655.75;739.75;774.85;898
2026;44014;INGENIERÍA CIVIL EN OBRAS CIVILES;UNIVERSIDAD DEL DESARROLLO;TECNOLOGÍA;50;43;0;550;102.83;501.5;541.6;584.75;671.21;686;747.25;789.1;927.5
2026;44015;INGENIERÍA CIVIL INDUSTRIAL;UNIVERSIDAD DEL DESARROLLO;TECNOLOGÍA;80;80;1;746;52.78;689;751.3;791.75;827.24;825.75;868.5;894.55;948
2026;44016;ENFERMERÍA;UNIVERSIDAD DEL DESARROLLO;SALUD;100;140;1;596;88.19;513;620.75;666.5;726.44;715;788.88;854;909
2026;44018;KINESIOLOGÍA;UNIVERSIDAD DEL DESARROLLO;SALUD;120;120;1;553;89.28;505;572.55;610.38;674.07;659.75;733.25;778.35;930
2026;44019;MEDICINA;UNIVERSIDAD DEL DESARROLLO;SALUD;90;101;1;904;20.74;885;905.5;920.5;934.44;937;948;958;994
2026;44020;NUTRICIÓN Y DIETÉTICA;UNIVERSIDAD DEL DESARROLLO;SALUD;100;63;0;519.5;112.59;501;534.5;571.25;657.6;640.5;720.5;837.6;939
2026;44021;ODONTOLOGÍA;UNIVERSIDAD DEL DESARROLLO;SALUD;120;120;1;747.5;59;653;703.5;737.62;776.6;768.25;809.25;857;935.5
2026;44022;TECNOLOGÍA MÉDICA;UNIVERSIDAD DEL DESARROLLO;SALUD;175;141;0;518.5;98.82;459;549;588;661.94;640.5;720;800.5;912
2026;44023;PSICOLOGÍA;UNIVERSIDAD DEL DESARROLLO;CIENCIAS SOCIALES;80;80;1;682.5;72.46;586.5;673.1;704.62;758.95;746.5;826.88;858.65;879
2026;44024;ARQUITECTURA;UNIVERSIDAD DEL DESARROLLO;ARTE Y ARQUITECTURA;90;62;0;550.5;105.74;478.5;539.8;556.75;648.6;621;728.62;807.25;888.5
2026;44025;PERIODISMO Y COMUNICACIÓN;UNIVERSIDAD DEL DESARROLLO;CIENCIAS SOCIALES;70;42;0;498;95.36;479;537.1;562.25;632.18;596;703.88;779.5;842
2026;44026;DERECHO;UNIVERSIDAD DEL DESARROLLO;DERECHO;180;170;0;573;88.02;504;571.4;625.12;677.91;664.5;723.62;808;925
2026;44027;DISEÑO;UNIVERSIDAD DEL DESARROLLO;ARTE Y ARQUITECTURA;70;55;0;508;106.28;503;529.9;570.25;657.3;647;714.5;814.8;898
2026;44028;INGENIERÍA COMERCIAL;UNIVERSIDAD DEL DESARROLLO;ADMINISTRACIÓN Y COMERCIO;150;150;1;586.5;92.1;533.5;596.95;626.88;705.31;693.75;772;832.9;928.5
2026;44031;INGENIERÍA CIVIL INDUSTRIAL;UNIVERSIDAD DEL DESARROLLO;TECNOLOGÍA;150;150;1;541.5;101.87;500;598.8;680;742.68;747;818.5;872.55;969
2026;44032;ENFERMERÍA;UNIVERSIDAD DEL DESARROLLO;SALUD;120;94;0;513.5;84.94;476;509.55;536.88;598.17;587.75;637.62;712.6;911.5
2026;44034;KINESIOLOGÍA;UNIVERSIDAD DEL DESARROLLO;SALUD;90;54;0;481;101.39;479;507.35;557.62;634.31;622.5;706.25;785.65;857.5
2026;44036;ODONTOLOGÍA;UNIVERSIDAD DEL DESARROLLO;SALUD;105;115;1;513.5;88.34;505.5;538.1;582.75;654.44;655.5;707.25;771.5;884.5
2026;44037;PSICOLOGÍA;UNIVERSIDAD DEL DESARROLLO;CIENCIAS SOCIALES;170;128;0;547.5;97.94;506;538;585.88;664.12;659.5;737.25;766.75;941.5
2026;44039;INGENIERÍA CIVIL EN MINERÍA;UNIVERSIDAD DEL DESARROLLO;TECNOLOGÍA;100;100;1;570.5;85.36;554;617.35;662.12;729.93;725.75;796;840.25;920.5
2026;44041;GEOLOGÍA;UNIVERSIDAD DEL DESARROLLO;CIENCIAS BÁSICAS;90;66;0;519.5;115.74;519.5;571.5;626.88;719.57;713.75;795;891.5;939
2026;44042;BACHILLERATO EN DERECHO, CIENCIAS SOCIALES Y HUMANIDADES;UNIVERSIDAD DEL DESARROLLO;DERECHO;100;100;1;640.5;66.53;506.5;546.9;596.25;640.97;641.75;690.38;727.05;805
2026;44043;INGENIERÍA CIVIL PLAN COMÚN;UNIVERSIDAD DEL DESARROLLO;TECNOLOGÍA;180;180;1;630;61.57;610.5;680;713.5;757.58;759;791;834.75;958
2026;44044;OBSTETRICIA;UNIVERSIDAD DEL DESARROLLO;SALUD;90;100;1;640.5;94.36;507;539.65;575;649.5;641;706.38;780.55;926.5
2026;44045;TERAPIA OCUPACIONAL;UNIVERSIDAD DEL DESARROLLO;SALUD;70;49;0;489;95.17;489;534.4;567;646.22;639.5;715;742.2;897
2026;44046;INGENIERÍA CIVIL EN INFORMÁTICA E INNOVACIÓN TECNOLÓGICA;UNIVERSIDAD DEL DESARROLLO;TECNOLOGÍA;25;25;1;721.5;63.34;709;773.2;810;845.3;843.5;885.5;922.6;951.5
2026;44047;INGENIERÍA CIVIL EN INFORMÁTICA E INNOVACIÓN TECNOLÓGICA;UNIVERSIDAD DEL DESARROLLO;TECNOLOGÍA;65;65;1;557.5;104.2;521.5;600.8;642;726.22;719;806.5;860.9;948
2026;44048;GLOBAL BUSINESS ADMINISTRATION;UNIVERSIDAD DEL DESARROLLO;ADMINISTRACIÓN Y COMERCIO;25;30;1;787.5;60.13;727;750.5;812.12;840.17;827;891.38;923.8;939
2026;44049;NEGOCIOS Y CIENCIA DE DATOS;UNIVERSIDAD DEL DESARROLLO;ADMINISTRACIÓN Y COMERCIO;20;25;1;719.5;80.09;675;704.7;721.5;788.2;759;850;888.7;969
2026;44050;BACHILLERATO EN DISEÑO;UNIVERSIDAD DEL DESARROLLO;ARTE Y ARQUITECTURA;45;17;0;543.5;54.7;500;511.1;528.5;569.56;560.5;604;641.9;691
2026;44051;INGENIERÍA CIVIL EN BIOMEDICINA;UNIVERSIDAD DEL DESARROLLO;TECNOLOGÍA;25;25;1;871;26.38;829;856.6;871;888.32;894;907.5;911.5;935
2026;44052;INGENIERÍA CIVIL EN INFORMÁTICA E INTELIGENCIA ARTIFICIAL;UNIVERSIDAD DEL DESARROLLO;TECNOLOGÍA;25;25;1;811;44.73;733.5;781.1;799.5;824.84;816.5;855;891.6;911.5
2026;44053;QUÍMICA Y FARMACIA;UNIVERSIDAD DEL DESARROLLO;SALUD;50;55;1;765;41.42;701.5;776.5;800.5;822.85;820;851.25;878.3;909
2026;44054;BACHILLERATO EN ENFERMERÍA;UNIVERSIDAD DEL DESARROLLO;SALUD;45;38;0;596;62.09;501.5;517.35;543.75;595.26;598;618.25;668.9;795
2026;45001;INGENIERÍA COMERCIAL;UNIVERSIDAD ALBERTO HURTADO;ADMINISTRACIÓN Y COMERCIO;145;195;1;591;79.26;424.5;540;588.5;639.15;630;690;749.9;871.5
2026;45002;SOCIOLOGÍA;UNIVERSIDAD ALBERTO HURTADO;CIENCIAS SOCIALES;40;37;0;519.5;79.92;467.5;527.7;581.5;631.19;632;691;733.6;781
2026;45004;TRABAJO SOCIAL;UNIVERSIDAD ALBERTO HURTADO;CIENCIAS SOCIALES;85;105;1;522.5;65.96;466;496.9;537.5;577.1;572.5;601.5;651.5;860
2026;45005;PSICOLOGÍA;UNIVERSIDAD ALBERTO HURTADO;CIENCIAS SOCIALES;190;220;1;723.5;51.09;615;663.95;689.62;725.96;724;753.75;794.05;955.5
2026;45006;PERIODISMO;UNIVERSIDAD ALBERTO HURTADO;CIENCIAS SOCIALES;60;83;1;467.5;61.78;465.5;494.3;520.5;570.88;578;613;644.8;760
2026;45008;PEDAGOGÍA EN EDUCACIÓN BÁSICA;UNIVERSIDAD ALBERTO HURTADO;EDUCACIÓN;30;27;0;553;54.74;466;543.2;554.75;586.57;571;624.75;638.3;750
2026;45009;DERECHO;UNIVERSIDAD ALBERTO HURTADO;DERECHO;210;260;1;584.5;61.86;547.5;604.85;643.25;687.28;686.5;727.38;767.55;852.5
2026;45010;LICENCIATURA EN FILOSOFÍA;UNIVERSIDAD ALBERTO HURTADO;HUMANIDADES;10;7;0;519.5;60.95;519.5;527;554.75;599.07;593;646.25;664;679
2026;45011;LICENCIATURA EN LENGUA Y LITERATURA;UNIVERSIDAD ALBERTO HURTADO;HUMANIDADES;20;25;1;480.5;55.36;480.5;499.5;525.5;565.38;553.5;600.5;629.1;715
2026;45014;BACHILLERATO EN HUMANIDADES;UNIVERSIDAD ALBERTO HURTADO;HUMANIDADES;60;41;0;533;64.66;462;518.5;532;572.73;557;603.5;653;748.5
2026;45016;EDUCACIÓN PARVULARIA;UNIVERSIDAD ALBERTO HURTADO;EDUCACIÓN;35;33;0;556;48.7;486;550.4;562;594.33;580;626;663.5;710
2026;45017;LICENCIATURA EN HISTORIA;UNIVERSIDAD ALBERTO HURTADO;CIENCIAS SOCIALES;20;28;1;571.5;57.08;458;481.65;513.5;553.79;546.25;586.88;628.5;684.5
2026;45018;PEDAGOGÍA EN FILOSOFÍA;UNIVERSIDAD ALBERTO HURTADO;EDUCACIÓN;10;9;0;603;72.07;579.5;598.3;628.5;683.83;682;735;758.6;803
2026;45019;PEDAGOGÍA EN LENGUA CASTELLANA Y COMUNICACIÓN;UNIVERSIDAD ALBERTO HURTADO;EDUCACIÓN;45;53;1;588;67.46;553;561.5;581.5;628.82;616.5;664;718.5;903
2026;45020;PEDAGOGÍA EN HISTORIA Y CIENCIAS SOCIALES;UNIVERSIDAD ALBERTO HURTADO;EDUCACIÓN;65;41;0;580;72.92;485;564.5;585.5;632.35;613;686;710;898
2026;45021;PEDAGOGÍA EN INGLÉS;UNIVERSIDAD ALBERTO HURTADO;EDUCACIÓN;90;62;0;562;67.34;493.5;562.25;588;635.16;625.25;679.75;728.4;842.5
2026;45024;CIENCIA POLÍTICA Y RELACIONES INTERNACIONALES;UNIVERSIDAD ALBERTO HURTADO;CIENCIAS SOCIALES;100;126;1;564.5;72.52;497;550.5;588;639.33;634.5;689.38;734.75;832.5
2026;45025;PEDAGOGÍA EN MÚSICA;UNIVERSIDAD ALBERTO HURTADO;EDUCACIÓN;70;90;1;596;70.15;476;567.65;590.25;645.21;640.75;697.25;746.6;808
2026;45028;GESTIÓN DE INFORMACIÓN, BIBLIOTECOLOGÍA Y ARCHIVÍSTICA;UNIVERSIDAD ALBERTO HURTADO;HUMANIDADES;20;21;1;586.5;72.67;513;528;568;625.57;622.5;676.5;703.5;770.5
2026;45029;PEDAGOGÍA EN MATEMÁTICA;UNIVERSIDAD ALBERTO HURTADO;EDUCACIÓN;25;22;0;600;91.34;577;600.8;653.88;714.27;708.75;771.25;820.55;935.5
2026;45031;ANTROPOLOGÍA;UNIVERSIDAD ALBERTO HURTADO;CIENCIAS SOCIALES;55;40;0;518;90.05;459;505.15;552.38;625.02;631.25;687.5;725.05;803
2026;45033;GEOGRAFÍA;UNIVERSIDAD ALBERTO HURTADO;CIENCIAS SOCIALES;20;15;0;503;63.9;480;505.4;539.5;584.37;578;624;666.4;698.5
2026;45034;LICENCIATURA EN TEORÍA E HISTORIA DEL ARTE;UNIVERSIDAD ALBERTO HURTADO;ARTE Y ARQUITECTURA;20;14;0;505.5;90.98;483;495.05;506.88;565.61;544.75;590.75;649.05;826.5
2026;45035;PEDAGOGÍA EN ARTES VISUALES;UNIVERSIDAD ALBERTO HURTADO;EDUCACIÓN;40;33;0;581;76.53;485;561.8;580;629.77;620.5;654;716;815.5
2026;45036;ARQUEOLOGÍA;UNIVERSIDAD ALBERTO HURTADO;CIENCIAS SOCIALES;90;115;1;563;91.59;461.5;530.9;575.25;646.9;644.5;716;761.8;926.5
2026;45037;ADMINISTRACIÓN PÚBLICA;UNIVERSIDAD ALBERTO HURTADO;CIENCIAS SOCIALES;75;100;1;588.5;70.28;467;514.7;563.75;609.1;610.25;654;686.75;824
2026;45038;PEDAGOGIA EN EDUCACION DIFERENCIAL CON MENCION EN DIFICULTADES DEL APRENDIZAJE ESCOLAR;UNIVERSIDAD ALBERTO HURTADO;EDUCACIÓN;45;36;0;614.5;51.04;432;519.75;554.25;577.62;578.75;605.88;632.5;675.5
2026;45039;PEDAGOGÍA EN BIOLOGÍA Y CIENCIAS NATURALES EN EDUCACIÓN MEDIA;UNIVERSIDAD ALBERTO HURTADO;EDUCACIÓN;10;10;1;625;49.43;549;553.5;583.5;619.6;625;665.25;675.6;681
2026;45041;CONTADOR PÚBLICO AUDITOR;UNIVERSIDAD ALBERTO HURTADO;ADMINISTRACIÓN Y COMERCIO;45;75;1;596;69.81;425;520;554.5;604.12;596;657.75;693.8;763
2026;45046;INGENIERÍA CIVIL PLAN COMÚN;UNIVERSIDAD ALBERTO HURTADO;TECNOLOGÍA;110;101;0;507;81.74;461;503;542;599.8;589;646.5;722;831.5
2026;46101;PEDAGOGÍA EN EDUCACIÓN BÁSICA;UNIVERSIDAD CATOLICA SILVA HENRIQUEZ;EDUCACIÓN;45;38;0;547;69.13;409;546.85;569.5;603.92;600.5;632;676.3;815
2026;46103;EDUCACIÓN PARVULARIA;UNIVERSIDAD CATOLICA SILVA HENRIQUEZ;EDUCACIÓN;45;25;0;585;56.84;471.5;517.4;553;583.86;585;610.5;657;690.5
2026;46104;PEDAGOGÍA EN EDUCACIÓN DIFERENCIAL;UNIVERSIDAD CATOLICA SILVA HENRIQUEZ;EDUCACIÓN;50;28;0;546;53.19;476.5;548.45;560.75;596.55;587.25;641.25;664.45;708.5
2026;46105;PEDAGOGÍA EN CASTELLANO;UNIVERSIDAD CATOLICA SILVA HENRIQUEZ;EDUCACIÓN;35;5;0;578;61.54;571;571.8;573;613.6;578;632;681.2;714
2026;46106;PEDAGOGÍA EN HISTORIA Y GEOGRAFÍA;UNIVERSIDAD CATOLICA SILVA HENRIQUEZ;EDUCACIÓN;35;14;0;579;48.01;542;573.4;582;613.54;599.5;630.38;689.7;699
2026;46107;PEDAGOGÍA EN EDUCACIÓN FÍSICA;UNIVERSIDAD CATOLICA SILVA HENRIQUEZ;EDUCACIÓN;50;44;0;585.5;47.05;507.5;547.25;571.5;604.07;601;632.62;653.55;737.5
2026;46110;PEDAGOGÍA EN EDUCACIÓN ARTÍSTICA MENCIÓN ARTES MUSICALES O ARTES VISUALES;UNIVERSIDAD CATOLICA SILVA HENRIQUEZ;EDUCACIÓN;25;8;0;671.5;82.14;563.5;577.85;585.88;635.69;593.5;675;722.1;807.5
2026;46120;ENTRENADOR DEPORTIVO;UNIVERSIDAD CATOLICA SILVA HENRIQUEZ;EDUCACIÓN;90;30;0;488.5;68.22;458;487.15;492.5;538.48;515.75;565.12;641.85;720.5
2026;46301;TRABAJO SOCIAL;UNIVERSIDAD CATOLICA SILVA HENRIQUEZ;CIENCIAS SOCIALES;50;54;1;539;63.06;463.5;476.4;500.12;548.02;537.25;578.5;634.8;700
2026;46302;SOCIOLOGÍA;UNIVERSIDAD CATOLICA SILVA HENRIQUEZ;CIENCIAS SOCIALES;20;2;0;531.5;152.74;531.5;553.1;585.5;639.5;639.5;693.5;725.9;747.5
2026;46303;INGENIERÍA COMERCIAL;UNIVERSIDAD CATOLICA SILVA HENRIQUEZ;ADMINISTRACIÓN Y COMERCIO;100;105;1;483;68.09;464.5;482.4;509.5;560.45;545.5;605;663.8;717.5
2026;46304;CONTADOR PÚBLICO Y AUDITOR;UNIVERSIDAD CATOLICA SILVA HENRIQUEZ;ADMINISTRACIÓN Y COMERCIO;50;49;0;529.5;76.25;468.5;489.5;529.5;585.81;582.5;617.5;695.3;818
2026;46305;PSICOLOGÍA;UNIVERSIDAD CATOLICA SILVA HENRIQUEZ;CIENCIAS SOCIALES;280;303;1;463;67.34;458;489.5;514.5;566.57;558;610;660.9;828
2026;46306;DERECHO;UNIVERSIDAD CATOLICA SILVA HENRIQUEZ;DERECHO;100;82;0;489.5;75.15;458;486.15;527.88;582.55;579.5;634.5;695;781.5
2026;46313;ADMINISTRACIÓN PÚBLICA;UNIVERSIDAD CATOLICA SILVA HENRIQUEZ;CIENCIAS SOCIALES;45;17;0;485;81.92;461;478.3;507.5;575.47;573;629.5;692.9;716.5
2026;46401;KINESIOLOGÍA;UNIVERSIDAD CATOLICA SILVA HENRIQUEZ;SALUD;160;180;1;481.5;60.61;459;475.45;502.25;551.21;547.5;587.25;633.15;761.5
2026;46402;FONOAUDIOLOGÍA;UNIVERSIDAD CATOLICA SILVA HENRIQUEZ;SALUD;45;27;0;539;55.93;462;472.6;500.25;540.83;532;586.25;600;667
2026;46403;ENFERMERÍA;UNIVERSIDAD CATOLICA SILVA HENRIQUEZ;SALUD;140;160;1;516.5;66.04;457;481.25;522.25;565.46;561.25;592.62;659.65;760
2026;46405;NUTRICIÓN Y DIETÉTICA;UNIVERSIDAD CATOLICA SILVA HENRIQUEZ;SALUD;45;18;0;539;91.25;481;487.65;507.62;572.78;566;591.38;687.9;832.5
2026;46406;TERAPIA OCUPACIONAL;UNIVERSIDAD CATOLICA SILVA HENRIQUEZ;SALUD;60;35;0;543;47.08;461.5;482.3;491;527.57;517.5;558.25;598.2;619
2026;46500;BACHILLERATO EN CIENCIAS Y HUMANIDADES;UNIVERSIDAD CATOLICA SILVA HENRIQUEZ;CIENCIAS BÁSICAS;20;16;0;521.5;82.23;458;480.75;516.88;576.31;576.5;615.88;685.75;733
2026;46501;INGENIERÍA CIVIL EN COMPUTACIÓN E INFORMÁTICA;UNIVERSIDAD CATOLICA SILVA HENRIQUEZ;TECNOLOGÍA;100;110;1;502.5;85.31;470;523.7;561.62;622.68;604;684.88;741.85;823.5
2026;46502;INGENIERÍA CIVIL INDUSTRIAL;UNIVERSIDAD CATOLICA SILVA HENRIQUEZ;TECNOLOGÍA;100;83;0;567;84.18;474;492.7;538.5;597.03;588.5;640.75;713.3;841
2026;46504;INGENIERÍA EN CONTROL DE GESTIÓN;UNIVERSIDAD CATOLICA SILVA HENRIQUEZ;ADMINISTRACIÓN Y COMERCIO;30;33;1;475;86.52;470;481.5;533;588.3;571.5;634.5;705;847
2026;46505;PEDAGOGÍA EN MATEMÁTICAS;UNIVERSIDAD CATOLICA SILVA HENRIQUEZ;EDUCACIÓN;25;8;0;675;125.71;585.5;590.75;626.38;733.06;728.25;835.75;873.55;904
2026;47001;PEDAGOGÍA EN EDUCACIÓN PARVULARIA;UNIVERSIDAD DE O'HIGGINS;EDUCACIÓN;65;61;0;548;68.58;471;540.5;551;597.75;573.5;633;686;809
2026;47002;PEDAGOGÍA EN EDUCACIÓN BÁSICA;UNIVERSIDAD DE O'HIGGINS;EDUCACIÓN;65;69;1;561.5;77.92;464.5;542.2;561.5;614.38;603;661.5;714.5;900
2026;47003;PEDAGOGÍA EN INGLÉS PARA ENSEÑANZA BÁSICA Y MEDIA;UNIVERSIDAD DE O'HIGGINS;EDUCACIÓN;95;116;1;564;75.42;459;550.25;579.75;637.76;630.5;691.75;735.75;844.5
2026;47004;PEDAGOGÍA EN LENGUAJE Y COMUNICACIÓN;UNIVERSIDAD DE O'HIGGINS;EDUCACIÓN;60;57;0;563.5;78.46;478;554.4;580;637.15;624.5;680.5;740.9;851.5
2026;47005;PEDAGOGÍA EN MATEMÁTICA;UNIVERSIDAD DE O'HIGGINS;EDUCACIÓN;30;22;0;662;62.28;563;587.9;632.62;670.61;668.75;707.75;761.85;783
2026;47006;PEDAGOGÍA EN EDUCACIÓN ESPECIAL CON MENCIONES;UNIVERSIDAD DE O'HIGGINS;EDUCACIÓN;90;55;0;582;62.02;493.5;548;557.75;602.88;589;622;696.5;795
2026;47007;PEDAGOGÍA EN CIENCIAS NATURALES CON MENCIONES;UNIVERSIDAD DE O'HIGGINS;EDUCACIÓN;30;29;0;714;108.41;474.5;528.1;579;663.29;673;720.5;798.2;939.5
2026;47101;INGENIERÍA AGRONÓMICA (SAN FERNANDO);UNIVERSIDAD DE O'HIGGINS;AGROPECUARIA;70;102;1;498.5;78.01;442.5;484.6;514;576.36;561.5;626;670.6;847
2026;47131;INGENIERÍA AMBIENTAL (SAN FERNANDO);UNIVERSIDAD DE O'HIGGINS;TECNOLOGÍA;30;31;1;459;65.06;459;517.5;540.75;585.87;585.5;618.5;650.5;758.5
2026;47151;MEDICINA VETERINARIA (SAN FERNANDO);UNIVERSIDAD DE O'HIGGINS;AGROPECUARIA;85;102;1;531;78.85;478.5;565.6;601.75;662.1;654;723;762.4;865
2026;47201;INGENIERÍA CIVIL - PLAN COMÚN;UNIVERSIDAD DE O'HIGGINS;TECNOLOGÍA;280;300;1;707;76.34;567;636.3;678.25;734.94;727;787.12;842;943
2026;47301;ENFERMERÍA;UNIVERSIDAD DE O'HIGGINS;SALUD;120;130;1;568;84.28;526.5;586.9;619.12;679.25;665;733;810.55;895.5
2026;47302;MEDICINA;UNIVERSIDAD DE O'HIGGINS;SALUD;80;83;1;910;31.22;837;855.8;872.5;896.27;898;921.5;934.8;981.5
2026;47303;TERAPIA OCUPACIONAL;UNIVERSIDAD DE O'HIGGINS;SALUD;80;93;1;606;71.48;470.5;521.2;560;611.41;599;668.5;700.5;841.5
2026;47304;NUTRICIÓN Y DIETÉTICA;UNIVERSIDAD DE O'HIGGINS;SALUD;65;77;1;628.5;86.48;497.5;528;559.5;631.96;625;696;751.6;851
2026;47305;KINESIOLOGÍA;UNIVERSIDAD DE O'HIGGINS;SALUD;65;73;1;577;85.26;500;545.3;622.5;666.62;672;735.5;778;854
2026;47306;TECNOLOGÍA MÉDICA;UNIVERSIDAD DE O'HIGGINS;SALUD;65;73;1;552;84.51;552;637.3;674.5;738.6;738;813;850.6;905
2026;47401;ADMINISTRACIÓN PÚBLICA;UNIVERSIDAD DE O'HIGGINS;CIENCIAS SOCIALES;120;158;1;471;80.26;459;495.1;526.12;585.56;569.5;631.88;696.55;889
2026;47431;DERECHO;UNIVERSIDAD DE O'HIGGINS;DERECHO;150;175;1;596;86.68;468.5;556.4;600;662.7;654;715;770.6;890.5
2026;47461;INGENIERÍA COMERCIAL;UNIVERSIDAD DE O'HIGGINS;ADMINISTRACIÓN Y COMERCIO;150;177;1;596;76.27;474.5;564.5;599;657.44;652.5;702.5;759.7;898
2026;47462;CONTABILIDAD Y AUDITORÍA;UNIVERSIDAD DE O'HIGGINS;ADMINISTRACIÓN Y COMERCIO;150;180;1;512;75.66;481;525.45;559.88;625.45;632.25;678.88;724.1;822.5
2026;47491;PSICOLOGÍA;UNIVERSIDAD DE O'HIGGINS;CIENCIAS SOCIALES;100;114;1;644.5;70.57;546.5;617.55;652.88;700.57;702.25;742.62;786.9;900.5
2026;48001;ENFERMERÍA;UNIVERSIDAD DE AYSEN;SALUD;37;47;1;521.5;70.89;466;503.6;534.25;583.72;575;620.75;682.6;758.5
2026;48002;OBSTETRICIA;UNIVERSIDAD DE AYSEN;SALUD;26;34;1;493;70.84;479;494.2;539.75;580.88;566.75;606.88;680;775.5
2026;48003;INGENIERIA CIVIL EN ENERGIAS RENOVABLES;UNIVERSIDAD DE AYSEN;TECNOLOGÍA;20;5;0;549.5;70.55;518.5;530.9;549.5;607.2;632.5;648.5;671.6;687
2026;48004;INGENIERÍA CIVIL INDUSTRIAL;UNIVERSIDAD DE AYSEN;TECNOLOGÍA;20;21;1;532;107.64;532;542.5;552;666.64;658;743.5;819.5;865
2026;48005;INGENIERIA FORESTAL;UNIVERSIDAD DE AYSEN;AGROPECUARIA;15;7;0;553;93.09;452.5;492.7;530;572.79;545;619.5;696.8;713
2026;48006;AGRONOMÍA;UNIVERSIDAD DE AYSEN;AGROPECUARIA;15;11;0;646.5;87.41;464.5;498.5;503.5;558.27;532.5;572.5;646.5;775
2026;48007;ADMINISTRACIÓN PÚBLICA;UNIVERSIDAD DE AYSEN;CIENCIAS SOCIALES;25;11;0;517.5;100.65;506.5;513.5;553;631.27;642.5;666.25;768;817
2026;48008;TRABAJO SOCIAL;UNIVERSIDAD DE AYSEN;CIENCIAS SOCIALES;20;12;0;468;76.75;468;534;565.12;598.5;582.5;622.38;678.4;761.5
2026;48009;PSICOLOGIA;UNIVERSIDAD DE AYSEN;CIENCIAS SOCIALES;38;42;1;497;76.24;470.5;497.65;554.5;599.45;590.5;639;707.3;769
2026;48010;INGENIERÍA CIVIL INFORMÁTICA;UNIVERSIDAD DE AYSEN;TECNOLOGÍA;20;21;1;485;113.94;485;575;600.5;693.4;667.5;806;844;859.5
2026;48011;INGENIERÍA COMERCIAL;UNIVERSIDAD DE AYSEN;ADMINISTRACIÓN Y COMERCIO;30;14;0;558;89.06;509.5;531.3;547.88;625.14;605.25;712.62;739.15;753.5
2026;48012;TERAPIA OCUPACIONAL;UNIVERSIDAD DE AYSEN;SALUD;30;31;1;512;81.3;461;487;494;558.69;533.5;591.5;686;749
2026;48013;DERECHO;UNIVERSIDAD DE AYSEN;DERECHO;30;29;0;502.5;75.48;474.5;499.8;545.5;593.59;588.5;632;696.5;800.5
2026;49001;ENFERMERÍA;UNIVERSIDAD AUTONOMA DE CHILE;SALUD;85;110;1;623;53.79;584.5;612.8;632.62;675.69;669;704.5;766.55;810
2026;49002;FONOAUDIOLOGÍA;UNIVERSIDAD AUTONOMA DE CHILE;SALUD;45;60;1;525;63.64;465;499.25;530.75;576.67;567;621.25;662.25;740
2026;49003;KINESIOLOGÍA;UNIVERSIDAD AUTONOMA DE CHILE;SALUD;80;95;1;668;56.81;534.5;586.5;624.5;663.95;665;702;729.6;813.5
2026;49004;MEDICINA;UNIVERSIDAD AUTONOMA DE CHILE;SALUD;50;60;1;934;18.22;889;907.8;913;926.11;921.5;937.88;953.35;973
2026;49005;NUTRICIÓN Y DIETÉTICA;UNIVERSIDAD AUTONOMA DE CHILE;SALUD;95;125;1;548.5;64.78;466.5;525.2;551;598.11;591.5;638.5;689.1;793.5
2026;49006;OBSTETRICIA Y PUERICULTURA;UNIVERSIDAD AUTONOMA DE CHILE;SALUD;45;60;1;686.5;38.84;619.5;669.85;690.5;716.02;716.75;736.88;766.65;802.5
2026;49008;QUÍMICA Y FARMACIA;UNIVERSIDAD AUTONOMA DE CHILE;SALUD;90;115;1;714;46.59;707.5;738.7;767.75;795.37;793.5;822.75;853.7;936.5
2026;49009;TERAPIA OCUPACIONAL;UNIVERSIDAD AUTONOMA DE CHILE;SALUD;100;125;1;505;59.78;471;518.7;564.5;597.74;593;630.5;672.5;775.5
2026;49010;INGENIERÍA EN CONTROL DE GESTIÓN;UNIVERSIDAD AUTONOMA DE CHILE;ADMINISTRACIÓN Y COMERCIO;60;75;1;581.5;81.24;452.5;553.9;591.75;646.49;634.5;721;760;801
2026;49011;INGENIERÍA COMERCIAL;UNIVERSIDAD AUTONOMA DE CHILE;ADMINISTRACIÓN Y COMERCIO;120;165;1;594;71.38;487.5;548.7;581;630.08;620.5;681;723;860.5
2026;49012;DERECHO;UNIVERSIDAD AUTONOMA DE CHILE;DERECHO;120;155;1;563;68.98;478.5;554.8;587.5;635.48;625.5;691.5;729.6;801.5
2026;49013;ADMINISTRACIÓN PÚBLICA;UNIVERSIDAD AUTONOMA DE CHILE;CIENCIAS SOCIALES;40;70;1;534.5;71.7;486;526.4;568;611.31;608.5;643;673.95;844
2026;49014;PSICOLOGÍA;UNIVERSIDAD AUTONOMA DE CHILE;CIENCIAS SOCIALES;125;155;1;679;56.46;533;590.9;614.75;658.97;655.5;693.5;727.3;826.5
2026;49015;PUBLICIDAD Y COMUNICACIÓN INTEGRAL;UNIVERSIDAD AUTONOMA DE CHILE;CIENCIAS SOCIALES;95;115;1;473;66.55;440;503;534.25;580.71;571;624.75;671.3;728
2026;49016;INGENIERÍA CIVIL INDUSTRIAL;UNIVERSIDAD AUTONOMA DE CHILE;TECNOLOGÍA;80;100;1;562;73.86;556;624.4;671;717.62;717.25;762.62;797.2;939
2026;49017;INGENIERÍA CIVIL INFORMÁTICA;UNIVERSIDAD AUTONOMA DE CHILE;TECNOLOGÍA;125;145;1;568;74.52;565.5;606.6;648;707;704.5;761.5;804.5;901.5
2026;49022;INGENIERÍA CIVIL QUÍMICA;UNIVERSIDAD AUTONOMA DE CHILE;TECNOLOGÍA;35;40;1;593;73.11;581;603.55;656;711.52;702.25;766;801.95;851
2026;49023;PERIODISMO;UNIVERSIDAD AUTONOMA DE CHILE;CIENCIAS SOCIALES;45;57;1;478;61.18;460.5;506.2;521.5;570.5;572;603;637.6;789.5
2026;49029;INGENIERÍA CIVIL PLAN COMÚN;UNIVERSIDAD AUTONOMA DE CHILE;TECNOLOGÍA;55;65;1;632.5;70.04;496.5;569.2;592.5;652.17;655;713;738.4;774.5
2026;49101;ENFERMERÍA;UNIVERSIDAD AUTONOMA DE CHILE;SALUD;85;106;1;671.5;46.78;553;590.75;625.25;651.85;649;685;713;761.5
2026;49102;FONOAUDIOLOGÍA;UNIVERSIDAD AUTONOMA DE CHILE;SALUD;40;66;1;539;51.55;465;490.5;508;549.03;546.5;575;613.75;689.5
2026;49103;KINESIOLOGÍA;UNIVERSIDAD AUTONOMA DE CHILE;SALUD;75;90;1;644.5;66.99;475;554.3;582.12;631.67;632.25;670.62;721.6;817
2026;49104;NUTRICIÓN Y DIETÉTICA;UNIVERSIDAD AUTONOMA DE CHILE;SALUD;85;98;1;463;60.23;459.5;476.1;498.38;539.74;530.5;568.12;628.9;714
2026;49105;TERAPIA OCUPACIONAL;UNIVERSIDAD AUTONOMA DE CHILE;SALUD;95;115;1;521;56.16;463;488.4;518;555.53;546.5;590;631;719
2026;49106;INGENIERÍA EN CONSTRUCCIÓN;UNIVERSIDAD AUTONOMA DE CHILE;TECNOLOGÍA;50;55;1;478;81.92;474;479.6;503;573.78;556;619.25;697.3;811
2026;49107;INGENIERÍA COMERCIAL;UNIVERSIDAD AUTONOMA DE CHILE;ADMINISTRACIÓN Y COMERCIO;50;80;1;625.5;66.9;466;512.75;546.5;597.72;600.25;637.88;682.4;797
2026;49108;DERECHO;UNIVERSIDAD AUTONOMA DE CHILE;DERECHO;110;155;1;515.5;65.76;463.5;519.6;544.5;592.42;585.5;633.25;687.7;800.5
2026;49109;PSICOLOGÍA;UNIVERSIDAD AUTONOMA DE CHILE;CIENCIAS SOCIALES;130;155;1;594.5;63.61;498.5;551;588.5;633.76;632.5;671.75;712.5;852.5
2026;49110;TRABAJO SOCIAL;UNIVERSIDAD AUTONOMA DE CHILE;CIENCIAS SOCIALES;70;81;1;486;54.68;458;471.5;496;535.57;529.5;561.5;612.5;721.5
2026;49111;PEDAGOGÍA EN EDUCACIÓN BÁSICA;UNIVERSIDAD AUTONOMA DE CHILE;EDUCACIÓN;30;22;0;546;62.42;517.5;546.05;553;599.68;586.5;636.75;659.2;794
2026;49112;PEDAGOGÍA EN EDUCACIÓN FÍSICA;UNIVERSIDAD AUTONOMA DE CHILE;EDUCACIÓN;35;50;1;604;68.25;466;542.6;567.25;600.87;592.25;620.12;678.05;883
2026;49113;PEDAGOGÍA EN EDUCACIÓN PARVULARIA;UNIVERSIDAD AUTONOMA DE CHILE;EDUCACIÓN;40;35;0;553;46.77;435;546.5;550.25;569.47;566;588;631.6;671
2026;49114;PEDAGOGÍA EN INGLÉS;UNIVERSIDAD AUTONOMA DE CHILE;EDUCACIÓN;40;32;0;554.5;58.45;535.5;546.05;552.5;592.41;566.75;626.38;671.25;781.5
2026;49119;ADMINISTRACIÓN PÚBLICA;UNIVERSIDAD AUTONOMA DE CHILE;CIENCIAS SOCIALES;30;40;1;575;59.01;475;506.9;558.88;587.69;585.25;619.12;681.05;717.5
2026;49120;ODONTOLOGÍA;UNIVERSIDAD AUTONOMA DE CHILE;SALUD;50;70;1;647.5;46.88;633;654;683.12;716.15;715.25;751.5;781.25;805.5
2026;49201;ENFERMERÍA;UNIVERSIDAD AUTONOMA DE CHILE;SALUD;85;110;1;622.5;53.34;553;593.45;621.62;659.25;651.25;693.25;739.6;813
2026;49202;FONOAUDIOLOGÍA;UNIVERSIDAD AUTONOMA DE CHILE;SALUD;50;80;1;534.5;52.36;471.5;492.2;514.25;555.33;546.75;592.62;627.7;688
2026;49203;KINESIOLOGÍA;UNIVERSIDAD AUTONOMA DE CHILE;SALUD;80;110;1;592.5;58.41;513.5;577.9;605.88;646.24;646.75;676;724.55;804.5
2026;49204;MEDICINA;UNIVERSIDAD AUTONOMA DE CHILE;SALUD;50;65;1;858;27.45;853;876.2;893;909.68;909;920;940.4;998
2026;49205;OBSTETRICIA Y PUERICULTURA;UNIVERSIDAD AUTONOMA DE CHILE;SALUD;65;80;1;568;44.23;568;613.7;633.25;664.36;659.5;690.5;727.45;785
2026;49206;QUÍMICA Y FARMACIA;UNIVERSIDAD AUTONOMA DE CHILE;SALUD;90;120;1;658.5;54.37;621;666.45;704.12;740.52;737.5;772.62;799.6;897
2026;49207;TERAPIA OCUPACIONAL;UNIVERSIDAD AUTONOMA DE CHILE;SALUD;80;105;1;513.5;64.54;444;514.5;547;590.66;588;639.5;683.4;731.5
2026;49208;INGENIERÍA EN CONSTRUCCIÓN;UNIVERSIDAD AUTONOMA DE CHILE;TECNOLOGÍA;50;65;1;463;62;463;478.5;514.5;563.7;568;596;643.4;711
2026;49209;INGENIERÍA EN CONTROL DE GESTIÓN;UNIVERSIDAD AUTONOMA DE CHILE;ADMINISTRACIÓN Y COMERCIO;40;60;1;498.5;72.81;466;515.3;547.25;600.73;600.25;642.38;694.3;783.5
2026;49210;INGENIERÍA COMERCIAL;UNIVERSIDAD AUTONOMA DE CHILE;ADMINISTRACIÓN Y COMERCIO;85;130;1;525;60.76;458;510.85;538.25;581.08;574.5;618.88;660.75;754.5
2026;49211;DERECHO;UNIVERSIDAD AUTONOMA DE CHILE;DERECHO;120;150;1;568.5;71.42;460.5;520.25;551.5;607.84;606.25;663.88;700.75;762
2026;49212;PSICOLOGÍA;UNIVERSIDAD AUTONOMA DE CHILE;CIENCIAS SOCIALES;120;145;1;526.5;63.2;503;542;572.5;618.86;612.5;655;700.3;809.5
2026;49213;TRABAJO SOCIAL;UNIVERSIDAD AUTONOMA DE CHILE;CIENCIAS SOCIALES;50;85;1;474.5;54.78;384.5;474.5;491.5;530.68;521.5;563.5;582.4;775.5
2026;49214;PEDAGOGÍA EN EDUCACIÓN BÁSICA;UNIVERSIDAD AUTONOMA DE CHILE;EDUCACIÓN;35;28;0;578;47.53;538;547.2;553.75;587.43;579;604.25;620.45;768.5
2026;49215;PEDAGOGÍA EN EDUCACIÓN FÍSICA;UNIVERSIDAD AUTONOMA DE CHILE;EDUCACIÓN;45;65;1;568;54.98;504;555.9;575.5;617.42;607.5;648.5;690.3;758.5
2026;49216;PEDAGOGÍA EN EDUCACIÓN PARVULARIA;UNIVERSIDAD AUTONOMA DE CHILE;EDUCACIÓN;50;38;0;559.5;37.02;546.5;556;571.88;594.78;588.25;612.25;641.25;729.5
2026;49217;PEDAGOGÍA EN HISTORIA, GEOGRAFÍA Y CIENCIAS SOCIALES;UNIVERSIDAD AUTONOMA DE CHILE;EDUCACIÓN;25;17;0;571.5;62.13;546.5;566.9;579;637.03;645.5;661;703.5;780.5
2026;49218;PEDAGOGÍA EN INGLÉS;UNIVERSIDAD AUTONOMA DE CHILE;EDUCACIÓN;35;26;0;562.5;55.45;460;552.5;567.88;605.52;602.25;636.62;671;727
2026;49219;PEDAGOGÍA EN LENGUA CASTELLANA Y COMUNICACIÓN;UNIVERSIDAD AUTONOMA DE CHILE;EDUCACIÓN;35;30;0;546;58.93;511;552.3;575.5;616.63;615.75;667.25;693.2;734.5
2026;49220;INGENIERÍA CIVIL INDUSTRIAL;UNIVERSIDAD AUTONOMA DE CHILE;TECNOLOGÍA;50;60;1;591.5;65.28;488.5;559.9;607.5;645.48;652;681.25;732.25;788
2026;49222;INGENIERÍA CIVIL INFORMÁTICA;UNIVERSIDAD AUTONOMA DE CHILE;TECNOLOGÍA;65;90;1;578;78.43;464.5;524.7;575.75;630.59;630.5;685.62;724.6;832.5
2026;49223;LICENCIATURA EN ARTES VISUALES;UNIVERSIDAD AUTONOMA DE CHILE;ARTE Y ARQUITECTURA;40;52;1;464.5;86.35;424.5;480.75;514.12;572.13;547.5;637;671.2;884
2026;49224;PEDAGOGÍA EN EDUCACIÓN DIFERENCIAL;UNIVERSIDAD AUTONOMA DE CHILE;EDUCACIÓN;35;26;0;547.5;46.11;481.5;550;566.75;594.65;594.75;613.12;646;696.5
2026;49225;ADMINISTRACIÓN PÚBLICA;UNIVERSIDAD AUTONOMA DE CHILE;CIENCIAS SOCIALES;40;75;1;614;63.14;461.5;494.4;520.75;564.01;551;613.25;640.1;767.5
2026;49229;PERIODISMO;UNIVERSIDAD AUTONOMA DE CHILE;CIENCIAS SOCIALES;40;65;1;499;84.95;458;491.1;514.5;579.14;553;632;708;784
2026;49231;ARQUITECTURA;UNIVERSIDAD AUTONOMA DE CHILE;ARTE Y ARQUITECTURA;60;85;1;654;66.72;458;521.4;561;613.05;617.5;650;697.3;791
2026;49301;ENFERMERÍA;UNIVERSIDAD AUTONOMA DE CHILE;SALUD;90;116;1;564.5;51.42;554;592.25;628.88;661.2;656.5;692;726.5;804
2026;49302;FONOAUDIOLOGÍA;UNIVERSIDAD AUTONOMA DE CHILE;SALUD;45;65;1;487.5;55.16;464.5;503.6;532.5;567.29;561;593.5;638.2;738.5
2026;49303;KINESIOLOGÍA;UNIVERSIDAD AUTONOMA DE CHILE;SALUD;65;75;1;561.5;60.54;547.5;575.4;603.5;642.91;633.5;675.5;714.7;938
2026;49304;NUTRICIÓN Y DIETÉTICA;UNIVERSIDAD AUTONOMA DE CHILE;SALUD;80;120;1;513.5;53.94;458;493.5;518.5;558.56;549.25;590.12;639.05;715
2026;49305;ODONTOLOGÍA;UNIVERSIDAD AUTONOMA DE CHILE;SALUD;50;70;1;601.5;50.48;601.5;633.25;649.25;692.02;694.25;718.75;743.9;858.5
2026;49306;QUÍMICA Y FARMACIA;UNIVERSIDAD AUTONOMA DE CHILE;SALUD;90;115;1;640.5;57.86;640.5;700.9;727.75;771.49;772.5;805.25;856.7;917.5
2026;49307;TERAPIA OCUPACIONAL;UNIVERSIDAD AUTONOMA DE CHILE;SALUD;75;95;1;629.5;63.76;458;483.9;508.25;556.92;549;597.5;624.1;797
2026;49308;ARQUITECTURA;UNIVERSIDAD AUTONOMA DE CHILE;ARTE Y ARQUITECTURA;70;85;1;571;86.35;478.5;547.8;580;644.08;643;691;726.5;956.5
2026;49309;INGENIERÍA EN CONSTRUCCIÓN;UNIVERSIDAD AUTONOMA DE CHILE;TECNOLOGÍA;50;51;1;497.5;67.54;468;494.5;520;577.14;582;617.5;668;787.5
2026;49310;INGENIERÍA EN CONTROL DE GESTIÓN;UNIVERSIDAD AUTONOMA DE CHILE;ADMINISTRACIÓN Y COMERCIO;40;55;1;560;73.37;463.5;497.2;539.25;589.31;580;645;683.8;739.5
2026;49311;INGENIERÍA COMERCIAL;UNIVERSIDAD AUTONOMA DE CHILE;ADMINISTRACIÓN Y COMERCIO;95;130;1;526.5;76.35;470.5;515.95;560;607.42;597;652.38;706.1;910
2026;49313;DERECHO;UNIVERSIDAD AUTONOMA DE CHILE;DERECHO;120;145;1;579;82.11;476;528.9;554.5;617.09;601;676.5;718.4;881
2026;49314;PSICOLOGÍA;UNIVERSIDAD AUTONOMA DE CHILE;CIENCIAS SOCIALES;120;155;1;568;71.98;461.5;536.3;568;616.01;608.5;652.5;701.1;853
2026;49316;TRABAJO SOCIAL;UNIVERSIDAD AUTONOMA DE CHILE;CIENCIAS SOCIALES;50;75;1;500;36.56;461.5;473.4;488.5;512.14;502.5;530.25;561.3;621.5
2026;49317;PEDAGOGÍA EN EDUCACIÓN BÁSICA;UNIVERSIDAD AUTONOMA DE CHILE;EDUCACIÓN;35;31;0;556.5;71.46;488.5;543.5;554.75;611.34;619;655.75;722;739
2026;49318;PEDAGOGÍA EN EDUCACIÓN FÍSICA;UNIVERSIDAD AUTONOMA DE CHILE;EDUCACIÓN;40;60;1;546.5;47.79;543.5;548.9;560.75;597.22;588.25;617.25;654.55;761.5
2026;49319;PEDAGOGÍA EN EDUCACIÓN PARVULARIA;UNIVERSIDAD AUTONOMA DE CHILE;EDUCACIÓN;40;32;0;563;56.89;436;546.5;553;583.72;568;608.75;651;731.5
2026;49320;PEDAGOGÍA EN INGLÉS;UNIVERSIDAD AUTONOMA DE CHILE;EDUCACIÓN;30;24;0;566.5;69.62;543.5;548.65;568;629;624.75;680.88;719.15;767.5
2026;49321;INGENIERÍA CIVIL INDUSTRIAL;UNIVERSIDAD AUTONOMA DE CHILE;TECNOLOGÍA;45;55;1;500;87.6;500;562.6;607;676.85;671;735.25;805.3;866
2026;49327;PEDAGOGÍA EN EDUCACIÓN DIFERENCIAL;UNIVERSIDAD AUTONOMA DE CHILE;EDUCACIÓN;30;26;0;577;59.24;425;550.75;564;592.46;581.5;619;657;753
2026;49328;INGENIERÍA EN ADMINISTRACIÓN;UNIVERSIDAD AUTONOMA DE CHILE;ADMINISTRACIÓN Y COMERCIO;40;55;1;547;63.64;481.5;511.5;544.75;592.28;592;623;678;783.5
2026;49330;INGENIERÍA CIVIL INFORMÁTICA;UNIVERSIDAD AUTONOMA DE CHILE;TECNOLOGÍA;45;50;1;581.5;94.43;511.5;581.45;607.62;683.49;676;741.62;800.95;943
2026;49332;PERIODISMO;UNIVERSIDAD AUTONOMA DE CHILE;CIENCIAS SOCIALES;35;39;1;539.5;59.85;461.5;475.5;496.5;534;518;553.75;605.2;741.5
2026;49334;MEDICINA;UNIVERSIDAD AUTONOMA DE CHILE;SALUD;50;60;1;885.5;25.15;869.5;878.85;893;911.29;908;927.12;944.85;968.5
2026;49335;PSICOPEDAGOGÍA;UNIVERSIDAD AUTONOMA DE CHILE;EDUCACIÓN;30;45;1;493.5;40.66;458.5;474;492.5;516.61;513;535.5;552.5;706.5
2026;49339;INGENIERÍA CIVIL PLAN COMÚN;UNIVERSIDAD AUTONOMA DE CHILE;TECNOLOGÍA;45;23;0;463;61.64;463;523.6;534.25;586.76;588.5;631.5;647.6;728.5
2026;50101;ARQUITECTURA;UNIVERSIDAD SAN SEBASTIAN;ARTE Y ARQUITECTURA;120;66;0;487;99.2;466;519.75;540.62;619.17;603.5;667.38;764.5;926.5
2026;50102;DERECHO;UNIVERSIDAD SAN SEBASTIAN;DERECHO;300;160;0;491;77.58;461.5;512.8;547;607.38;600;661.12;722.45;794.5
2026;50104;INGENIERÍA CIVIL;UNIVERSIDAD SAN SEBASTIAN;TECNOLOGÍA;40;41;1;500;90.61;492.5;533;550;620.84;606;661;756.5;899
2026;50105;INGENIERÍA CIVIL EN MINAS;UNIVERSIDAD SAN SEBASTIAN;TECNOLOGÍA;120;83;0;487;84.69;366;510.4;539.25;611.12;607;670;715.2;778
2026;50106;INGENIERÍA CIVIL INDUSTRIAL;UNIVERSIDAD SAN SEBASTIAN;TECNOLOGÍA;140;101;0;581;90.19;479;549;599;662.99;652.5;731.5;774.5;930.5
2026;50107;INGENIERÍA CIVIL INFORMÁTICA;UNIVERSIDAD SAN SEBASTIAN;TECNOLOGÍA;120;57;0;518;82.36;490.5;529.4;574.5;635.04;620.5;690.5;768.6;805.5
2026;50108;INGENIERÍA COMERCIAL;UNIVERSIDAD SAN SEBASTIAN;ADMINISTRACIÓN Y COMERCIO;180;115;0;508;81.21;471.5;516.7;539.25;590.88;575;611.5;701.7;956.5
2026;50110;ODONTOLOGÍA;UNIVERSIDAD SAN SEBASTIAN;SALUD;260;287;1;476;90.87;458;493.3;540;606.71;593.5;671.25;736.2;886.5
2026;50112;PEDAGOGÍA EN EDUCACIÓN DIFERENCIAL;UNIVERSIDAD SAN SEBASTIAN;EDUCACIÓN;45;10;0;551;66.62;487;540.1;553.25;598.6;592.25;650;680.55;694.5
2026;50115;PEDAGOGÍA EN INGLÉS;UNIVERSIDAD SAN SEBASTIAN;EDUCACIÓN;50;13;0;622;63.18;541;549.4;554;613;593.5;647;704.1;734.5
2026;50119;BACHILLERATO EN CIENCIAS DE LA SALUD;UNIVERSIDAD SAN SEBASTIAN;SALUD;260;281;1;587;110.12;473;571.5;640.5;723.12;718;822.5;867.5;931
2026;50121;ENFERMERÍA;UNIVERSIDAD SAN SEBASTIAN;SALUD;285;308;1;463.5;72.38;460.5;488.4;513.38;570.06;561.25;609.12;673.25;810.5
2026;50122;FONOAUDIOLOGÍA;UNIVERSIDAD SAN SEBASTIAN;SALUD;60;42;0;532;54.15;463;488.6;513.62;550.27;539.5;584.62;624.3;700.5
2026;50124;KINESIOLOGÍA;UNIVERSIDAD SAN SEBASTIAN;SALUD;170;176;1;497;78.5;463;486.75;511;574.18;563.75;615.25;681.5;885.5
2026;50125;MEDICINA;UNIVERSIDAD SAN SEBASTIAN;SALUD;120;141;1;878;30.05;847;869;887;909.47;909.5;930;948;978.5
2026;50126;NUTRICIÓN Y DIETÉTICA;UNIVERSIDAD SAN SEBASTIAN;SALUD;90;49;0;515.5;64.44;479;502.1;524;571.51;559.5;601;654.4;773.5
2026;50127;OBSTETRICIA;UNIVERSIDAD SAN SEBASTIAN;SALUD;170;200;1;513.5;50.1;513.5;555.9;582;615.52;603;649.12;685.15;753
2026;50128;PSICOLOGÍA;UNIVERSIDAD SAN SEBASTIAN;CIENCIAS SOCIALES;330;274;0;549.5;84.71;461.5;499.1;537.5;600.62;586;654;710.1;870.5
2026;50129;QUÍMICA Y FARMACIA;UNIVERSIDAD SAN SEBASTIAN;SALUD;280;310;1;619.5;76;547.5;609.25;647.75;705.03;697.25;754.5;803.25;919
2026;50130;TECNOLOGÍA MÉDICA;UNIVERSIDAD SAN SEBASTIAN;SALUD;220;203;0;473.5;92.7;468.5;507.2;546.5;618.59;608.5;677;752.3;911.5
2026;50131;TERAPIA OCUPACIONAL;UNIVERSIDAD SAN SEBASTIAN;SALUD;140;105;0;531.5;75.65;458;483;509.5;564.25;547;604;667.3;894
2026;50132;ADMINISTRACIÓN PÚBLICA;UNIVERSIDAD SAN SEBASTIAN;CIENCIAS SOCIALES;50;50;1;504;77.47;486;503.65;543.62;612.87;630;653.38;695.1;820.5
2026;50133;MEDICINA VETERINARIA;UNIVERSIDAD SAN SEBASTIAN;AGROPECUARIA;220;191;0;481.5;86.55;458;489;520.75;592.01;578.5;645;714;841.5
2026;50135;ANIMACIÓN DIGITAL;UNIVERSIDAD SAN SEBASTIAN;ARTE Y ARQUITECTURA;80;46;0;459.5;101.98;459.5;499.5;543.88;625.6;622.5;698.25;773.75;861.5
2026;50142;GEOLOGÍA;UNIVERSIDAD SAN SEBASTIAN;CIENCIAS BÁSICAS;60;17;0;564.5;93.44;518.5;541.7;564.5;666.32;696;746.5;774.5;780.5
2026;50201;ARQUITECTURA;UNIVERSIDAD SAN SEBASTIAN;ARTE Y ARQUITECTURA;90;51;0;506.5;75.98;497;539.5;586;639.07;647;695.25;739;812.5
2026;50202;DERECHO;UNIVERSIDAD SAN SEBASTIAN;DERECHO;150;88;0;476;107.62;458;491.15;542.5;630.29;616.25;714.5;777.65;916.5
2026;50206;INGENIERÍA CIVIL INDUSTRIAL;UNIVERSIDAD SAN SEBASTIAN;TECNOLOGÍA;90;63;0;492.5;98.59;477.5;550.5;641;695.09;699.5;754.25;820.4;888
2026;50207;INGENIERÍA CIVIL INFORMÁTICA;UNIVERSIDAD SAN SEBASTIAN;TECNOLOGÍA;60;38;0;465;114.72;465;566.9;639.62;715.04;716.5;800.88;865.65;922
2026;50208;INGENIERÍA COMERCIAL;UNIVERSIDAD SAN SEBASTIAN;ADMINISTRACIÓN Y COMERCIO;120;80;0;470.5;94.4;463;502.3;543;613.94;592.5;681.88;752.5;823.5
2026;50210;ODONTOLOGÍA;UNIVERSIDAD SAN SEBASTIAN;SALUD;120;81;0;514.5;104.26;478.5;514.5;554;636.27;629;696;781;889
2026;50215;PEDAGOGÍA EN INGLÉS;UNIVERSIDAD SAN SEBASTIAN;EDUCACIÓN;50;24;0;731.5;80.12;466;546.95;559.25;624.6;619.25;684.5;725.1;803
2026;50218;ADMINISTRACIÓN EN ECOTURISMO;UNIVERSIDAD SAN SEBASTIAN;ADMINISTRACIÓN Y COMERCIO;60;12;0;510;43.46;505;509.55;517.88;549.88;541.75;560.25;599.4;656
2026;50219;BACHILLERATO EN CIENCIAS DE LA SALUD;UNIVERSIDAD SAN SEBASTIAN;SALUD;110;77;0;546.5;110.47;475;544.9;626;699.34;712;791;832.8;943
2026;50221;ENFERMERÍA;UNIVERSIDAD SAN SEBASTIAN;SALUD;90;79;0;496;82.76;460.5;477.9;527.75;589.2;593;643;695.4;782
2026;50222;FONOAUDIOLOGÍA;UNIVERSIDAD SAN SEBASTIAN;SALUD;50;5;0;481.5;52.88;481.5;492.3;508.5;546.6;545;599;599;599
2026;50224;KINESIOLOGÍA;UNIVERSIDAD SAN SEBASTIAN;SALUD;100;59;0;475;81.08;459;478.2;512.5;575.77;558.5;626;690.6;776
2026;50225;MEDICINA;UNIVERSIDAD SAN SEBASTIAN;SALUD;90;110;1;832;32.32;820;843.7;854;878.46;870.75;899;924.6;982
2026;50226;NUTRICIÓN Y DIETÉTICA;UNIVERSIDAD SAN SEBASTIAN;SALUD;70;17;0;485.5;98.94;473;497.2;539;602.82;584.5;650;728.4;842
2026;50227;OBSTETRICIA;UNIVERSIDAD SAN SEBASTIAN;SALUD;110;88;0;478.5;72.35;459;493.35;513.38;575.81;565.5;638.75;675.4;751
2026;50228;PSICOLOGÍA;UNIVERSIDAD SAN SEBASTIAN;CIENCIAS SOCIALES;150;72;0;461;94.03;461;486.1;519;590.22;578.5;644.5;707.1;900.5
2026;50229;QUÍMICA Y FARMACIA;UNIVERSIDAD SAN SEBASTIAN;SALUD;120;109;0;484.5;94.03;463;573.1;606;675.69;670.5;745;812.8;865.5
2026;50230;TECNOLOGÍA MÉDICA;UNIVERSIDAD SAN SEBASTIAN;SALUD;80;42;0;473;90.94;461.5;503.1;539.12;604.07;604;654.38;721.1;793.5
2026;50231;TERAPIA OCUPACIONAL;UNIVERSIDAD SAN SEBASTIAN;SALUD;60;20;0;535.5;72.37;470.5;481.65;508.12;566.95;567.5;609.5;638.1;727.5
2026;50232;ADMINISTRACIÓN PÚBLICA;UNIVERSIDAD SAN SEBASTIAN;CIENCIAS SOCIALES;50;12;0;461.5;113.38;461.5;479.65;563.88;635.33;635.5;717.5;758.15;837
2026;50233;MEDICINA VETERINARIA;UNIVERSIDAD SAN SEBASTIAN;AGROPECUARIA;160;126;0;459;95.04;459;494.5;539;604.1;586.75;655.62;717.75;908
2026;50501;ARQUITECTURA;UNIVERSIDAD SAN SEBASTIAN;ARTE Y ARQUITECTURA;60;31;0;511.5;100.32;476;496;515.75;600.48;593;666;724;899
2026;50502;DERECHO;UNIVERSIDAD SAN SEBASTIAN;DERECHO;140;75;0;596.5;92.99;471;520.3;549.25;619.58;613;670.25;747.3;900.5
2026;50506;INGENIERÍA CIVIL INDUSTRIAL;UNIVERSIDAD SAN SEBASTIAN;TECNOLOGÍA;60;40;0;481.5;114.29;481.5;541.8;576;663.91;648;712.88;853.85;956.5
2026;50507;INGENIERÍA CIVIL INFORMÁTICA;UNIVERSIDAD SAN SEBASTIAN;TECNOLOGÍA;60;23;0;539.5;93.05;519.5;524.7;561.25;623.54;608;649;733.9;846.5
2026;50508;INGENIERÍA COMERCIAL;UNIVERSIDAD SAN SEBASTIAN;ADMINISTRACIÓN Y COMERCIO;90;42;0;473;74.98;464;485.8;538.25;587.12;580.25;627.12;677.35;768
2026;50510;ODONTOLOGÍA;UNIVERSIDAD SAN SEBASTIAN;SALUD;100;75;0;484;98.26;463;489.5;523.25;600.57;584;656.25;733.2;878.5
2026;50519;BACHILLERATO EN CIENCIAS DE LA SALUD;UNIVERSIDAD SAN SEBASTIAN;SALUD;110;83;0;513;110.43;483;561.6;672.75;734.29;742;807;869.9;930
2026;50521;ENFERMERÍA;UNIVERSIDAD SAN SEBASTIAN;SALUD;125;104;0;465;79.43;378.5;486.65;503.5;566.52;555.25;599.25;649.35;823
2026;50522;FONOAUDIOLOGÍA;UNIVERSIDAD SAN SEBASTIAN;SALUD;50;8;0;463.5;124.63;463.5;493.25;516.88;599.44;555;660.12;767.6;818
2026;50524;KINESIOLOGÍA;UNIVERSIDAD SAN SEBASTIAN;SALUD;100;76;0;468.5;83.09;460.5;481;516.38;568.99;551.25;604.5;646;879.5
2026;50525;MEDICINA;UNIVERSIDAD SAN SEBASTIAN;SALUD;78;89;1;887;25.45;834;872.2;887;903.43;904;920.5;936.2;968
2026;50526;NUTRICIÓN Y DIETÉTICA;UNIVERSIDAD SAN SEBASTIAN;SALUD;70;38;0;468.5;78.15;461.5;483.5;518.88;571.18;553.5;617.75;711.25;731.5
2026;50527;OBSTETRICIA;UNIVERSIDAD SAN SEBASTIAN;SALUD;90;92;1;465;71.3;461.5;489.95;508.75;565.82;554.5;610.5;646;865.5
2026;50528;PSICOLOGÍA;UNIVERSIDAD SAN SEBASTIAN;CIENCIAS SOCIALES;150;96;0;496;73.01;444;488.25;512.5;569.47;559.5;605.12;656.25;815.5
2026;50529;QUÍMICA Y FARMACIA;UNIVERSIDAD SAN SEBASTIAN;SALUD;90;84;0;560.5;76.44;488;541.4;580.62;638.21;639.5;689;723.1;868
2026;50530;TECNOLOGÍA MÉDICA;UNIVERSIDAD SAN SEBASTIAN;SALUD;80;72;0;487;74.82;475;501.35;553.88;599.65;588.25;651;685.95;865.5
2026;50531;TERAPIA OCUPACIONAL;UNIVERSIDAD SAN SEBASTIAN;SALUD;60;28;0;464.5;91.21;464.5;497.05;525.12;586.23;547.75;637.88;726.95;780.5
2026;50533;MEDICINA VETERINARIA;UNIVERSIDAD SAN SEBASTIAN;AGROPECUARIA;66;81;1;509.5;80.86;460.5;509.5;553;607.91;593;645.5;713.5;860.5
2026;50801;ARQUITECTURA;UNIVERSIDAD SAN SEBASTIAN;ARTE Y ARQUITECTURA;120;60;0;471;81.94;467.5;491.3;526.5;586.41;572;635.25;696.25;801.5
2026;50802;DERECHO;UNIVERSIDAD SAN SEBASTIAN;DERECHO;300;175;0;463;81.39;462;498.8;531;587.88;571;632.25;704.7;898
2026;50804;INGENIERÍA CIVIL;UNIVERSIDAD SAN SEBASTIAN;TECNOLOGÍA;40;41;1;531.5;110.98;493.5;531.5;567.5;667.41;653.5;749;828.5;869
2026;50805;INGENIERÍA CIVIL EN MINAS;UNIVERSIDAD SAN SEBASTIAN;TECNOLOGÍA;140;172;1;465;84.24;464.5;497.6;530.38;592.34;583.5;644.88;694.45;904
2026;50806;INGENIERÍA CIVIL INDUSTRIAL;UNIVERSIDAD SAN SEBASTIAN;TECNOLOGÍA;120;140;1;496.5;92.31;469.5;502.75;552.5;619.55;601.75;686.5;739.6;893.5
2026;50807;INGENIERÍA CIVIL INFORMÁTICA;UNIVERSIDAD SAN SEBASTIAN;TECNOLOGÍA;150;157;1;472.5;101.88;459;534.9;572;649.34;640;711;807.5;884.5
2026;50808;INGENIERÍA COMERCIAL;UNIVERSIDAD SAN SEBASTIAN;ADMINISTRACIÓN Y COMERCIO;220;129;0;471.5;78.23;466.5;499.5;539.5;591.6;578;639.5;694.8;894.5
2026;50810;ODONTOLOGÍA;UNIVERSIDAD SAN SEBASTIAN;SALUD;290;428;1;487.5;82.48;465;496.05;532.75;592.73;583;639.75;699.3;958
2026;50811;PEDAGOGÍA EN EDUCACIÓN BÁSICA;UNIVERSIDAD SAN SEBASTIAN;EDUCACIÓN;35;9;0;552.5;71.52;547.5;551.5;560;617;582;646;709.5;747.5
2026;50812;PEDAGOGÍA EN EDUCACIÓN DIFERENCIAL;UNIVERSIDAD SAN SEBASTIAN;EDUCACIÓN;30;6;0;575;83.19;566.5;570.75;589.12;651.83;648.25;675.88;736.5;793.5
2026;50815;PEDAGOGÍA EN INGLÉS;UNIVERSIDAD SAN SEBASTIAN;EDUCACIÓN;50;14;0;637.5;68.21;550.5;557.65;562.25;616.61;590.75;643.5;702.35;774.5
2026;50832;ADMINISTRACIÓN PÚBLICA;UNIVERSIDAD SAN SEBASTIAN;CIENCIAS SOCIALES;50;25;0;469.5;58.77;469.5;538.3;573;597.28;584;632.5;665.1;742
2026;50833;MEDICINA VETERINARIA;UNIVERSIDAD SAN SEBASTIAN;AGROPECUARIA;334;315;0;475.5;86.72;458;485;522;589.6;583;636;713.4;862.5
2026;50835;ANIMACIÓN DIGITAL;UNIVERSIDAD SAN SEBASTIAN;ARTE Y ARQUITECTURA;100;76;0;463;102.89;463;481.5;531;602.85;588.75;648.12;736.25;891.5
2026;50842;GEOLOGÍA;UNIVERSIDAD SAN SEBASTIAN;CIENCIAS BÁSICAS;60;12;0;678;122.32;508;525.5;593.75;682.83;680;772.25;861.35;871
2026;50918;ADMINISTRACIÓN EN ECOTURISMO;UNIVERSIDAD SAN SEBASTIAN;ADMINISTRACIÓN Y COMERCIO;80;36;0;459.5;83.59;459.5;496.5;541.12;603.19;595.75;656.25;722.25;787
2026;50919;BACHILLERATO EN CIENCIAS DE LA SALUD;UNIVERSIDAD SAN SEBASTIAN;SALUD;330;400;1;588.5;109.94;483;571.45;632.5;720.38;725.5;812.12;864.15;965
2026;50920;BIOQUÍMICA;UNIVERSIDAD SAN SEBASTIAN;CIENCIAS BÁSICAS;85;68;0;543.5;92.33;480;528.35;559.75;641.15;645.75;701.12;756.6;907.5
2026;50921;ENFERMERÍA;UNIVERSIDAD SAN SEBASTIAN;SALUD;235;360;1;461.5;77.84;339.5;485.5;514.88;571.26;559.75;606.25;676.95;894.5
2026;50922;FONOAUDIOLOGÍA;UNIVERSIDAD SAN SEBASTIAN;SALUD;60;39;0;476.5;89.35;468;491.9;500;572.21;543;609.25;705.7;807.5
2026;50924;KINESIOLOGÍA;UNIVERSIDAD SAN SEBASTIAN;SALUD;190;170;0;469;78.04;458.5;476.2;508;565.12;547.5;604.25;678.85;852.5
2026;50925;MEDICINA;UNIVERSIDAD SAN SEBASTIAN;SALUD;130;151;1;904;19.75;895;908;920.75;932.21;930;943;958;1000
2026;50926;NUTRICIÓN Y DIETÉTICA;UNIVERSIDAD SAN SEBASTIAN;SALUD;100;35;0;519.5;68.21;468.5;495.5;523;574.86;571.5;610;657.3;754.5
2026;50927;OBSTETRICIA;UNIVERSIDAD SAN SEBASTIAN;SALUD;165;223;1;546;53.11;511.5;546.9;574.5;611.48;604;643;689.6;773.5
2026;50928;PSICOLOGÍA;UNIVERSIDAD SAN SEBASTIAN;CIENCIAS SOCIALES;290;255;0;470.5;81.54;460;486.1;515;579.28;568;626.75;695.4;861.5
2026;50929;QUÍMICA Y FARMACIA;UNIVERSIDAD SAN SEBASTIAN;SALUD;260;305;1;625;73.46;549.5;635.3;674.5;727.68;724.5;775.5;824.3;934
2026;50930;TECNOLOGÍA MÉDICA;UNIVERSIDAD SAN SEBASTIAN;SALUD;210;161;0;465.5;83.87;465.5;503;531.5;596.43;588;641.5;721.5;837
2026;50931;TERAPIA OCUPACIONAL;UNIVERSIDAD SAN SEBASTIAN;SALUD;100;67;0;459.5;78.57;459.5;476.6;516.25;570.91;564.5;599.75;676.4;794
2026;50932;LICENCIATURA EN CIENCIAS DE LA ACTIVIDAD FÍSICA;UNIVERSIDAD SAN SEBASTIAN;EDUCACIÓN;60;27;0;497;93.79;469;483.5;497.75;559.22;532.5;578.25;684;836
2026;50939;LICENCIATURA EN ARTE Y CONSERVACIÓN DEL PATRIMONIO;UNIVERSIDAD SAN SEBASTIAN;ARTE Y ARQUITECTURA;30;20;0;465;130.65;465;493.7;507.75;636.1;637;724.25;777.75;891.5
2026;51100;ADMINISTRACIÓN PÚBLICA - SANTIAGO;UNIVERSIDAD CENTRAL;CIENCIAS SOCIALES;60;74;1;489.5;68.82;478.5;498.95;534.75;584.61;577.5;634.38;677.2;753
2026;51101;CIENCIA POLÍTICA - SANTIAGO;UNIVERSIDAD CENTRAL;CIENCIAS SOCIALES;40;55;1;520.5;56.04;466;502.9;531.25;570.96;561.5;611.25;632.8;706
2026;51110;ARQUITECTURA - SANTIAGO;UNIVERSIDAD CENTRAL;ARTE Y ARQUITECTURA;100;120;1;568;68.05;461.5;524.9;549.75;602.4;598.25;641.5;689.85;816
2026;51111;ARQUITECTURA DEL PAISAJE - SANTIAGO;UNIVERSIDAD CENTRAL;ARTE Y ARQUITECTURA;30;27;0;534.5;81.14;466;470.1;526.5;574.26;557.5;621.75;686.8;760
2026;51120;PERIODISMO - SANTIAGO;UNIVERSIDAD CENTRAL;CIENCIAS SOCIALES;40;44;1;487;66.03;458;481.05;507.25;559.97;552.5;600.38;646.85;724.5
2026;51121;PUBLICIDAD - SANTIAGO;UNIVERSIDAD CENTRAL;CIENCIAS SOCIALES;45;60;1;614;54.58;463;488.4;521;558.81;563.25;591.5;626.45;682.5
2026;51130;DERECHO - SANTIAGO;UNIVERSIDAD CENTRAL;DERECHO;195;245;1;593;79.41;466;520.5;552.5;613.71;601.5;670.5;716.3;898.5
2026;51140;PSICOLOGÍA - SANTIAGO;UNIVERSIDAD CENTRAL;CIENCIAS SOCIALES;230;280;1;504;70.61;465;531.1;567.38;616.93;610;660.5;719.5;797
2026;51141;SOCIOLOGÍA - SANTIAGO;UNIVERSIDAD CENTRAL;CIENCIAS SOCIALES;25;9;0;519;70.81;471.5;491.1;519;583.94;608.5;633.5;647.4;675
2026;51142;TRABAJO SOCIAL - SANTIAGO;UNIVERSIDAD CENTRAL;CIENCIAS SOCIALES;45;60;1;478.5;65.08;459;481.5;498.88;544.21;525.75;575;639;786.5
2026;51150;ENFERMERÍA - SANTIAGO;UNIVERSIDAD CENTRAL;SALUD;150;190;1;563.5;72.06;446.5;535.3;565.25;618.71;614;659;700.2;898
2026;51151;TECNOLOGÍA MÉDICA - SANTIAGO;UNIVERSIDAD CENTRAL;SALUD;100;120;1;560;68.24;515;562.7;599.38;644.89;636;691.38;745.1;839.5
2026;51152;TERAPIA OCUPACIONAL - SANTIAGO;UNIVERSIDAD CENTRAL;SALUD;85;105;1;529;60.44;463;476.4;504;553.87;543.5;592.5;628.8;734.5
2026;51153;NUTRICIÓN Y DIETÉTICA - SANTIAGO;UNIVERSIDAD CENTRAL;SALUD;45;58;1;477.5;65.06;467.5;486.6;510.38;558;545.25;590.25;646.9;799
2026;51154;KINESIOLOGÍA - SANTIAGO;UNIVERSIDAD CENTRAL;SALUD;70;80;1;574.5;81.41;479;512.5;557.75;613.03;585;673.38;739.8;806.5
2026;51156;MEDICINA - SANTIAGO;UNIVERSIDAD CENTRAL;SALUD;50;50;1;891.5;22.2;854;870;884.75;898.02;895.75;912;926.05;957
2026;51160;INGENIERÍA COMERCIAL - SANTIAGO;UNIVERSIDAD CENTRAL;ADMINISTRACIÓN Y COMERCIO;75;100;1;555;67.93;462;513.5;546.5;600.08;597.5;639.62;700.7;775.5
2026;51161;CONTADOR AUDITOR - SANTIAGO;UNIVERSIDAD CENTRAL;ADMINISTRACIÓN Y COMERCIO;50;65;1;580;71.43;429;540.8;563.5;616.22;604;650.5;721.7;789
2026;51163;INGENIERÍA EN ADMINISTRACIÓN DE EMPRESAS - SANTIAGO;UNIVERSIDAD CENTRAL;ADMINISTRACIÓN Y COMERCIO;40;70;1;600.5;67.2;460;509.3;545;594.58;592.75;641.12;686;736
2026;51165;INGENIERÍA EN INFORMACIÓN Y CONTROL DE GESTIÓN - SANTIAGO;UNIVERSIDAD CENTRAL;ADMINISTRACIÓN Y COMERCIO;25;40;1;525.5;68.21;475;527.75;567;618.1;615.75;657.75;695.3;821.5
2026;51170;GEOLOGÍA - SANTIAGO;UNIVERSIDAD CENTRAL;CIENCIAS BÁSICAS;55;70;1;528;82.63;476.5;509.2;528.38;599.88;587.25;663.38;707.25;797
2026;51171;INGENIERÍA CIVIL EN OBRAS CIVILES - SANTIAGO;UNIVERSIDAD CENTRAL;TECNOLOGÍA;30;50;1;603;79.96;458.5;502.1;529;593.03;581.75;646.62;713.7;783
2026;51172;INGENIERÍA EN CONSTRUCCIÓN - SANTIAGO;UNIVERSIDAD CENTRAL;TECNOLOGÍA;30;42;1;474;85.37;473;497;513.88;584.43;578.75;633.75;670;861.5
2026;51173;INGENIERÍA CIVIL EN COMPUTACIÓN E INFORMÁTICA - SANTIAGO;UNIVERSIDAD CENTRAL;TECNOLOGÍA;90;110;1;612;82.51;450.5;546.45;599.62;649.26;651.25;694.5;748.15;948
2026;51174;INGENIERÍA CIVIL INDUSTRIAL - SANTIAGO;UNIVERSIDAD CENTRAL;TECNOLOGÍA;60;90;1;600.5;74.14;463;562.5;600.75;649.64;645;692.75;741.95;834
2026;51175;INGENIERÍA CIVIL EN MINAS - SANTIAGO;UNIVERSIDAD CENTRAL;TECNOLOGÍA;70;90;1;672;80.45;467.5;557.65;585.12;648.13;642.5;707.75;754.3;832.5
2026;51180;EDUCACIÓN PARVULARIA - SANTIAGO;UNIVERSIDAD CENTRAL;EDUCACIÓN;35;24;0;553;52.98;425.5;521.85;559.5;572.77;574.75;598.25;632.6;656.5
2026;51181;PEDAGOGÍA EN EDUCACIÓN GENERAL BÁSICA - SANTIAGO;UNIVERSIDAD CENTRAL;EDUCACIÓN;20;8;0;556.5;52.79;547.5;553.45;556.38;600.25;578;653.88;666.25;671.5
2026;51182;PEDAGOGÍA EN EDUCACIÓN DIFERENCIAL - SANTIAGO;UNIVERSIDAD CENTRAL;EDUCACIÓN;45;19;0;563.5;60.99;505.5;552.6;560.5;597.21;575;619.25;686.1;761
2026;51184;PEDAGOGÍA EN EDUCACIÓN FÍSICA - SANTIAGO;UNIVERSIDAD CENTRAL;EDUCACIÓN;60;45;0;567.5;48.38;515.5;553.2;563.5;600.8;588.5;636;665.4;735
2026;51185;PEDAGOGÍA EN MATEMÁTICA Y ESTADÍSTICA - SANTIAGO;UNIVERSIDAD CENTRAL;EDUCACIÓN;15;10;0;686.5;81.04;552;575.4;631.62;686.5;695.5;752.88;757.5;789
2026;51186;PEDAGOGÍA EN LENGUAJE Y COMUNICACIÓN - SANTIAGO;UNIVERSIDAD CENTRAL;EDUCACIÓN;20;11;0;582;80.51;412.5;546;571;592.27;582;636;678.5;721
2026;51200;ADMINISTRACIÓN PÚBLICA - LA SERENA;UNIVERSIDAD CENTRAL;CIENCIAS SOCIALES;30;46;1;513;74.69;461.5;502;522.75;577.42;567.75;606;669.75;793.5
2026;51210;ARQUITECTURA - LA SERENA;UNIVERSIDAD CENTRAL;ARTE Y ARQUITECTURA;60;70;1;647;74.35;485.5;526.95;580.5;624.99;614.5;667.25;712.55;932
2026;51230;DERECHO - LA SERENA;UNIVERSIDAD CENTRAL;DERECHO;120;135;1;642.5;66.73;468.5;527.5;554.75;602.23;597;637.25;688.8;894.5
2026;51240;PSICOLOGÍA - LA SERENA;UNIVERSIDAD CENTRAL;CIENCIAS SOCIALES;170;180;1;632.5;68.76;473;539.35;572.38;622.04;620.5;667.12;716.5;826.5
2026;51241;SOCIOLOGÍA - LA SERENA;UNIVERSIDAD CENTRAL;CIENCIAS SOCIALES;25;31;1;496.5;78.29;460;475.5;496.5;565.16;547;603.75;656;754.5
2026;51242;TRABAJO SOCIAL - LA SERENA;UNIVERSIDAD CENTRAL;CIENCIAS SOCIALES;35;45;1;501.5;42.92;463;496.7;525.5;552;549;578;602.1;686.5
2026;51250;ENFERMERÍA - LA SERENA;UNIVERSIDAD CENTRAL;SALUD;45;50;1;632;54.6;568;600.2;621.38;668.25;672.75;695.38;735.1;806
2026;51252;TERAPIA OCUPACIONAL - LA SERENA;UNIVERSIDAD CENTRAL;SALUD;55;60;1;626.5;67.85;443.5;523.9;578.75;611.57;612;654;708.4;752
2026;51253;NUTRICIÓN Y DIETÉTICA - LA SERENA;UNIVERSIDAD CENTRAL;SALUD;60;65;1;572.5;74.46;470.5;501.8;521.5;579.53;570.5;614;666.2;833.5
2026;51254;KINESIOLOGÍA - LA SERENA;UNIVERSIDAD CENTRAL;SALUD;60;65;1;714;68.16;449;529.4;546.5;595.62;593.5;638.5;684.1;775.5
2026;51255;OBSTETRICIA Y PUERICULTURA - LA SERENA;UNIVERSIDAD CENTRAL;SALUD;45;50;1;571.5;75.58;534.5;592.5;618.88;680;675.25;731;782.15;860.5
2026;51260;INGENIERÍA COMERCIAL - LA SERENA;UNIVERSIDAD CENTRAL;ADMINISTRACIÓN Y COMERCIO;50;60;1;645.5;74.65;488.5;524.6;564.5;612;598.75;644.75;713.15;860
2026;51270;GEOLOGÍA - LA SERENA;UNIVERSIDAD CENTRAL;CIENCIAS BÁSICAS;40;50;1;550.5;74.27;496.5;536.95;581.62;635.91;648.25;692.5;726.9;773.5
2026;51273;INGENIERÍA CIVIL EN COMPUTACIÓN E INFORMÁTICA - LA SERENA;UNIVERSIDAD CENTRAL;TECNOLOGÍA;50;60;1;728;74.27;471.5;522.45;559.38;612.22;604.75;647.12;724.4;787.5
2026;51274;INGENIERÍA CIVIL INDUSTRIAL - LA SERENA;UNIVERSIDAD CENTRAL;TECNOLOGÍA;55;65;1;772.5;77.9;477.5;562;599.5;651.02;633;707;758.5;834.5
2026;51275;INGENIERÍA CIVIL EN MINAS - LA SERENA;UNIVERSIDAD CENTRAL;TECNOLOGÍA;55;65;1;546;77.15;470;527.1;578;629.58;632.5;688;735;808
2026;51276;LICENCIATURA EN ASTRONOMÍA - LA SERENA;UNIVERSIDAD CENTRAL;CIENCIAS BÁSICAS;25;20;0;554.5;93.33;494.5;507.25;544.75;621.18;600.75;700.38;747.1;787
2026;51282;PEDAGOGÍA EN EDUCACIÓN DIFERENCIAL - LA SERENA;UNIVERSIDAD CENTRAL;EDUCACIÓN;40;41;1;365;65.67;365;543.5;557;578.04;571.5;597;666;749.5
2026;51284;PEDAGOGÍA EN EDUCACIÓN FÍSICA - LA SERENA;UNIVERSIDAD CENTRAL;EDUCACIÓN;40;39;0;621.5;61.25;505;546;554.75;604.27;596;626.25;679.7;794.5
2026;52010;ANTROPOLOGÍA;UNIVERSIDAD ACADEMIA DE HUMANISMO CRISTIANO;CIENCIAS SOCIALES;15;9;0;620.5;74.03;493.5;564.3;601.5;627.22;620.5;638;727.1;743.5
2026;52020;DANZA;UNIVERSIDAD ACADEMIA DE HUMANISMO CRISTIANO;ARTE Y ARQUITECTURA;40;0;0;;;;;;;;;;
2026;52070;PSICOLOGÍA;UNIVERSIDAD ACADEMIA DE HUMANISMO CRISTIANO;CIENCIAS SOCIALES;140;160;1;475.5;75.81;452.5;485.95;505.38;570.45;564;615.5;678.05;806
2026;52090;TRABAJO SOCIAL;UNIVERSIDAD ACADEMIA DE HUMANISMO CRISTIANO;CIENCIAS SOCIALES;20;19;0;502;47.44;466;497;509.5;540.24;525;561.5;601.7;658
2026;52100;DERECHO;UNIVERSIDAD ACADEMIA DE HUMANISMO CRISTIANO;DERECHO;60;35;0;501;79.92;461.5;473.8;496;557.24;539;594.75;682.3;773
2026;52150;CIENCIA POLÍTICA Y RELACIONES INTERNACIONALES;UNIVERSIDAD ACADEMIA DE HUMANISMO CRISTIANO;CIENCIAS SOCIALES;15;25;1;524;54.78;489.5;513.2;568;598.16;614;632.5;657.8;688
2026;52175;PRODUCCIÓN MUSICAL;UNIVERSIDAD ACADEMIA DE HUMANISMO CRISTIANO;ARTE Y ARQUITECTURA;40;50;1;531.5;96.6;494;513.95;569.62;637.97;637.5;692.38;776.1;865.5
2026;52176;TEATRO;UNIVERSIDAD ACADEMIA DE HUMANISMO CRISTIANO;ARTE Y ARQUITECTURA;20;30;1;501;68.27;468;518;534.75;578.2;555;600.5;661.2;749
2026;52258;CINE Y ARTES AUDIOVISUALES;UNIVERSIDAD ACADEMIA DE HUMANISMO CRISTIANO;ARTE Y ARQUITECTURA;20;30;1;509.5;71.68;468.5;482.55;511;567.42;556;606.12;659.4;724
2026;52443;COMPOSICIÓN MUSICAL;UNIVERSIDAD ACADEMIA DE HUMANISMO CRISTIANO;ARTE Y ARQUITECTURA;20;25;1;474.5;105.92;458;478.8;516.5;596.34;585;671;726.4;891.5
2026;52445;INTERPRETACIÓN MUSICAL;UNIVERSIDAD ACADEMIA DE HUMANISMO CRISTIANO;ARTE Y ARQUITECTURA;20;20;1;585.5;91.75;531.5;581.95;599;685.25;700.5;762.62;782.6;878.5
2026;52495;TERAPIA OCUPACIONAL;UNIVERSIDAD ACADEMIA DE HUMANISMO CRISTIANO;SALUD;20;18;0;481.5;47.38;465;477.85;493.88;525.42;511.75;543.5;588.8;638
2026;52497;ARTES Y OFICIOS;UNIVERSIDAD ACADEMIA DE HUMANISMO CRISTIANO;ARTE Y ARQUITECTURA;20;20;1;531.5;89.73;475;489.45;528;577.68;549.25;613.25;667.85;860
2026;52498;ARQUITECTURA;UNIVERSIDAD ACADEMIA DE HUMANISMO CRISTIANO;ARTE Y ARQUITECTURA;20;2;0;706;130.81;521;539.5;567.25;613.5;613.5;659.75;687.5;706
2026;52504;ENFERMERÍA;UNIVERSIDAD ACADEMIA DE HUMANISMO CRISTIANO;SALUD;60;51;0;463.5;62.36;460.5;466;483.5;532.05;526.5;565.75;589;766
2026;52505;KINESIOLOGÍA;UNIVERSIDAD ACADEMIA DE HUMANISMO CRISTIANO;SALUD;40;28;0;541.5;48.72;466.5;474.7;496;535.55;534.5;566.38;600.1;633
2026;52507;OBSTETRICIA;UNIVERSIDAD ACADEMIA DE HUMANISMO CRISTIANO;SALUD;40;40;1;614.5;67.13;493;543.1;560.38;607.49;591.75;648;692.5;842
2026;52588;TECNOLOGÍA MÉDICA;UNIVERSIDAD ACADEMIA DE HUMANISMO CRISTIANO;SALUD;40;50;1;624;72.82;442;489.3;520.75;568.4;551.25;602.25;658.6;842.5
2026;52594;INGENIERIA CIVIL INDUSTRIAL;UNIVERSIDAD ACADEMIA DE HUMANISMO CRISTIANO;TECNOLOGÍA;20;13;0;556;61.85;467.5;475.2;505;553.92;542.5;607;631.7;640.5
2026;52595;MEDICINA VETERINARIA;UNIVERSIDAD ACADEMIA DE HUMANISMO CRISTIANO;AGROPECUARIA;49;59;1;621.5;53.39;460;492.3;512.5;554.66;553.5;592.25;615.9;733
2026;52596;QUIMICA Y FARMACIA;UNIVERSIDAD ACADEMIA DE HUMANISMO CRISTIANO;SALUD;50;70;1;504;65.16;474.5;547.35;571.75;620.39;619.75;665.25;713.65;787
2026;52600;INGENIERIA EN INFORMATICA Y CIENCIA DE DATOS;UNIVERSIDAD ACADEMIA DE HUMANISMO CRISTIANO;TECNOLOGÍA;15;17;1;508;64.56;481.5;490.5;510;556.56;542.5;593;656.7;686.5
2026;53101;INGENIERÍA COMERCIAL;UNIVERSIDAD BERNARDO O'HIGGINS;ADMINISTRACIÓN Y COMERCIO;40;55;1;661.5;75.39;475.5;520.7;542.25;599.36;582;652.25;704.8;799
2026;53102;INGENIERÍA CIVIL INDUSTRIAL;UNIVERSIDAD BERNARDO O'HIGGINS;TECNOLOGÍA;40;55;1;678;78.29;483;542.5;592.25;642.46;621.5;692;745.6;860.5
2026;53103;INGENIERÍA CIVIL EN MEDIO AMBIENTE Y SUSTENTABILIDAD;UNIVERSIDAD BERNARDO O'HIGGINS;TECNOLOGÍA;25;15;0;684.5;75.16;512;532.7;554.75;606.7;589;654.75;713;754.5
2026;53106;INGENIERÍA EN INFORMÁTICA;UNIVERSIDAD BERNARDO O'HIGGINS;TECNOLOGÍA;90;120;1;554.5;95.87;463;499.7;547;620.99;621.25;687.38;744.55;889
2026;53107;QUÍMICA Y FARMACIA;UNIVERSIDAD BERNARDO O'HIGGINS;SALUD;90;120;1;639.5;58.98;541;621.5;663.62;702.38;702;737.25;777.8;880
2026;53109;CONTADOR AUDITOR;UNIVERSIDAD BERNARDO O'HIGGINS;ADMINISTRACIÓN Y COMERCIO;40;60;1;593;85.79;430.5;480.55;508.38;573.72;557.75;613.25;647.7;820
2026;53110;INGENIERÍA EN REALIDAD VIRTUAL Y DISEÑO DE JUEGOS DIGITALES;UNIVERSIDAD BERNARDO O'HIGGINS;TECNOLOGÍA;55;37;0;539.5;90.99;463.5;505.4;546.5;605.42;585;647;729.7;854
2026;53111;INGENIERÍA EN MECATRÓNICA;UNIVERSIDAD BERNARDO O'HIGGINS;TECNOLOGÍA;80;100;1;554;87.58;460;513.3;575.88;630.4;619.25;686.5;745.15;911
2026;53201;PEDAGOGÍA EN EDUCACIÓN DIFERENCIAL CON MENCIÓN;UNIVERSIDAD BERNARDO O'HIGGINS;EDUCACIÓN;20;17;0;549;82.21;438;516.1;549;581.41;581.5;589;659.3;803
2026;53202;PEDAGOGÍA EN EDUCACIÓN FÍSICA, DEPORTE Y RECREACIÓN PARA ENSEÑANZA BÁSICA Y MEDIA;UNIVERSIDAD BERNARDO O'HIGGINS;EDUCACIÓN;20;24;1;547.5;59.11;435;558.4;577.25;600.27;596.25;614.25;670.75;756.5
2026;53206;PEDAGOGÍA EN EDUCACIÓN PARVULARIA;UNIVERSIDAD BERNARDO O'HIGGINS;EDUCACIÓN;20;12;0;546.5;76;443.5;491.2;544.75;583.38;586.5;632;684.35;695.5
2026;53207;ENTRENADOR EN ACTIVIDAD FÍSICA Y DEPORTE/LICENCIATURA EN CIENCIAS DE LA ACTIVIDAD FÍSICA Y DEPORTE;UNIVERSIDAD BERNARDO O'HIGGINS;EDUCACIÓN;70;78;1;463;61.42;463;484.55;502.38;549.26;539;576.88;619.95;767
2026;53301;ENFERMERÍA;UNIVERSIDAD BERNARDO O'HIGGINS;SALUD;90;110;1;600;64.89;471.5;520.95;560;602.11;595.25;643.25;672.15;808.5
2026;53302;FONOAUDIOLOGÍA;UNIVERSIDAD BERNARDO O'HIGGINS;SALUD;30;45;1;511.5;55.72;468.5;494.4;506.5;548.59;532;580;625.4;691
2026;53303;KINESIOLOGÍA;UNIVERSIDAD BERNARDO O'HIGGINS;SALUD;80;105;1;625;62.59;461.5;504.9;537.5;583.95;585;630.5;660.7;761.5
2026;53304;NUTRICIÓN Y DIETÉTICA;UNIVERSIDAD BERNARDO O'HIGGINS;SALUD;40;41;1;468;58.65;463.5;476;501;543.12;531;573.5;636;710
2026;53305;OBSTETRICIA Y PUERICULTURA;UNIVERSIDAD BERNARDO O'HIGGINS;SALUD;40;60;1;588.5;48.25;533;580;596.75;634.55;638.5;654.5;686.35;791
2026;53306;TECNOLOGÍA MÉDICA;UNIVERSIDAD BERNARDO O'HIGGINS;SALUD;80;110;1;639.5;69.8;463;567;592;645.85;639;698.25;745.1;791
2026;53307;TERAPIA OCUPACIONAL;UNIVERSIDAD BERNARDO O'HIGGINS;SALUD;60;85;1;475.5;61.62;404;481.3;499.5;546.04;534;585.5;621.1;746
2026;53309;MEDICINA VETERINARIA;UNIVERSIDAD BERNARDO O'HIGGINS;AGROPECUARIA;100;133;1;493;72.87;428.5;531;567.5;610.03;592.5;656;715.1;854.5
2026;53310;MEDICINA;UNIVERSIDAD BERNARDO O'HIGGINS;SALUD;60;85;1;891;22.29;828.5;851;870.5;883.69;885.5;899.5;908;935
2026;53401;DERECHO;UNIVERSIDAD BERNARDO O'HIGGINS;DERECHO;70;95;1;625.5;71.13;463;493.4;532;588.63;586;638.5;683.1;764
2026;53402;PERIODISMO;UNIVERSIDAD BERNARDO O'HIGGINS;CIENCIAS SOCIALES;25;27;1;478.5;65.9;473.5;477.3;489.75;553.26;546.5;591.5;639.1;736.5
2026;53403;PSICOLOGÍA;UNIVERSIDAD BERNARDO O'HIGGINS;CIENCIAS SOCIALES;90;110;1;575;63.79;478;534.9;568.38;611.63;610.25;659;696.4;767.5
2026;53406;TRABAJO SOCIAL;UNIVERSIDAD BERNARDO O'HIGGINS;CIENCIAS SOCIALES;30;21;0;491;58.28;458;491;519.5;553.52;541.5;586;642.5;670.5
2026;54101;INGENIERÍA COMERCIAL;UNIVERSIDAD GABRIELA MISTRAL;ADMINISTRACIÓN Y COMERCIO;40;15;0;500;76.92;464.5;478.5;498.25;569.5;577;609.25;666.6;716.5
2026;54120;INGENIERÍA CIVIL INDUSTRIAL;UNIVERSIDAD GABRIELA MISTRAL;TECNOLOGÍA;35;13;0;489;67.55;481.5;490.5;499;559.88;546.5;599.5;610.5;720.5
2026;54121;INGENIERÍA CIVIL INFORMÁTICA;UNIVERSIDAD GABRIELA MISTRAL;TECNOLOGÍA;60;14;0;540.5;121.59;487.5;519.75;542;633.54;593.25;713.25;810.2;861.5
2026;54201;ARQUITECTURA;UNIVERSIDAD GABRIELA MISTRAL;ARTE Y ARQUITECTURA;80;10;0;552.5;84.74;481.5;481.5;531.5;575.8;562;595.75;655.3;770.5
2026;54202;DISEÑO EN ANIMACIÓN DIGITAL;UNIVERSIDAD GABRIELA MISTRAL;ARTE Y ARQUITECTURA;60;22;0;466;80.73;459.5;500.8;528.62;581.89;581.25;613.25;629.2;815
2026;54203;DISEÑO EN INTERACCIÓN DIGITAL;UNIVERSIDAD GABRIELA MISTRAL;ARTE Y ARQUITECTURA;20;4;0;497;78.27;476;482.3;491.75;531.62;501.5;541.38;605.05;647.5
2026;54204;DISEÑO DE VIDEOJUEGOS;UNIVERSIDAD GABRIELA MISTRAL;ARTE Y ARQUITECTURA;30;17;0;593.5;72.95;463;500.2;549;592.62;608;633;659.7;739
2026;54206;DISEÑO EN MARKETING DIGITAL;UNIVERSIDAD GABRIELA MISTRAL;ARTE Y ARQUITECTURA;20;25;1;614;58.78;466;496.9;518.5;563.64;556;614;640.6;671.5
2026;54301;PSICOLOGÍA;UNIVERSIDAD GABRIELA MISTRAL;CIENCIAS SOCIALES;200;61;0;592.5;77.67;424.5;493;521;578.23;558;641.5;700.5;746.5
2026;54303;DERECHO;UNIVERSIDAD GABRIELA MISTRAL;DERECHO;90;20;0;592.5;58.59;460.5;479.25;531.62;567.18;577.25;598.75;625.45;685
2026;55001;AGRONOMÍA;UNIVERSIDAD SANTO TOMAS;AGROPECUARIA;45;59;1;473;79.33;463;477.8;491.25;564.69;549;598.75;687.3;800
2026;55004;CIENCIAS DEL DEPORTE Y ACTIVIDAD FÍSICA;UNIVERSIDAD SANTO TOMAS;EDUCACIÓN;45;57;1;632;80.09;567;597.6;618.5;676.36;643.5;728;802.5;897
2026;55005;DERECHO;UNIVERSIDAD SANTO TOMAS;DERECHO;35;46;1;513.5;74.6;460.5;491;509.88;566.08;553.5;601.5;645.75;809
2026;55006;DERECHO;UNIVERSIDAD SANTO TOMAS;DERECHO;45;50;1;461;77.27;459.5;485.55;513.12;564.01;544.75;604.75;650.55;807.5
2026;55007;DERECHO;UNIVERSIDAD SANTO TOMAS;DERECHO;45;53;1;557.5;59.86;483.5;554.7;593;621.94;610.5;660.5;684;780
2026;55008;DERECHO;UNIVERSIDAD SANTO TOMAS;DERECHO;45;51;1;564.5;64.38;488;542.5;567;610.2;601;644.25;700;784
2026;55009;DERECHO;UNIVERSIDAD SANTO TOMAS;DERECHO;90;106;1;464.5;61.37;464.5;499.75;528.38;568.99;561.75;602;638;800.5
2026;55010;DERECHO;UNIVERSIDAD SANTO TOMAS;DERECHO;90;113;1;468;55.34;459.5;472.8;496;535.94;524;561.5;619.9;703.5
2026;55011;DERECHO;UNIVERSIDAD SANTO TOMAS;DERECHO;65;68;1;469;68.26;460.5;490.4;518.75;568.45;555.25;604.62;656.7;799
2026;55012;ENFERMERÍA;UNIVERSIDAD SANTO TOMAS;SALUD;45;51;1;603.5;52.62;553;592;617.5;644.53;633;656;721;785.5
2026;55013;ENFERMERÍA;UNIVERSIDAD SANTO TOMAS;SALUD;45;49;1;516.5;55.68;516.5;541.1;554;590.57;578;617.5;642.6;808
2026;55014;ENFERMERÍA;UNIVERSIDAD SANTO TOMAS;SALUD;45;55;1;587;46.78;525;586.4;601.75;634.55;634.5;663;688.6;775
2026;55015;ENFERMERÍA;UNIVERSIDAD SANTO TOMAS;SALUD;70;70;1;542.5;53.25;519.5;548.75;568.5;609.29;603.75;626;671.4;822
2026;55016;ENFERMERÍA;UNIVERSIDAD SANTO TOMAS;SALUD;65;75;1;610;45.32;610;618.7;636.5;676.1;672.5;711;741.8;780.5
2026;55017;ENFERMERÍA;UNIVERSIDAD SANTO TOMAS;SALUD;60;67;1;547;44;534.5;573.9;585.25;615.79;607.5;641;670.7;775.5
2026;55019;ENFERMERÍA;UNIVERSIDAD SANTO TOMAS;SALUD;45;46;1;546.5;77.31;501.5;532.75;554.62;610.22;590.25;640.88;739.5;810.5
2026;55020;ENFERMERÍA;UNIVERSIDAD SANTO TOMAS;SALUD;120;128;1;525.5;48.41;525.5;565.2;589.5;624.45;621.5;649.12;693.5;768
2026;55021;ENFERMERÍA;UNIVERSIDAD SANTO TOMAS;SALUD;80;86;1;571;37.82;558;574.5;596;621.85;615.25;646.62;678.75;712.5
2026;55022;ENFERMERÍA;UNIVERSIDAD SANTO TOMAS;SALUD;45;46;1;602;34.48;599;614;635.12;658.96;653.5;685;702;738
2026;55023;ENFERMERÍA;UNIVERSIDAD SANTO TOMAS;SALUD;45;48;1;517.5;58.7;509.5;524.1;539.38;584.76;575.5;608.12;674.2;789.5
2026;55024;ENFERMERÍA;UNIVERSIDAD SANTO TOMAS;SALUD;90;101;1;556.5;50.99;500;551.5;572;607.48;600;639.5;681;746
2026;55026;FONOAUDIOLOGÍA;UNIVERSIDAD SANTO TOMAS;SALUD;32;38;1;519.5;32.23;466.5;521.6;539.5;554.96;551.25;578;591.15;625.5
2026;55027;INGENIERÍA COMERCIAL;UNIVERSIDAD SANTO TOMAS;ADMINISTRACIÓN Y COMERCIO;35;45;1;470.5;52.58;470.5;524.4;537.5;577.98;571;607;634.5;721.5
2026;55028;INGENIERÍA COMERCIAL;UNIVERSIDAD SANTO TOMAS;ADMINISTRACIÓN Y COMERCIO;45;55;1;485;69.44;468;490.9;518.5;570.44;566.5;597;658.4;805.5
2026;55029;INGENIERÍA COMERCIAL;UNIVERSIDAD SANTO TOMAS;ADMINISTRACIÓN Y COMERCIO;80;105;1;505.5;52.26;487;513.5;538;574.7;568;600.5;652.5;765
2026;55030;KINESIOLOGÍA;UNIVERSIDAD SANTO TOMAS;SALUD;45;56;1;557;56.67;546;572.5;585.88;627.87;619.25;655;697.25;826.5
2026;55031;KINESIOLOGÍA;UNIVERSIDAD SANTO TOMAS;SALUD;35;43;1;511.5;56.1;504;527;549;587.65;571.5;612;664.1;737.5
2026;55032;KINESIOLOGÍA;UNIVERSIDAD SANTO TOMAS;SALUD;45;54;1;632.5;41.63;534.5;562.75;589.12;618.81;621.75;641.38;668.6;731.5
2026;55033;KINESIOLOGÍA;UNIVERSIDAD SANTO TOMAS;SALUD;48;56;1;485.5;76.95;475;497;524.75;574.14;557;600;673.75;831
2026;55034;KINESIOLOGÍA;UNIVERSIDAD SANTO TOMAS;SALUD;60;70;1;603;39.27;568;593.45;610.5;641.14;635;666;693.15;744.5
2026;55035;KINESIOLOGÍA;UNIVERSIDAD SANTO TOMAS;SALUD;45;47;1;569;40.99;569;602.1;626;650.57;647;675.75;706.2;771.5
2026;55036;KINESIOLOGÍA;UNIVERSIDAD SANTO TOMAS;SALUD;45;53;1;632;45.08;588;602.4;620.5;653.41;641.5;672.5;714.1;787.5
2026;55037;KINESIOLOGÍA;UNIVERSIDAD SANTO TOMAS;SALUD;45;50;1;645.5;42.22;574.5;598.8;619.88;650.31;646.25;676;704.65;761.5
2026;55038;KINESIOLOGÍA;UNIVERSIDAD SANTO TOMAS;SALUD;45;51;1;561.5;40.16;536.5;560;584.25;609.13;607.5;631.25;664;697.5
2026;55039;MEDICINA VETERINARIA;UNIVERSIDAD SANTO TOMAS;AGROPECUARIA;45;57;1;585.5;60.11;567.5;587.5;607.5;653.99;645.5;686.5;740.4;860.5
2026;55040;MEDICINA VETERINARIA;UNIVERSIDAD SANTO TOMAS;AGROPECUARIA;45;50;1;621;69.05;553.5;587.9;603.38;652.49;642;677;746.25;939
2026;55041;MEDICINA VETERINARIA;UNIVERSIDAD SANTO TOMAS;AGROPECUARIA;130;148;1;632.5;54.06;553;602.95;635.62;668.31;661.5;694.5;744.5;832.5
2026;55042;MEDICINA VETERINARIA;UNIVERSIDAD SANTO TOMAS;AGROPECUARIA;85;97;1;593;65.33;582;624.6;645.5;688.91;674.5;716.5;777.7;958
2026;55043;MEDICINA VETERINARIA;UNIVERSIDAD SANTO TOMAS;AGROPECUARIA;45;52;1;620.5;41.89;592;614.35;630.88;660.31;656.25;688.12;713.5;770.5
2026;55044;MEDICINA VETERINARIA;UNIVERSIDAD SANTO TOMAS;AGROPECUARIA;90;97;1;567;62.93;524.5;579.4;601;645.72;636;681;732.6;859
2026;55045;NUTRICIÓN Y DIETÉTICA;UNIVERSIDAD SANTO TOMAS;SALUD;35;49;1;485;41.46;478.5;493;519.5;544.4;542;564.5;595.9;689
2026;55046;NUTRICIÓN Y DIETÉTICA;UNIVERSIDAD SANTO TOMAS;SALUD;40;55;1;601;43.58;513.5;546.4;569.5;599.18;599;616.75;644.5;746.5
2026;55047;NUTRICIÓN Y DIETÉTICA;UNIVERSIDAD SANTO TOMAS;SALUD;45;57;1;621.5;44.03;509;544.9;564.5;591.89;592.5;610.5;636.7;774
2026;55048;NUTRICIÓN Y DIETÉTICA;UNIVERSIDAD SANTO TOMAS;SALUD;40;47;1;526.5;50.37;475.5;496.3;518;556.18;546;593.75;628.5;665
2026;55049;NUTRICIÓN Y DIETÉTICA;UNIVERSIDAD SANTO TOMAS;SALUD;45;67;1;571.5;40.51;521.5;538;553;582.8;578;596.5;640.9;698.5
2026;55050;NUTRICIÓN Y DIETÉTICA;UNIVERSIDAD SANTO TOMAS;SALUD;35;42;1;505.5;58.89;471;485.55;497.62;540.73;521.75;570.88;615.75;722.5
2026;55051;PEDAGOGÍA EN EDUCACIÓN FÍSICA;UNIVERSIDAD SANTO TOMAS;EDUCACIÓN;20;30;1;596;61.8;496;547.35;567.25;615.6;606.5;650.38;680.2;808.5
2026;55052;PEDAGOGÍA EN EDUCACIÓN FÍSICA;UNIVERSIDAD SANTO TOMAS;EDUCACIÓN;20;30;1;554;57.81;528;545.75;553.25;597.52;579.25;624.25;673.3;747
2026;55054;PSICOLOGÍA;UNIVERSIDAD SANTO TOMAS;CIENCIAS SOCIALES;90;110;1;509.5;56.71;488.5;535.4;564.5;602.91;592.75;643.75;690.55;757
2026;55055;PSICOLOGÍA;UNIVERSIDAD SANTO TOMAS;CIENCIAS SOCIALES;40;45;1;518;61.13;518;545.7;561.5;603.77;586;626.5;700.1;787
2026;55056;PSICOLOGÍA;UNIVERSIDAD SANTO TOMAS;CIENCIAS SOCIALES;90;107;1;534.5;61;494;542.1;576.25;613.37;607.5;639.25;696.4;781
2026;55057;PSICOLOGÍA;UNIVERSIDAD SANTO TOMAS;CIENCIAS SOCIALES;90;109;1;475;60.21;466;495.9;518.5;563.65;553.5;595.5;650.3;760
2026;55058;PSICOLOGÍA;UNIVERSIDAD SANTO TOMAS;CIENCIAS SOCIALES;90;109;1;564.5;46.65;559;595.7;620;648.56;642.5;678;704.7;794.5
2026;55059;PSICOLOGÍA;UNIVERSIDAD SANTO TOMAS;CIENCIAS SOCIALES;80;88;1;542;53.42;542;578.7;616.5;650.49;647.75;678.12;724.25;800.5
2026;55061;PSICOLOGÍA;UNIVERSIDAD SANTO TOMAS;CIENCIAS SOCIALES;45;51;1;533;52.52;489;522.5;548.5;585.47;574.5;625;645.5;715
2026;55062;PSICOLOGÍA;UNIVERSIDAD SANTO TOMAS;CIENCIAS SOCIALES;135;171;1;576.5;57.06;500.5;559.5;588;622.9;614.5;648.5;693;839.5
2026;55063;PSICOLOGÍA;UNIVERSIDAD SANTO TOMAS;CIENCIAS SOCIALES;90;121;1;554.5;58.88;506.5;536.5;563.5;603.36;595.5;626;667;853
2026;55064;PSICOLOGÍA;UNIVERSIDAD SANTO TOMAS;CIENCIAS SOCIALES;45;54;1;539;47.61;514.5;565.7;580;609.31;600.75;628.25;658.15;764.5
2026;55065;PSICOLOGÍA;UNIVERSIDAD SANTO TOMAS;CIENCIAS SOCIALES;90;104;1;582;55.62;526.5;576.45;591.38;632.78;621.5;667;708.95;789.5
2026;55066;TECNOLOGÍA MÉDICA;UNIVERSIDAD SANTO TOMAS;SALUD;35;38;1;582;70.58;545;571.3;587.12;644.76;632.5;675;748.4;801.5
2026;55067;TECNOLOGÍA MÉDICA;UNIVERSIDAD SANTO TOMAS;SALUD;35;42;1;686.5;50.28;625.5;655.35;682;720.04;718.25;754.25;781.5;835
2026;55069;TECNOLOGÍA MÉDICA;UNIVERSIDAD SANTO TOMAS;SALUD;40;43;1;570.5;87.81;518;557.5;569.25;641.03;618.5;679.75;804.9;860.5
2026;55070;TECNOLOGÍA MÉDICA;UNIVERSIDAD SANTO TOMAS;SALUD;90;108;1;670;55.96;551;599.2;630.12;663.88;651.75;696.25;739.3;818
2026;55071;TECNOLOGÍA MÉDICA;UNIVERSIDAD SANTO TOMAS;SALUD;40;52;1;601;49.1;560;603.8;628.25;659.31;663.75;684.88;719.95;812
2026;55072;TECNOLOGÍA MÉDICA;UNIVERSIDAD SANTO TOMAS;SALUD;35;43;1;545.5;51.69;545.5;587.2;600;637.74;634;657.75;706.5;752.5
2026;55074;TERAPIA OCUPACIONAL;UNIVERSIDAD SANTO TOMAS;SALUD;45;51;1;492.5;42.74;475.5;531.5;546.25;572.31;567.5;602.25;618;690.5
2026;55075;TERAPIA OCUPACIONAL;UNIVERSIDAD SANTO TOMAS;SALUD;40;44;1;531;63.58;459.5;506.95;526.25;565.03;551.25;596.88;630.95;816
2026;55076;TERAPIA OCUPACIONAL;UNIVERSIDAD SANTO TOMAS;SALUD;40;45;1;600.5;48.6;539;586.9;610.5;642.23;638.5;665;700.3;767.5
2026;55077;TERAPIA OCUPACIONAL;UNIVERSIDAD SANTO TOMAS;SALUD;40;42;1;577;56.42;535.5;573.3;587.88;619.71;610.5;625.38;696.35;815.5
2026;55079;TERAPIA OCUPACIONAL;UNIVERSIDAD SANTO TOMAS;SALUD;35;37;1;546;49.33;481;492.8;525;558.07;554.5;575;624.7;673
2026;55080;TERAPIA OCUPACIONAL;UNIVERSIDAD SANTO TOMAS;SALUD;45;51;1;536;47.11;491.5;547;579.25;607.79;604;630.25;661;741
2026;55081;TERAPIA OCUPACIONAL;UNIVERSIDAD SANTO TOMAS;SALUD;35;43;1;503;41.27;496.5;520.9;538.5;560.13;552.5;573.25;612.3;680.5
2026;55082;TERAPIA OCUPACIONAL;UNIVERSIDAD SANTO TOMAS;SALUD;35;40;1;493;63.36;467.5;487;503.88;546.34;525.75;572.62;634.35;761.5
2026;55083;TERAPIA OCUPACIONAL;UNIVERSIDAD SANTO TOMAS;SALUD;45;49;1;492.5;67.74;478.5;525;547;591.4;571;632.5;681.8;793.5
2026;55084;TRABAJO SOCIAL;UNIVERSIDAD SANTO TOMAS;CIENCIAS SOCIALES;45;61;1;458;57.14;458;493;518.5;548.38;541.5;568;603;842.5
2026;55085;TRABAJO SOCIAL;UNIVERSIDAD SANTO TOMAS;CIENCIAS SOCIALES;35;46;1;518;38.59;507;518;533.38;560.5;551.5;583.62;604.75;677
2026;55086;TRABAJO SOCIAL;UNIVERSIDAD SANTO TOMAS;CIENCIAS SOCIALES;40;48;1;504;49.35;460;475.1;506.25;540.29;535;558.5;613.1;664
2026;55088;INGENIERÍA CIVIL INDUSTRIAL;UNIVERSIDAD SANTO TOMAS;TECNOLOGÍA;43;51;1;547;74.97;522;563.5;603.25;653.61;647;681.75;756.5;854
2026;55089;GEOLOGÍA;UNIVERSIDAD SANTO TOMAS;CIENCIAS BÁSICAS;35;43;1;500.5;84.31;484.5;502.7;542.75;592.05;568;622.75;683.8;844.5
2026;55090;BIOTECNOLOGÍA;UNIVERSIDAD SANTO TOMAS;TECNOLOGÍA;35;48;1;582;86.91;468.5;541.85;570.88;632.88;619.5;682.25;746.8;836
2026;55091;CONTADOR PÚBLICO Y AUDITOR;UNIVERSIDAD SANTO TOMAS;ADMINISTRACIÓN Y COMERCIO;40;55;1;464;74.46;464;503.2;534;591.74;586.5;634.5;684.7;791.5
2026;55092;DERECHO;UNIVERSIDAD SANTO TOMAS;DERECHO;40;50;1;502;71.08;464;489.1;511.25;563.33;546.25;590.88;660.15;788.5
2026;55093;EDUCACIÓN DIFERENCIAL;UNIVERSIDAD SANTO TOMAS;EDUCACIÓN;20;22;1;554;43.26;493;546.1;547.88;575.02;571.75;580.75;624.7;700
2026;55094;EDUCACIÓN DIFERENCIAL;UNIVERSIDAD SANTO TOMAS;EDUCACIÓN;20;22;1;549;69.7;435.5;471.4;523.12;565.02;581.5;607.12;631.35;691
2026;55095;FONOAUDIOLOGÍA;UNIVERSIDAD SANTO TOMAS;SALUD;32;40;1;546.5;49.96;462;496.3;512;550.81;546.75;585.38;601.4;667.5
2026;55097;FONOAUDIOLOGÍA;UNIVERSIDAD SANTO TOMAS;SALUD;32;41;1;484.5;44.1;463.5;478.5;498.5;531.83;527;550.5;589.5;665
2026;55099;INGENIERÍA CIVIL EN MINAS;UNIVERSIDAD SANTO TOMAS;TECNOLOGÍA;45;51;1;564.5;71.95;549;610.5;632.75;681.56;668;730.75;769;915
2026;55100;INGENIERÍA COMERCIAL;UNIVERSIDAD SANTO TOMAS;ADMINISTRACIÓN Y COMERCIO;90;112;1;529.5;56.68;484.5;515.5;542.5;577.45;562.5;609;653.9;768.5
2026;55101;INGENIERÍA COMERCIAL;UNIVERSIDAD SANTO TOMAS;ADMINISTRACIÓN Y COMERCIO;35;40;1;557.5;56.2;522.5;545.55;559;599;578.75;628;686.05;781.5
2026;55103;KINESIOLOGÍA;UNIVERSIDAD SANTO TOMAS;SALUD;45;53;1;561;43.08;527;568.3;585.5;616.07;614.5;636.5;670.3;736
2026;55104;KINESIOLOGÍA;UNIVERSIDAD SANTO TOMAS;SALUD;45;47;1;541.5;65.32;478.5;527.3;548.75;589.23;578;617.75;655.7;831.5
2026;55105;KINESIOLOGÍA;UNIVERSIDAD SANTO TOMAS;SALUD;35;41;1;547;58.85;506.5;521;531;577.16;567;608.5;649.5;794
2026;55107;NUTRICIÓN Y DIETÉTICA;UNIVERSIDAD SANTO TOMAS;SALUD;35;52;1;513.5;39.92;466.5;493.15;504;533.82;526;554.62;590.25;665
2026;55108;NUTRICIÓN Y DIETÉTICA;UNIVERSIDAD SANTO TOMAS;SALUD;35;45;1;506.5;44.6;473;507.9;533;559.17;547.5;591.5;616.8;667.5
2026;55109;NUTRICIÓN Y DIETÉTICA;UNIVERSIDAD SANTO TOMAS;SALUD;35;38;1;499.5;69.1;463;480.85;510;558.25;546;592.75;658.15;728.5
2026;55110;TECNOLOGÍA MÉDICA;UNIVERSIDAD SANTO TOMAS;SALUD;35;36;1;526.5;75.92;489.5;503.75;553.88;609.1;600;660.88;711.5;775
2026;55111;TRABAJO SOCIAL;UNIVERSIDAD SANTO TOMAS;CIENCIAS SOCIALES;40;51;1;485;53.06;458.5;468.5;494.5;530.66;522.5;541.5;614;672.5
2026;55113;INGENIERÍA COMERCIAL;UNIVERSIDAD SANTO TOMAS;ADMINISTRACIÓN Y COMERCIO;45;67;1;477.5;53.38;458;478.4;504.75;543.03;542.5;569;590.2;735
2026;55114;DERECHO;UNIVERSIDAD SANTO TOMAS;DERECHO;40;43;1;441;82.29;441;478.2;516;574;552;625.5;693.7;827
2026;55115;DERECHO;UNIVERSIDAD SANTO TOMAS;DERECHO;40;36;0;465;84.92;462;469.5;495.75;561.67;555;592.38;688.75;813
2026;55116;CIENCIAS DEL DEPORTE Y ACTIVIDAD FÍSICA;UNIVERSIDAD SANTO TOMAS;EDUCACIÓN;45;70;1;539.5;55.93;459;493.5;512.38;554.51;547;579.5;634.35;712
2026;55117;PSICOLOGÍA;UNIVERSIDAD SANTO TOMAS;CIENCIAS SOCIALES;45;48;1;568;56.96;502.5;561.7;579.12;616.28;614;641.25;666.6;780.5
2026;55118;FONOAUDIOLOGÍA;UNIVERSIDAD SANTO TOMAS;SALUD;32;39;1;507;43.59;485.5;499.5;510;542.83;535.5;569.25;599.4;661.5
2026;55119;INGENIERÍA CIVIL INDUSTRIAL;UNIVERSIDAD SANTO TOMAS;TECNOLOGÍA;35;40;1;510;69.12;468.5;481.3;504.88;559.55;548.75;602.88;652.1;700
2026;55120;INGENIERÍA CIVIL INFORMÁTICA Y SISTEMAS INTELIGENTES;UNIVERSIDAD SANTO TOMAS;TECNOLOGÍA;90;116;1;618.5;72.58;497;542.5;587.38;638.41;631.75;685.25;737;842
2026;55121;TRABAJO SOCIAL;UNIVERSIDAD SANTO TOMAS;CIENCIAS SOCIALES;35;26;0;459.5;37.44;458;471.5;481.12;511.77;502.25;531.75;567.5;589
2026;55122;DERECHO;UNIVERSIDAD SANTO TOMAS;DERECHO;45;55;1;559.5;44.49;476;498.5;518.5;553.69;559.5;587.5;608.4;646.5
2026;55123;INGENIERÍA CIVIL INFORMÁTICA Y SISTEMAS INTELIGENTES;UNIVERSIDAD SANTO TOMAS;TECNOLOGÍA;35;38;1;461.5;91.76;442;477.2;523.5;588.54;569.75;655.12;716.85;793
2026;55124;GEOLOGÍA;UNIVERSIDAD SANTO TOMAS;CIENCIAS BÁSICAS;45;53;1;645.5;87.89;494;561.7;598.5;657.71;641.5;724;761.8;880
2026;55125;INGENIERÍA CIVIL EN MINAS;UNIVERSIDAD SANTO TOMAS;TECNOLOGÍA;45;55;1;604;46.76;573;596.9;614;648.55;643;675;703.8;800.5
2026;55126;PEDAGOGÍA EN EDUCACIÓN PARVULARIA;UNIVERSIDAD SANTO TOMAS;EDUCACIÓN;20;21;1;592.5;50.04;473.5;519;547.5;570.02;560.5;603.5;610;675
2026;55127;AGRONOMÍA;UNIVERSIDAD SANTO TOMAS;AGROPECUARIA;40;50;1;533.5;45.83;502;550.7;571.12;599.54;598;625.62;656.25;739
2026;55128;INGENIERÍA COMERCIAL;UNIVERSIDAD SANTO TOMAS;ADMINISTRACIÓN Y COMERCIO;35;27;0;474;67.53;470.5;481.2;501;551.44;544;581.25;632.5;739
2026;55129;INGENIERÍA CIVIL INFORMÁTICA Y SISTEMAS INTELIGENTES;UNIVERSIDAD SANTO TOMAS;TECNOLOGÍA;45;53;1;547.5;70.96;458;501;534.5;589.24;583;634.5;696.5;749
2026;56102;AGRONOMÍA;UNIVERSIDAD DE LAS AMÉRICAS;AGROPECUARIA;37;58;1;562.5;60.34;459;480.45;519.75;556.21;548.5;583.5;643.5;753
2026;56103;ANIMACIÓN DIGITAL;UNIVERSIDAD DE LAS AMÉRICAS;ARTE Y ARQUITECTURA;170;202;1;468.5;96.59;468.5;528;571.75;641.98;625.5;701.88;787.6;939
2026;56104;ARQUITECTURA;UNIVERSIDAD DE LAS AMÉRICAS;ARTE Y ARQUITECTURA;94;100;1;489.5;66.5;460;485.95;518.38;565.66;556.25;618.38;662.4;733
2026;56106;CONSTRUCCIÓN CIVIL;UNIVERSIDAD DE LAS AMÉRICAS;TECNOLOGÍA;45;60;1;553;58.76;433.5;486.75;512.75;558.02;555.75;596.62;627.7;698.5
2026;56108;DERECHO;UNIVERSIDAD DE LAS AMÉRICAS;DERECHO;80;77;0;559.5;77.41;459;482.4;500;560.47;546;599;681.2;806
2026;56110;ENFERMERÍA;UNIVERSIDAD DE LAS AMÉRICAS;SALUD;220;275;1;568;54.59;463;501.4;535;572.12;567;605.75;646.6;743.5
2026;56112;GASTRONOMÍA Y NEGOCIOS GASTRONÓMICOS;UNIVERSIDAD DE LAS AMÉRICAS;ADMINISTRACIÓN Y COMERCIO;70;105;1;593;70.9;463;575;605;650.54;643.5;690.5;742.6;917.5
2026;56114;INGENIERÍA COMERCIAL;UNIVERSIDAD DE LAS AMÉRICAS;ADMINISTRACIÓN Y COMERCIO;75;103;1;485;65.16;461.5;489.1;531.75;572.3;561;614.25;654.6;765.5
2026;56116;KINESIOLOGÍA;UNIVERSIDAD DE LAS AMÉRICAS;SALUD;120;145;1;558;48.46;468.5;498.6;534;569.08;571.5;603.5;632.9;690
2026;56117;LICENCIATURA EN CIENCIAS DE LA ACTIVIDAD FÍSICA;UNIVERSIDAD DE LAS AMÉRICAS;EDUCACIÓN;60;70;1;467.5;75.67;461;477.4;507.38;557.47;539.25;593.75;657.05;815
2026;56118;MEDICINA VETERINARIA;UNIVERSIDAD DE LAS AMÉRICAS;AGROPECUARIA;120;144;1;596.5;70.57;509;555.4;593.12;641.47;633.5;690.5;733.6;823.5
2026;56119;NUTRICIÓN Y DIETÉTICA;UNIVERSIDAD DE LAS AMÉRICAS;SALUD;61;52;0;518.5;42.41;465;485.1;502.25;534.04;535;558.5;581.45;705
2026;56124;PSICOLOGÍA;UNIVERSIDAD DE LAS AMÉRICAS;CIENCIAS SOCIALES;140;175;1;546;60.78;461;500.2;526.75;569.11;565.5;602;634.1;870
2026;56125;TERAPIA OCUPACIONAL;UNIVERSIDAD DE LAS AMÉRICAS;SALUD;70;90;1;467;56.53;463;481.45;500.25;541.19;531.25;562.75;625.5;724
2026;56127;TRADUCCIÓN E INTERPRETACIÓN EN INGLÉS;UNIVERSIDAD DE LAS AMÉRICAS;HUMANIDADES;165;225;1;600;73.13;458;499.1;532;587.53;579;638.5;687;815
2026;56128;OBSTETRICIA Y PUERICULTURA;UNIVERSIDAD DE LAS AMÉRICAS;SALUD;120;148;1;625;49.39;493;555.85;587.62;618.34;619.5;649.12;683.45;763
2026;56129;DISEÑO;UNIVERSIDAD DE LAS AMÉRICAS;ARTE Y ARQUITECTURA;51;48;0;508;61.58;459;480.25;498.75;546.91;536;586.75;626.2;710
2026;56201;ADMINISTRACIÓN PÚBLICA;UNIVERSIDAD DE LAS AMÉRICAS;CIENCIAS SOCIALES;45;45;1;522;59.3;459;484.6;520.5;558.32;539;600;636.2;686
2026;56205;COMUNICACIÓN AUDIOVISUAL Y MULTIMEDIA;UNIVERSIDAD DE LAS AMÉRICAS;ARTE Y ARQUITECTURA;75;100;1;529.5;64.13;466;492.65;528.75;580.24;580.5;620.75;662.9;725.5
2026;56207;CONTADOR AUDITOR;UNIVERSIDAD DE LAS AMÉRICAS;ADMINISTRACIÓN Y COMERCIO;67;105;1;581;63.1;461.5;489.1;532;568.05;561;600;654.5;815
2026;56208;DERECHO;UNIVERSIDAD DE LAS AMÉRICAS;DERECHO;65;85;1;480;64.7;448.5;484.8;511;558.98;547;603;647.7;794.5
2026;56209;EDUCACIÓN PARVULARIA;UNIVERSIDAD DE LAS AMÉRICAS;EDUCACIÓN;30;25;0;580.5;47.54;513;545.9;553.5;583.08;567.5;592.5;664.9;694.5
2026;56210;ENFERMERÍA;UNIVERSIDAD DE LAS AMÉRICAS;SALUD;280;373;1;485.5;53.79;449.5;488.7;513.5;554.4;548.5;588;632.5;727
2026;56211;FONOAUDIOLOGÍA;UNIVERSIDAD DE LAS AMÉRICAS;SALUD;35;50;1;533.5;48.68;461;466.45;488.38;525.03;512.75;561;599.8;640.5
2026;56213;INGENIERÍA CIVIL INDUSTRIAL;UNIVERSIDAD DE LAS AMÉRICAS;TECNOLOGÍA;75;87;1;589.5;69.13;487;530;552.25;608.67;607;647.75;691.5;795
2026;56215;INGENIERÍA EN INFORMÁTICA;UNIVERSIDAD DE LAS AMÉRICAS;TECNOLOGÍA;90;114;1;586;81.81;459;504.7;536.25;597.49;585.25;643.88;713.15;885.5
2026;56216;KINESIOLOGÍA;UNIVERSIDAD DE LAS AMÉRICAS;SALUD;120;155;1;478;57.44;458;479.8;507;554.25;548;591.5;638.5;701.5
2026;56218;MEDICINA VETERINARIA;UNIVERSIDAD DE LAS AMÉRICAS;AGROPECUARIA;144;182;1;564.5;73.43;450.5;527.1;557.62;608.04;597.25;647.5;705.75;832.5
2026;56219;NUTRICIÓN Y DIETÉTICA;UNIVERSIDAD DE LAS AMÉRICAS;SALUD;75;64;0;531;52.42;460.5;470.15;484.88;525.7;510.5;554.5;592.6;684
2026;56220;PEDAGOGÍA EN EDUCACIÓN BÁSICA;UNIVERSIDAD DE LAS AMÉRICAS;EDUCACIÓN;27;13;0;556;48.83;480;492.9;524.5;559.62;556;592;620.2;639
2026;56221;PEDAGOGÍA EN EDUCACIÓN DIFERENCIAL;UNIVERSIDAD DE LAS AMÉRICAS;EDUCACIÓN;27;13;0;554;59.09;456.5;499.1;554;573.12;573;621.5;634.2;670.5
2026;56222;PEDAGOGÍA EN EDUCACIÓN FÍSICA;UNIVERSIDAD DE LAS AMÉRICAS;EDUCACIÓN;25;24;0;546.5;44.9;546.5;547.6;550.38;593.21;582.75;625.62;644.95;710.5
2026;56223;PERIODISMO;UNIVERSIDAD DE LAS AMÉRICAS;CIENCIAS SOCIALES;40;28;0;525.5;97.64;465;482.75;500.25;546.45;518.75;544.38;626.3;969
2026;56224;PSICOLOGÍA;UNIVERSIDAD DE LAS AMÉRICAS;CIENCIAS SOCIALES;200;255;1;478;61.68;435;483.6;504;555.34;546.5;590.25;638.4;766
2026;56226;TRABAJO SOCIAL;UNIVERSIDAD DE LAS AMÉRICAS;CIENCIAS SOCIALES;30;38;1;525.5;62.34;462;482.65;493.5;537.55;519.5;560.5;613.65;774.5
2026;56310;ENFERMERÍA;UNIVERSIDAD DE LAS AMÉRICAS;SALUD;200;235;1;481.5;53.32;458;485.5;506.5;546.19;539;572.25;615.1;775
2026;56314;INGENIERÍA COMERCIAL;UNIVERSIDAD DE LAS AMÉRICAS;ADMINISTRACIÓN Y COMERCIO;67;83;1;461.5;82.49;461.5;478.1;492;566.66;546.5;604;672.4;799
2026;56316;KINESIOLOGÍA;UNIVERSIDAD DE LAS AMÉRICAS;SALUD;96;118;1;601;64.93;463;487.35;510.62;564.02;560;599.75;651.55;747
2026;56318;MEDICINA VETERINARIA;UNIVERSIDAD DE LAS AMÉRICAS;AGROPECUARIA;96;114;1;554.5;62.36;458;531.65;568.12;608.89;606.75;647.75;689.7;756.5
2026;56324;PSICOLOGÍA;UNIVERSIDAD DE LAS AMÉRICAS;CIENCIAS SOCIALES;120;154;1;513.5;56.53;458;485.45;505.5;551.95;546.5;588.62;625;739
2026;56410;ENFERMERÍA;UNIVERSIDAD DE LAS AMÉRICAS;SALUD;120;160;1;481.5;62.64;461.5;480.95;503.75;549.53;539;581.62;624.5;825.5
2026;56416;KINESIOLOGÍA;UNIVERSIDAD DE LAS AMÉRICAS;SALUD;84;94;1;459;60.13;459;479.4;507.25;550.3;542.25;581.88;629.9;740.5
2026;56418;MEDICINA VETERINARIA;UNIVERSIDAD DE LAS AMÉRICAS;AGROPECUARIA;72;84;1;547.5;67.38;475.5;509.8;538.62;586.71;578.5;622.88;674.2;773.5
2026;56424;PSICOLOGÍA;UNIVERSIDAD DE LAS AMÉRICAS;CIENCIAS SOCIALES;126;97;0;460.5;66.48;460.5;476;505;561.03;557.5;592;643.1;805.5
2026;56508;DERECHO;UNIVERSIDAD DE LAS AMÉRICAS;DERECHO;80;72;0;485.5;69.26;461;485.85;518.38;569.22;555.5;616;664.4;766.5
2026;56510;ENFERMERÍA;UNIVERSIDAD DE LAS AMÉRICAS;SALUD;120;145;1;527;56.68;468;497.1;525.5;567.37;566;601.5;633.1;811
2026;56511;FONOAUDIOLOGÍA;UNIVERSIDAD DE LAS AMÉRICAS;SALUD;30;34;1;480.5;43.8;462;479.1;489.88;523.9;520.25;539.25;577.25;666
2026;56514;INGENIERÍA COMERCIAL;UNIVERSIDAD DE LAS AMÉRICAS;ADMINISTRACIÓN Y COMERCIO;45;42;0;501.5;52.68;459;472.35;494.75;538.01;531.5;572.25;608.15;655
2026;56516;KINESIOLOGÍA;UNIVERSIDAD DE LAS AMÉRICAS;SALUD;100;125;1;492.5;55.8;418;480.1;503;545.55;540.5;585;612.9;715
2026;56518;MEDICINA VETERINARIA;UNIVERSIDAD DE LAS AMÉRICAS;AGROPECUARIA;110;132;1;518.5;70.91;442.5;510;548.88;593.42;582.25;639.12;682;835.5
2026;56519;NUTRICIÓN Y DIETÉTICA;UNIVERSIDAD DE LAS AMÉRICAS;SALUD;40;40;1;479;51.14;465;474.35;484.38;522.81;503.5;555;593.15;682
2026;56524;PSICOLOGÍA;UNIVERSIDAD DE LAS AMÉRICAS;CIENCIAS SOCIALES;110;138;1;604;63.06;428.5;504.45;536.75;581.13;574.25;608.5;677;759
2026;56525;TERAPIA OCUPACIONAL;UNIVERSIDAD DE LAS AMÉRICAS;SALUD;59;66;1;462;59.13;462;481.25;498.5;536.22;525.75;552.12;598.5;804.5
2026;56527;TRADUCCIÓN E INTERPRETACIÓN EN INGLÉS;UNIVERSIDAD DE LAS AMÉRICAS;HUMANIDADES;43;31;0;502;70.72;463;478.5;486.5;537.4;509;560.5;631;754
2026;56528;OBSTETRICIA Y PUERICULTURA;UNIVERSIDAD DE LAS AMÉRICAS;SALUD;60;75;1;539;54.16;504;530.2;549.5;590.87;581;632.5;668.1;742
2026;56608;DERECHO;UNIVERSIDAD DE LAS AMÉRICAS;DERECHO;75;69;0;524;79.85;461;471.4;493;563;553;613.5;682.9;775
2026;56610;ENFERMERÍA;UNIVERSIDAD DE LAS AMÉRICAS;SALUD;96;126;1;657;56.52;469;513.75;539.75;582.88;579.5;618.25;656;730
2026;56611;FONOAUDIOLOGÍA;UNIVERSIDAD DE LAS AMÉRICAS;SALUD;36;41;1;461.5;29.39;460.5;478.5;492.5;513.78;514.5;535.5;542.5;571
2026;56614;INGENIERÍA COMERCIAL;UNIVERSIDAD DE LAS AMÉRICAS;ADMINISTRACIÓN Y COMERCIO;30;31;1;462;63.12;462;472;506.5;563.31;583.5;618.75;627.5;656.5
2026;56616;KINESIOLOGÍA;UNIVERSIDAD DE LAS AMÉRICAS;SALUD;134;170;1;480;58.73;459;482.5;501.88;544.61;531;580;636.8;721.5
2026;56618;MEDICINA VETERINARIA;UNIVERSIDAD DE LAS AMÉRICAS;AGROPECUARIA;110;154;1;482.5;73.02;470;501.15;528.12;583.7;569;630;685.65;837
2026;56619;NUTRICIÓN Y DIETÉTICA;UNIVERSIDAD DE LAS AMÉRICAS;SALUD;52;34;0;551;35.52;398;469.1;484.12;505.97;506.25;526.25;546.5;592.5
2026;56624;PSICOLOGÍA;UNIVERSIDAD DE LAS AMÉRICAS;CIENCIAS SOCIALES;133;167;1;545;72.52;461.5;488.3;511.75;568.96;560.5;601.75;674.7;844
2026;56625;TERAPIA OCUPACIONAL;UNIVERSIDAD DE LAS AMÉRICAS;SALUD;66;89;1;506.5;50.11;457;470.1;493;525.15;515;545.5;589.7;700
2026;56627;TRADUCCIÓN E INTERPRETACIÓN EN INGLÉS;UNIVERSIDAD DE LAS AMÉRICAS;HUMANIDADES;50;43;0;501.5;60.41;474;497.9;517.25;568.26;571;603.5;652.9;733
2026;56702;AGRONOMÍA;UNIVERSIDAD DE LAS AMÉRICAS;AGROPECUARIA;35;33;0;463;77.56;463;464;475;538.24;508;571.5;644.4;780.5
2026;56718;MEDICINA VETERINARIA;UNIVERSIDAD DE LAS AMÉRICAS;AGROPECUARIA;110;136;1;526.5;71.72;459.5;481.25;512.38;568.31;554;609.88;661;805
2026;58001;AGRONOMÍA;UNIVERSIDAD ADVENTISTA DE CHILE;AGROPECUARIA;12;7;0;522.5;105.21;475.5;503.7;534.25;619.79;637.5;708.75;727.2;739.5
2026;58004;INGENIERÍA COMERCIAL;UNIVERSIDAD ADVENTISTA DE CHILE;ADMINISTRACIÓN Y COMERCIO;32;47;1;603.5;64.67;475;501.9;541.25;589.68;592;631.25;671.6;746
2026;58013;PEDAGOGÍA EN EDUCACIÓN GENERAL BÁSICA;UNIVERSIDAD ADVENTISTA DE CHILE;EDUCACIÓN;20;4;0;543.5;58.28;543.5;565.7;599;622.75;635;658.75;670;677.5
2026;58017;PEDAGOGÍA EN INGLÉS;UNIVERSIDAD ADVENTISTA DE CHILE;EDUCACIÓN;12;5;0;567;30.89;560;562.8;567;595.5;601;623.5;625;626
2026;58019;PEDAGOGÍA EN MÚSICA MENCIÓN EDUCACIÓN EXTRAESCOLAR;UNIVERSIDAD ADVENTISTA DE CHILE;EDUCACIÓN;30;17;0;543;65.76;543;581.4;593;629.41;605;639.5;707.8;806
2026;58020;EDUCACIÓN PARVULARIA;UNIVERSIDAD ADVENTISTA DE CHILE;EDUCACIÓN;12;1;0;584;;584;584;584;584;584;584;584;584
2026;58023;TRABAJO SOCIAL;UNIVERSIDAD ADVENTISTA DE CHILE;CIENCIAS SOCIALES;15;10;0;496.5;77.15;466;475;484.12;528.35;507;533.75;571.9;733
2026;58029;INGENIERÍA CIVIL EN INFORMÁTICA;UNIVERSIDAD ADVENTISTA DE CHILE;TECNOLOGÍA;22;34;1;746;82.33;477;511.6;582.5;642.57;670;702.25;736.85;767
2026;58036;ENFERMERÍA;UNIVERSIDAD ADVENTISTA DE CHILE;SALUD;65;70;1;589;64.97;461.5;505.8;532.5;578.76;567;621.38;686.2;713.5
2026;58041;PEDAGOGÍA EN EDUCACIÓN FÍSICA;UNIVERSIDAD ADVENTISTA DE CHILE;EDUCACIÓN;25;20;0;564.5;36.36;543;545.9;563.38;587.22;576.25;611.25;634.65;682.5
2026;58113;PSICOLOGÍA;UNIVERSIDAD ADVENTISTA DE CHILE;CIENCIAS SOCIALES;100;120;1;606;73.58;458.5;504.9;531.75;591.81;583.5;637.88;692.65;791.5
2026;58138;PEDAGOGÍA EN EDUCACIÓN DIFERENCIAL MENCIÓN DIFICULTADES ESPECÍFICAS DEL APRENDIZAJE;UNIVERSIDAD ADVENTISTA DE CHILE;EDUCACIÓN;20;7;0;548;30.4;546.5;547.4;560.5;583.57;584.5;603.5;618.5;626
2026;58148;INGENIERÍA CIVIL INDUSTRIAL;UNIVERSIDAD ADVENTISTA DE CHILE;TECNOLOGÍA;23;32;1;545;99.91;485;512.45;549.12;632.91;634.25;680;756.75;943
2026;58149;OBSTETRICIA Y PUERICULTURA;UNIVERSIDAD ADVENTISTA DE CHILE;SALUD;50;55;1;503;69.09;461;505.4;542.25;588.58;596;615;660;794.5
2026;58150;NUTRICIÓN Y DIETÉTICA;UNIVERSIDAD ADVENTISTA DE CHILE;SALUD;40;37;0;509;46.69;459;502.4;518.5;553.7;549.5;581;611.9;678
2026;58166;TERAPIA OCUPACIONAL;UNIVERSIDAD ADVENTISTA DE CHILE;SALUD;50;49;0;494.5;60.08;462;488.2;524;557.8;549;592.5;642.4;714
2026;58182;DERECHO;UNIVERSIDAD ADVENTISTA DE CHILE;DERECHO;45;53;1;475.5;84.4;462;494;531.5;602.98;604;654;710.8;787
2026;58202;QUÍMICA Y FARMACIA;UNIVERSIDAD ADVENTISTA DE CHILE;SALUD;50;56;1;557.5;88.15;449;544;584.88;654.56;653;714.38;766.75;837
2026;59001;ANIMACIÓN DIGITAL;UNIVERSIDAD VIÑA DEL MAR;ARTE Y ARQUITECTURA;40;20;0;739;100.68;464.5;475.9;510.5;593.12;572.5;667.75;739.55;760
2026;59002;ARQUITECTURA;UNIVERSIDAD VIÑA DEL MAR;ARTE Y ARQUITECTURA;40;32;0;502;70.9;462.5;499.75;513.38;575.06;565;615.12;676.15;719
2026;59003;BIOQUÍMICA;UNIVERSIDAD VIÑA DEL MAR;CIENCIAS BÁSICAS;30;11;0;462;63.11;462;508;540.75;575.05;574.5;608.75;641.5;685.5
2026;59004;DERECHO;UNIVERSIDAD VIÑA DEL MAR;DERECHO;90;45;0;513;71.03;480;507;541.5;595.69;592;660.5;702;728.5
2026;59005;DISEÑO;UNIVERSIDAD VIÑA DEL MAR;ARTE Y ARQUITECTURA;30;8;0;471.5;56.01;465;468.85;471.25;533.69;552.25;579.88;589.7;592.5
2026;59006;EDUCACIÓN PARVULARIA;UNIVERSIDAD VIÑA DEL MAR;EDUCACIÓN;30;8;0;571;21.44;523;545.05;566.88;569.19;575.75;580.12;588;588
2026;59007;ENFERMERÍA;UNIVERSIDAD VIÑA DEL MAR;SALUD;160;132;0;525;56.19;458.5;474;492;536.87;531.75;563.75;609.35;746.5
2026;59008;ENTRENADOR DEPORTIVO;UNIVERSIDAD VIÑA DEL MAR;EDUCACIÓN;40;30;0;466;66.17;466;476.4;504.38;553.97;542.25;584.75;655.95;691.5
2026;59009;INGENIERÍA CIVIL INDUSTRIAL;UNIVERSIDAD VIÑA DEL MAR;TECNOLOGÍA;40;44;1;546;72.53;470.5;508.6;560.88;601.26;590.5;642.12;694.05;791.5
2026;59010;INGENIERÍA CIVIL INFORMÁTICA;UNIVERSIDAD VIÑA DEL MAR;TECNOLOGÍA;40;35;0;596;85.34;466;491.5;538.5;596.73;584.5;656.25;732.9;767.5
2026;59011;INGENIERÍA COMERCIAL;UNIVERSIDAD VIÑA DEL MAR;ADMINISTRACIÓN Y COMERCIO;40;38;0;552;70.65;475.5;492.4;514.62;569.32;552.75;622.12;673;737.5
2026;59012;INGENIERÍA EN GESTIÓN DE NEGOCIOS INTERNACIONALES;UNIVERSIDAD VIÑA DEL MAR;ADMINISTRACIÓN Y COMERCIO;40;35;0;497.5;95.21;470.5;481.5;511.75;594.07;589;651;690.3;898
2026;59013;KINESIOLOGÍA;UNIVERSIDAD VIÑA DEL MAR;SALUD;90;69;0;574;64.34;459.5;484.4;523.5;563.93;556;600.5;636.5;834.5
2026;59014;MEDICINA VETERINARIA;UNIVERSIDAD VIÑA DEL MAR;AGROPECUARIA;140;104;0;480;70.32;459;489.5;507.62;559.94;541.25;594.88;670.5;815.5
2026;59015;NUTRICIÓN Y DIETÉTICA;UNIVERSIDAD VIÑA DEL MAR;SALUD;30;19;0;570.5;54.74;466.5;478.8;497.25;533.5;522.5;564.75;589.3;690
2026;59016;OBSTETRICIA;UNIVERSIDAD VIÑA DEL MAR;SALUD;160;174;1;487;51.82;458;475.65;496.25;535.52;527.5;561.5;602.6;749.5
2026;59017;ODONTOLOGÍA;UNIVERSIDAD VIÑA DEL MAR;SALUD;140;111;0;560;70.14;458;492.5;516;581.27;583;634.75;662;754.5
2026;59018;PSICOLOGÍA;UNIVERSIDAD VIÑA DEL MAR;CIENCIAS SOCIALES;245;143;0;476;64.22;461.5;481.5;504.5;555.23;542;597.25;645.9;752.5
2026;59019;QUÍMICA Y FARMACIA;UNIVERSIDAD VIÑA DEL MAR;SALUD;70;84;1;546.5;70.68;462.5;516.45;552.88;602.76;596.5;645.25;706.55;769
2026;59020;TECNOLOGÍA MÉDICA;UNIVERSIDAD VIÑA DEL MAR;SALUD;40;46;1;612.5;56.64;474.5;502.25;529.75;564.66;555.75;583.75;615;739
2026;59021;TERAPIA OCUPACIONAL;UNIVERSIDAD VIÑA DEL MAR;SALUD;40;23;0;505.5;65.59;462;467.9;477.25;531.72;528.5;550.25;591.7;733
2026;60002;DERECHO;UNIVERSIDAD DEL ALBA;DERECHO;35;20;0;471.5;47.92;458;481.85;507.62;543.28;545;569.88;594.05;653.5
2026;60003;DERECHO;UNIVERSIDAD DEL ALBA;DERECHO;25;5;0;621.5;94.81;461.5;482.1;513;579;594.5;621.5;671.3;704.5
2026;60004;DERECHO;UNIVERSIDAD DEL ALBA;DERECHO;30;27;0;525;64.2;493;511.3;529.75;588.57;587;630.5;673.9;717.5
2026;60005;PSICOLOGÍA;UNIVERSIDAD DEL ALBA;CIENCIAS SOCIALES;55;36;0;514;51.02;463;485.75;496.12;535.83;520;555.25;624.5;639.5
2026;60006;PSICOLOGÍA;UNIVERSIDAD DEL ALBA;CIENCIAS SOCIALES;85;86;1;671.5;55.87;460.5;478.5;505.62;548.62;542;592.12;613.75;684.5
2026;60007;PSICOLOGÍA;UNIVERSIDAD DEL ALBA;CIENCIAS SOCIALES;45;8;0;497;75.21;478.5;480.25;492.25;550.75;532.5;589.75;646.75;676.5
2026;60008;PSICOLOGÍA;UNIVERSIDAD DEL ALBA;CIENCIAS SOCIALES;40;43;1;575;57.37;476;521.2;532.5;579.14;574;615.75;660.8;730
2026;60081;ENFERMERÍA;UNIVERSIDAD DEL ALBA;SALUD;70;58;0;489.5;41.23;463;483.25;494.25;527.86;526.5;546.5;573.15;694.5
2026;60082;ENFERMERÍA;UNIVERSIDAD DEL ALBA;SALUD;100;120;1;568;64.79;425;484.35;518.25;562.57;546.75;612.5;650.85;744.5
2026;60083;ENFERMERÍA;UNIVERSIDAD DEL ALBA;SALUD;60;12;0;515;96.69;476.5;478.65;489.75;560.25;517.25;621.62;701.8;750.5
2026;60084;ENFERMERÍA;UNIVERSIDAD DEL ALBA;SALUD;70;39;0;520.5;73.91;459;469.3;493.75;548.49;524.5;596.5;633.3;773
2026;60089;KINESIOLOGÍA;UNIVERSIDAD DEL ALBA;SALUD;40;30;0;465;65.18;458;474.25;494.25;540.08;532.75;574.12;610.05;774.5
2026;60090;KINESIOLOGÍA;UNIVERSIDAD DEL ALBA;SALUD;60;61;1;497.5;46.43;463.5;485;501.5;536.1;531;568.5;596;671.5
2026;60091;KINESIOLOGÍA;UNIVERSIDAD DEL ALBA;SALUD;25;10;0;475.5;66.61;459.5;459.95;477;533.6;519;594;607.55;639.5
2026;60092;KINESIOLOGÍA;UNIVERSIDAD DEL ALBA;SALUD;70;77;1;541.5;71.8;468;486.9;501;559.48;539;604;666.7;769
2026;60094;MEDICINA;UNIVERSIDAD DEL ALBA;SALUD;50;58;1;773;41.59;713.5;754.2;781.75;811.97;820.75;841.38;861.2;912
2026;60095;MEDICINA;UNIVERSIDAD DEL ALBA;SALUD;70;81;1;865.5;44.09;724;771.5;805.5;832.36;841.5;865.5;886;913
2026;60098;NUTRICIÓN Y DIETÉTICA;UNIVERSIDAD DEL ALBA;SALUD;25;30;1;503.5;71.2;461.5;468.45;497.5;546.05;532;578.75;616.1;790
2026;60106;TECNOLOGÍA MÉDICA;UNIVERSIDAD DEL ALBA;SALUD;60;61;1;549.5;76.76;481.5;520.5;546.5;594.48;578.5;626;713.5;833.5
2026;60107;TECNOLOGÍA MÉDICA;UNIVERSIDAD DEL ALBA;SALUD;20;14;0;491.5;91.5;488.5;491.95;493.62;569.43;533.25;605.88;709.95;761.5
2026;60108;TECNOLOGÍA MÉDICA;UNIVERSIDAD DEL ALBA;SALUD;35;30;0;492.5;93.04;466;485;527.75;595.97;587.5;668.5;722.8;774.5
2026;60109;TERAPIA OCUPACIONAL;UNIVERSIDAD DEL ALBA;SALUD;30;24;0;531;66.07;459.5;471.85;483.62;534.44;512.75;574;633.6;696
2026;60112;TERAPIA OCUPACIONAL;UNIVERSIDAD DEL ALBA;SALUD;30;16;0;511;61.73;463.5;473.5;489.5;538.09;539.75;561.5;585;713.5
2026;60164;AGRONOMÍA;UNIVERSIDAD DEL ALBA;AGROPECUARIA;20;5;0;563;73.15;483;499;523;564.8;563;577;637.6;678
2026;60165;MEDICINA VETERINARIA;UNIVERSIDAD DEL ALBA;AGROPECUARIA;70;48;0;547.5;87.5;458;490.6;528;582.25;565.75;619.5;697.85;891.5
2026;60166;MEDICINA VETERINARIA;UNIVERSIDAD DEL ALBA;AGROPECUARIA;130;120;0;546;67.07;458;483;512.75;562.66;550.75;608.12;653.05;787.5
2026;60167;MEDICINA VETERINARIA;UNIVERSIDAD DEL ALBA;AGROPECUARIA;45;28;0;607.5;73.17;460.5;469.7;504.5;545.3;538.25;565.88;613.05;794
2026;60168;MEDICINA VETERINARIA;UNIVERSIDAD DEL ALBA;AGROPECUARIA;50;56;1;490.5;75.81;463;492;524.38;580.94;575;615.88;688.75;797
2026;60246;INGENIERÍA CIVIL EN MINAS;UNIVERSIDAD DEL ALBA;TECNOLOGÍA;40;54;1;599;53.89;471;476.25;502.38;546.81;542.25;584.75;611.6;690.5
2026;60250;INGENIERÍA CIVIL INDUSTRIAL;UNIVERSIDAD DEL ALBA;TECNOLOGÍA;35;24;0;542;58.17;475;485.75;537.75;576.98;590.5;607.12;634.1;708.5
