Código,Tipo de institución,Nombre de institución,Acreditación institución (al 31 de octubre 2025),Área,Nombre carrera genérica,Nombre carrera (del título),% titulados con continuidad de estudios,Retención 1er año,Duración Real (semestres),Empleabilidad 1er año,Empleabilidad 2° año,Ingreso Promedio al 4° año,Ingreso_punto_medio
701,Centros de Formación Técnica,CFT MANPOWER,3 años,Administración y Comercio,Secretariado Bilingüe,Asistente Ejecutivo Bilingüe o Asistente Ejecutivo y de Gestión,0.0887573964497041,0.6528925619834711,7.235294117647057,0.71875,0.7050359712230215,De $1 millón a $1 millón 100 mil,1050000
902,Centros de Formación Técnica,CFT DE LA REGION DE ARICA Y PARINACOTA,No,Agropecuaria,Técnico Agropecuario,Técnico de Nivel Superior Agrícola,0.3826086956521739,0.6794871794871795,5.405405405405403,0.620253164556962,,s/i,
430,Centros de Formación Técnica,CFT INACAP,7 años,Agropecuaria,Técnico Agropecuario,Tecnología Agrícola y Producción Ganadera,0.2088353413654618,0.6660377358490566,7.748110831234257,0.4757062146892655,0.5362903225806451,De $900 mil a $1 millón,950000
629,Centros de Formación Técnica,CFT PUCV,5 años,Agropecuaria,Técnico Agropecuario,Técnico de Nivel Superior en Agrícola,0.1134020618556701,0.8108108108108109,5.964285714285716,0.559322033898305,,s/i,
367,Centros de Formación Técnica,CFT SAN AGUSTIN,5 años,Agropecuaria,Técnico Agropecuario,Técnico Agrícola,0.0760456273764258,0.6298076923076923,5.838461538461538,0.3806451612903225,0.4764705882352941,De $800 mil a $900 mil,850000
260,Centros de Formación Técnica,CFT SANTO TOMAS,6 años,Agropecuaria,Técnico Agropecuario,Técnico Agrícola y Ganadero,0.3831699346405229,0.6836158192090396,6.234756097560975,0.4358683314415437,0.5380359612724758,De $900 mil a $1 millón,950000
633,Centros de Formación Técnica,CFT TEODORO WICKEL KLUWEN,No,Agropecuaria,Técnico Agropecuario,Técnico de Nivel Superior en Gestión Agropecuaria,0.024390243902439,0.5,4.805555555555554,0.5277777777777778,0.5625,s/i,
456,Centros de Formación Técnica,CFT CEDUC - UCN,5 años,Educación,Técnico Asistente del Educador de Párvulos,Técnico en Educación de Párvulos,0.0611961057023643,0.6640625,6.022556390977444,0.2222222222222222,0.332258064516129,s/i,
312,Centros de Formación Técnica,CFT CENCO,3 años,Educación,Técnico Asistente del Educador de Párvulos,Técnico de Nivel Superior en Educación Parvularia,0.061503416856492,s/i,s/i,0.8027210884353742,0.7485029940119761,De $700 mil a $800 mil,750000
218,Centros de Formación Técnica,CFT DE ENAC,6 años,Educación,Técnico Asistente del Educador de Párvulos,Técnico en Educación Párvulos 1 y 2,0.0644216691068814,0.6797583081570997,6.467391304347825,0.3804347826086957,0.4962779156327543,De $600 mil a $700 mil,650000
902,Centros de Formación Técnica,CFT DE LA REGION DE ARICA Y PARINACOTA,No,Educación,Técnico Asistente del Educador de Párvulos,Técnico de Nivel Superior en Educación Parvularia y primer-segundo año de Educación Básica,0.2356687898089172,0.7727272727272727,s/i,0.2479338842975206,0.388235294117647,s/i,
398,Centros de Formación Técnica,CFT EDUCAP,No,Educación,Técnico Asistente del Educador de Párvulos,Técnico en Educación Parvularia y Básica,0.1739130434782608,s/i,s/i,0.3043478260869565,0.3711340206185567,De $600 mil a $700 mil,650000
214,Centros de Formación Técnica,CFT INSTITUTO CENTRAL DE CAPACITACION EDUCACIONAL ICCE,No,Educación,Técnico Asistente del Educador de Párvulos,Técnico en Educación de Pärvulos,0.3641304347826087,s/i,s/i,0.5714285714285714,,s/i,
328,Centros de Formación Técnica,CFT INSTITUTO SUPERIOR DE ESTUDIOS JURIDICOS CANON,No,Educación,Técnico Asistente del Educador de Párvulos,Técnico en Educación de Párvulos,0.0256410256410256,s/i,8.20689655172414,0.2463768115942029,0.4647887323943662,De $600 mil a $700 mil,650000
427,Centros de Formación Técnica,CFT LAPLACE,No,Educación,Técnico Asistente del Educador de Párvulos,Técnico de Nivel Superior en Educación de Párvulos,0.0674157303370786,0.5116279069767442,5.923076923076923,0.3571428571428571,0.4313725490196078,De $600 mil a $700 mil,650000
280,Centros de Formación Técnica,CFT LOS LAGOS,No,Educación,Técnico Asistente del Educador de Párvulos,Técnico en Educación Parvularia y Primer Ciclo de Enseñanza General Básica,0.1003039513677811,s/i,s/i,0.3941368078175896,0.4451097804391217,De $600 mil a $700 mil,650000
450,Centros de Formación Técnica,CFT LOTA-ARAUCO,4 años,Educación,Técnico Asistente del Educador de Párvulos,Técnico en Educación de Párvulos,0.0845070422535211,0.7040816326530612,5.782608695652175,0.1504424778761062,0.1680672268907563,De $600 mil a $700 mil,650000
629,Centros de Formación Técnica,CFT PUCV,5 años,Educación,Técnico Asistente del Educador de Párvulos,Técnico de Nivel Superior en Educación Parvularia,0.0946107784431137,0.8459595959595959,5.383620689655173,0.2494758909853249,0.3969298245614035,De $600 mil a $700 mil,650000
367,Centros de Formación Técnica,CFT SAN AGUSTIN,5 años,Educación,Técnico Asistente del Educador de Párvulos,Técnico de Párvulos y Básica,0.031023784901758,0.75,5.745033112582781,0.2195945945945946,0.3333333333333333,De $600 mil a $700 mil,650000
260,Centros de Formación Técnica,CFT SANTO TOMAS,6 años,Educación,Técnico Asistente del Educador de Párvulos,Técnico en Educación Parvularia,0.0745784695201037,0.7898883782009193,6.359920239282153,0.2798900595510765,0.3613636363636364,De $600 mil a $700 mil,650000
633,Centros de Formación Técnica,CFT TEODORO WICKEL KLUWEN,No,Educación,Técnico Asistente del Educador de Párvulos,Técnico de Nivel Superior en Educación Parvularia,0.0413793103448275,0.7083333333333334,5.000000000000002,0.2205882352941176,0.2323232323232323,s/i,
218,Centros de Formación Técnica,CFT DE ENAC,6 años,Educación,Técnico Asistente del Educador Diferencial,Técnico en Educación Especial,0.14214463840399,0.5911949685534591,6.657534246575344,0.3439716312056737,0.5211267605633803,De $600 mil a $700 mil,650000
902,Centros de Formación Técnica,CFT DE LA REGION DE ARICA Y PARINACOTA,No,Educación,Técnico Asistente del Educador Diferencial,Técnico de Nivel Superior en Educación Especial,0.2663934426229508,0.6666666666666666,5.766666666666668,0.2549019607843137,0.3209876543209876,s/i,
914,Centros de Formación Técnica,CFT DE LA REGION DEL MAULE,No,Educación,Técnico Asistente del Educador Diferencial,Técnico de Nivel Superior en Educación Diferencial e Inclusiva,0.0769230769230769,0.8709677419354839,s/i,0.40625,,s/i,
280,Centros de Formación Técnica,CFT LOS LAGOS,No,Educación,Técnico Asistente del Educador Diferencial,Técnico en Educación Diferencial,0.2181818181818181,s/i,s/i,0.3181818181818182,0.3644067796610169,De $600 mil a $700 mil,650000
450,Centros de Formación Técnica,CFT LOTA-ARAUCO,4 años,Educación,Técnico Asistente del Educador Diferencial,Técnico en Educación Diferencial,0.0944444444444444,0.5504587155963303,5.749999999999999,0.1666666666666666,,s/i,
260,Centros de Formación Técnica,CFT SANTO TOMAS,6 años,Educación,Técnico Asistente del Educador Diferencial,Técnico en Educación Especial,0.1855555555555555,0.8255234297108675,6.44801026957638,0.2857142857142857,0.4028185554903112,De $600 mil a $700 mil,650000
218,Centros de Formación Técnica,CFT DE ENAC,6 años,Salud,Técnico Dental y Asistente de Odontología,Técnico en Odontología,0.0374531835205992,0.6635514018691588,6.423529411764706,0.6919191919191919,0.6839080459770115,De $700 mil a $800 mil,750000
430,Centros de Formación Técnica,CFT INACAP,7 años,Salud,Técnico Dental y Asistente de Odontología,Técnico en Odontología,0.0367534456355283,0.7348242811501597,5.7405405405405405,0.6023856858846919,0.6171171171171171,De $700 mil a $800 mil,750000
629,Centros de Formación Técnica,CFT PUCV,5 años,Salud,Técnico Dental y Asistente de Odontología,Técnico de Nivel Superior en Odontología,0.0657894736842105,0.8913043478260869,5.275862068965517,0.3962264150943396,,s/i,
367,Centros de Formación Técnica,CFT SAN AGUSTIN,5 años,Salud,Técnico Dental y Asistente de Odontología,Técnico en Odontología,0.0191570881226053,0.696969696969697,6.112244897959184,0.3422459893048128,0.4026548672566372,De $600 mil a $700 mil,650000
260,Centros de Formación Técnica,CFT SANTO TOMAS,6 años,Salud,Técnico Dental y Asistente de Odontología,Técnico en Odontología,0.0515202702702702,0.8210922787193974,6.338501291989665,0.5037593984962406,0.5955678670360111,De $700 mil a $800 mil,750000
633,Centros de Formación Técnica,CFT TEODORO WICKEL KLUWEN,No,Salud,Técnico Dental y Asistente de Odontología,Técnico de Nivel Superior en Odontología,0.0657894736842105,s/i,6,0.3584905660377358,,s/i,
260,Centros de Formación Técnica,CFT SANTO TOMAS,6 años,Agropecuaria,Técnico en Acuicultura y Pesca,Técnico en Producción Acuícola,0.04375,0.7959183673469388,6.584615384615384,0.8103448275862069,0.8518518518518519,De $1 millón 300 mil a $1 millón 400 mil,1350000
456,Centros de Formación Técnica,CFT CEDUC - UCN,5 años,Administración y Comercio,Técnico en Administración de Empresas,Técnico en Administración de Empresas,0.3082706766917293,0.7027027027027027,6.433962264150942,0.3055555555555556,0.5,s/i,
218,Centros de Formación Técnica,CFT DE ENAC,6 años,Administración y Comercio,Técnico en Administración de Empresas,Técnico en Administración de Empresas,0.5263157894736842,0.5285714285714286,s/i,0.4107142857142857,0.5614035087719298,s/i,
902,Centros de Formación Técnica,CFT DE LA REGION DE ARICA Y PARINACOTA,No,Administración y Comercio,Técnico en Administración de Empresas,Técnico de Nivel Superior en Administración de Empresas,0.4782608695652174,0.6567164179104478,5.94,0.4909090909090909,,s/i,
906,Centros de Formación Técnica,CFT DE LA REGION DE TARAPACA,No,Administración y Comercio,Técnico en Administración de Empresas,Técnico de Nivel Superior en Administración de Empresas,0.6906474820143885,0.6808510638297872,6.708333333333333,0.7755102040816326,,s/i,
430,Centros de Formación Técnica,CFT INACAP,7 años,Administración y Comercio,Técnico en Administración de Empresas,Técnico en Administración de Empresas,0.3359044162129461,0.673558648111332,6.732167832167832,0.5836900202748366,0.650261531145982,De $1 millón a $1 millón 100 mil,1050000
450,Centros de Formación Técnica,CFT LOTA-ARAUCO,4 años,Administración y Comercio,Técnico en Administración de Empresas,Técnico en Administración de Empresas,0.2248062015503876,0.6111111111111112,5.766666666666665,0.5263157894736842,0.4754098360655737,De $900 mil a $1 millón,950000
701,Centros de Formación Técnica,CFT MANPOWER,3 años,Administración y Comercio,Técnico en Administración de Empresas,Técnico en Administración de Empresas,0.1415929203539823,0.3302752293577982,7.064516129032257,0.7380952380952381,0.7450980392156863,s/i,
629,Centros de Formación Técnica,CFT PUCV,5 años,Administración y Comercio,Técnico en Administración de Empresas,Técnico de Nivel Superior en Administración de Empresas,0.131578947368421,0.736,5.550387596899226,0.4817073170731707,0.5816993464052288,De $800 mil a $900 mil,850000
367,Centros de Formación Técnica,CFT SAN AGUSTIN,5 años,Administración y Comercio,Técnico en Administración de Empresas,Técnico en Administración de Empresas,0.2082324455205811,0.6842105263157895,5.974358974358974,0.460093896713615,0.5404255319148936,De $800 mil a $900 mil,850000
260,Centros de Formación Técnica,CFT SANTO TOMAS,6 años,Administración y Comercio,Técnico en Administración de Empresas,Técnico en Administración,0.590633130962706,0.6934235976789168,5.7764471057884235,0.5026138909634055,0.592326139088729,De $1 millón a $1 millón 100 mil,1050000
633,Centros de Formación Técnica,CFT TEODORO WICKEL KLUWEN,No,Administración y Comercio,Técnico en Administración de Empresas,Técnico de Nivel Superior en Administración de Empresas,0.25,0.5344827586206896,5.526315789473673,0.5402298850574713,,s/i,
218,Centros de Formación Técnica,CFT DE ENAC,6 años,Administración y Comercio,Técnico en Administración de Recursos Humanos y Personal,Técnico en Gestión de Recursos Humanos,0.4170040485829959,0.6333333333333333,6.419354838709676,0.4825174825174825,0.4896551724137931,s/i,
426,Centros de Formación Técnica,CFT ESCUELA DE COMERCIO,No,Administración y Comercio,Técnico en Administración de Recursos Humanos y Personal,Técnico en Administración en Recursos Humanos,0.2686567164179104,s/i,6.875000000000003,0.6746987951807228,0.6770833333333334,De $900 mil a $1 millón,950000
260,Centros de Formación Técnica,CFT SANTO TOMAS,6 años,Administración y Comercio,Técnico en Administración de Recursos Humanos y Personal,Técnico en Administración de Recursos Humanos,0.4636488340192043,0.721030042918455,5.642045454545454,0.6716417910447762,0.7358024691358025,De $1 millón a $1 millón 100 mil,1050000
426,Centros de Formación Técnica,CFT ESCUELA DE COMERCIO,No,Administración y Comercio,Técnico en Administración en Marketing,Técnico en Marketing y Gestión Comercial,0.1910112359550561,s/i,6.440000000000005,0.7391304347826086,,s/i,
426,Centros de Formación Técnica,CFT ESCUELA DE COMERCIO,No,Administración y Comercio,Técnico en Administración Financiera y Finanzas,Técnico en Finanzas,0.3469387755102041,s/i,6.717391304347825,0.6956521739130435,0.75,De $1 millón 100 mil a $1 millón 200 mil,1150000
629,Centros de Formación Técnica,CFT PUCV,5 años,Ciencias Sociales,Técnico en Administración Pública o Municipal,Técnico de Nivel Superior en Administración Pública,0.1538461538461538,0.625,5.594202898550725,0.6129032258064516,,s/i,
218,Centros de Formación Técnica,CFT DE ENAC,6 años,Tecnología,Técnico en Alimentos,Técnico en Alimentación y Dietética,0.0674157303370786,0.4418604651162791,s/i,0.5409836065573771,0.6521739130434783,s/i,
367,Centros de Formación Técnica,CFT SAN AGUSTIN,5 años,Tecnología,Técnico en Alimentos,Técnico en Procesos y Controles de Calidad Alimentaria,0.0529801324503311,0.75,5.888888888888889,0.5222222222222223,0.6341463414634146,s/i,
218,Centros de Formación Técnica,CFT DE ENAC,6 años,Humanidades,Técnico en Bibliotecas y Centros de Documentación,Técnico en Bibliotecología y Documentación,0.0780141843971631,0.746031746031746,6.137931034482756,0.5285714285714286,0.5409836065573771,s/i,
426,Centros de Formación Técnica,CFT ESCUELA DE COMERCIO,No,Administración y Comercio,Técnico en Comercio Exterior,Técnico en Administración en Comercio Exterior,0.2072072072072072,s/i,6.470588235294118,0.8181818181818182,0.8484848484848485,De $1 millón 100 mil a $1 millón 200 mil,1150000
430,Centros de Formación Técnica,CFT INACAP,7 años,Administración y Comercio,Técnico en Comercio Exterior,Técnico en Comercio Exterior,0.2900608519269776,0.7018867924528301,8.15748031496063,0.7131147540983607,0.7035928143712575,De $1 millón a $1 millón 100 mil,1050000
260,Centros de Formación Técnica,CFT SANTO TOMAS,6 años,Administración y Comercio,Técnico en Comercio Exterior,Técnico en Comercio Exterior,0.5507246376811594,0.6571428571428571,s/i,0.7142857142857143,0.7567567567567568,s/i,
456,Centros de Formación Técnica,CFT CEDUC - UCN,5 años,Tecnología,Técnico en Computación e Informática,Técnico en Computación e Informática,0.1640625,0.7342657342657343,6.000000000000001,0.5647058823529412,0.6,s/i,
430,Centros de Formación Técnica,CFT INACAP,7 años,Tecnología,Técnico en Computación e Informática,Técnico Analista Programador,0.2018278750952018,0.7145479577787976,7.537724550898201,0.6587048832271762,0.7816901408450704,De $1 millón 400 mil a $1 millón 500 mil,1450000
450,Centros de Formación Técnica,CFT LOTA-ARAUCO,4 años,Tecnología,Técnico en Computación e Informática,Técnico en Computación e Informática,0.320754716981132,0.5769230769230769,s/i,0.4230769230769231,0.3333333333333333,s/i,
629,Centros de Formación Técnica,CFT PUCV,5 años,Tecnología,Técnico en Computación e Informática,Técnico de Nivel Superior en Computación e Informática,0.1136363636363636,0.7889908256880734,5.23404255319149,0.4130434782608695,0.5952380952380952,s/i,
367,Centros de Formación Técnica,CFT SAN AGUSTIN,5 años,Tecnología,Técnico en Computación e Informática,Técnico Analista Programador,0.2176870748299319,0.6115107913669064,6.218750000000002,0.5161290322580645,0.5656565656565656,De $900 mil a $1 millón,950000
456,Centros de Formación Técnica,CFT CEDUC - UCN,5 años,Tecnología,Técnico en Construcción y Obras Civiles,Técnico en Construcción,0.1764705882352941,0.5686274509803921,s/i,0.7058823529411765,,s/i,
218,Centros de Formación Técnica,CFT DE ENAC,6 años,Tecnología,Técnico en Construcción y Obras Civiles,Técnico en Construcción,0.1886792452830188,0.45161290322580644,s/i,0.4871794871794871,,s/i,
430,Centros de Formación Técnica,CFT INACAP,7 años,Tecnología,Técnico en Construcción y Obras Civiles,Técnico en Edificación y Construcción,0.3424242424242424,0.6823899371069182,7.3718861209964395,0.6176772867420349,0.6542857142857142,De $1 millón 100 mil a $1 millón 200 mil,1150000
629,Centros de Formación Técnica,CFT PUCV,5 años,Tecnología,Técnico en Construcción y Obras Civiles,Técnico de Nivel Superior en Construcción,0.1111111111111111,0.6857142857142857,5.346534653465347,0.55,0.6086956521739131,De $1 millón a $1 millón 100 mil,1050000
367,Centros de Formación Técnica,CFT SAN AGUSTIN,5 años,Tecnología,Técnico en Construcción y Obras Civiles,Técnico en Obras Civiles,0.25,0.6363636363636364,6.383838383838384,0.5179856115107914,0.5197368421052632,De $900 mil a $1 millón,950000
260,Centros de Formación Técnica,CFT SANTO TOMAS,6 años,Tecnología,Técnico en Construcción y Obras Civiles,Técnico en Construcciones Civiles,0.4614121510673235,0.6253164556962025,6.301980198019803,0.5538922155688623,0.6111111111111112,De $900 mil a $1 millón,950000
426,Centros de Formación Técnica,CFT ESCUELA DE COMERCIO,No,Administración y Comercio,Técnico en Contabilidad General,Técnico en Contabilidad General,0.2627450980392157,s/i,6.791044776119406,0.7821782178217822,0.7288135593220338,De $1 millón a $1 millón 100 mil,1050000
430,Centros de Formación Técnica,CFT INACAP,7 años,Administración y Comercio,Técnico en Contabilidad General,Técnico en Contabilidad General,0.2616438356164383,0.7185929648241206,7.230240549828179,0.6392405063291139,0.7041156840934372,De $1 millón a $1 millón 100 mil,1050000
629,Centros de Formación Técnica,CFT PUCV,5 años,Administración y Comercio,Técnico en Contabilidad General,Técnico de Nivel Superior en Contabilidad General,0.1229946524064171,0.5857142857142857,5.349206349206349,0.5576923076923077,0.5714285714285714,s/i,
367,Centros de Formación Técnica,CFT SAN AGUSTIN,5 años,Administración y Comercio,Técnico en Contabilidad General,Técnico en Contabilidad General,0.2483221476510067,0.7669172932330827,5.474358974358974,0.5764705882352941,0.6712328767123288,De $900 mil a $1 millón,950000
260,Centros de Formación Técnica,CFT SANTO TOMAS,6 años,Administración y Comercio,Técnico en Contabilidad General,Técnico en Contabilidad General,0.5799180327868853,0.697508896797153,5.125925925925926,0.5367647058823529,0.6532846715328468,De $1 millón a $1 millón 100 mil,1050000
902,Centros de Formación Técnica,CFT DE LA REGION DE ARICA Y PARINACOTA,No,Educación,"Técnico en Deporte, Recreación y Preparación Física",Técnico de Nivel Superior en Deportes y Recreación,0.3503649635036496,s/i,s/i,0.3544303797468354,0.2647058823529412,s/i,
260,Centros de Formación Técnica,CFT SANTO TOMAS,6 años,Educación,"Técnico en Deporte, Recreación y Preparación Física",Preparador Físico y Técnico en Deportes,0.1371249127704117,0.7496095783446122,6.600223964165734,0.3562653562653562,0.4278879015721121,De $700 mil a $800 mil,750000
430,Centros de Formación Técnica,CFT INACAP,7 años,Arte y Arquitectura,Técnico en Diseño de Vestuario,Técnico en Diseño y Producción de Moda,0.0886075949367088,0.6741573033707865,s/i,0.2083333333333333,,s/i,
456,Centros de Formación Técnica,CFT CEDUC - UCN,5 años,Tecnología,Técnico en Electricidad y Electricidad Industrial,"Técnico en Electricidad, Eficiencia Energética y Electrónica Industrial",0.2008639308855291,0.7040498442367601,6.120567375886523,0.758364312267658,0.8146341463414634,De $1 millón 300 mil a $1 millón 400 mil,1350000
902,Centros de Formación Técnica,CFT DE LA REGION DE ARICA Y PARINACOTA,No,Tecnología,Técnico en Electricidad y Electricidad Industrial,Técnico de Nivel Superior en Proyectos Eléctricos de Distribución,0.146551724137931,0.6829268292682927,6.153846153846154,0.7647058823529411,0.8,s/i,
430,Centros de Formación Técnica,CFT INACAP,7 años,Tecnología,Técnico en Electricidad y Electricidad Industrial,Técnico en Electricidad Industrial,0.2490823282642894,0.7048377219840783,7.199704142011834,0.7387318563789153,0.7599323753169906,De $1 millón 200 mil a $1 millón 300 mil,1250000
629,Centros de Formación Técnica,CFT PUCV,5 años,Tecnología,Técnico en Electricidad y Electricidad Industrial,Técnico de Nivel Superior en Electricidad,0.0945945945945946,0.6238532110091743,5.666666666666669,0.8363636363636363,0.8571428571428571,De $1 millón 200 mil a $1 millón 300 mil,1250000
367,Centros de Formación Técnica,CFT SAN AGUSTIN,5 años,Tecnología,Técnico en Electricidad y Electricidad Industrial,Técnico en Redes Eléctricas,0.101010101010101,0.6620689655172414,6.428571428571426,0.7352941176470589,0.8481012658227848,De $1 millón a $1 millón 100 mil,1050000
456,Centros de Formación Técnica,CFT CEDUC - UCN,5 años,Tecnología,Técnico en Electromecánica,Técnico en Electromecánica,0.1295336787564766,0.53125,6.622222222222222,0.8046875,0.8842105263157894,s/i,
430,Centros de Formación Técnica,CFT INACAP,7 años,Tecnología,Técnico en Electromecánica,Técnico en Electromecánica,0.1417721518987341,s/i,6.67,0.7574750830564784,0.828,s/i,
430,Centros de Formación Técnica,CFT INACAP,7 años,Tecnología,Técnico en Electrónica y Electrónica Industrial,Técnico en Electrónica y Electrónica Industrial,0.26878612716763,0.6162790697674418,6.721311475409837,0.6976744186046512,0.7689243027888446,De $1 millón 100 mil a $1 millón 200 mil,1150000
456,Centros de Formación Técnica,CFT CEDUC - UCN,5 años,Salud,Técnico en Enfermería,Técnico en Enfermería y Telemedicina,0.0505836575875486,0.6858974358974359,5.752212389380528,0.6081871345029239,0.6589147286821705,De $700 mil a $800 mil,750000
218,Centros de Formación Técnica,CFT DE ENAC,6 años,Salud,Técnico en Enfermería,Técnico en Enfermería,0.0316642120765832,0.5584415584415584,5.598915989159891,0.6873184898354308,0.7383444338725024,De $900 mil a $1 millón,950000
902,Centros de Formación Técnica,CFT DE LA REGION DE ARICA Y PARINACOTA,No,Salud,Técnico en Enfermería,Técnico de Nivel Superior en Enfermería,0.0485436893203883,0.7272727272727273,5.1969696969696955,0.4912280701754385,,s/i,
911,Centros de Formación Técnica,CFT DE LA REGION DE VALPARAISO,No,Salud,Técnico en Enfermería,Técnico de Nivel Superior en Enfermería,0.0393258426966292,0.6776859504132231,6.31034482758621,0.5961538461538461,0.6153846153846154,s/i,
536,Centros de Formación Técnica,CFT DE TARAPACA,No,Salud,Técnico en Enfermería,Técnico de Nivel Superior en Enfermería,0.0227272727272727,s/i,s/i,0.4210526315789473,0.492063492063492,De $800 mil a $900 mil,850000
430,Centros de Formación Técnica,CFT INACAP,7 años,Salud,Técnico en Enfermería,Técnico en Enfermería,0.0422727272727272,0.75736568457539,5.784482758620691,0.6306517909571344,0.7051013277428372,De $800 mil a $900 mil,850000
214,Centros de Formación Técnica,CFT INSTITUTO CENTRAL DE CAPACITACION EDUCACIONAL ICCE,No,Salud,Técnico en Enfermería,Técnico en Enfermería,0.3333333333333333,s/i,s/i,0.7627118644067796,,s/i,
280,Centros de Formación Técnica,CFT LOS LAGOS,No,Salud,Técnico en Enfermería,Técnico en Enfermería,0.0869565217391304,s/i,s/i,0.7272727272727273,0.7461538461538462,De $800 mil a $900 mil,850000
319,Centros de Formación Técnica,CFT PRODATA,No,Salud,Técnico en Enfermería,Técnico en Enfermería,0.0544747081712062,0.7835820895522388,4.69230769230769,0.7230769230769231,0.7361111111111112,s/i,
629,Centros de Formación Técnica,CFT PUCV,5 años,Salud,Técnico en Enfermería,Técnico de Nivel Superior en Enfermería,0.0233644859813084,0.7877984084880637,5.887931034482759,0.6044303797468354,0.6621004566210046,De $800 mil a $900 mil,850000
367,Centros de Formación Técnica,CFT SAN AGUSTIN,5 años,Salud,Técnico en Enfermería,Técnico en Enfermería,0.0242792109256449,0.7315789473684211,5.8638297872340415,0.4405594405594406,0.5583756345177665,De $700 mil a $800 mil,750000
260,Centros de Formación Técnica,CFT SANTO TOMAS,6 años,Salud,Técnico en Enfermería,Técnico en Enfermería,0.0582045817794352,0.7906849315068493,6.476500697999069,0.5979046242774566,0.690379258624384,De $800 mil a $900 mil,850000
633,Centros de Formación Técnica,CFT TEODORO WICKEL KLUWEN,No,Salud,Técnico en Enfermería,Técnico de Nivel Superior en Enfermería,0.0209790209790209,0.6551724137931034,4.380681818181818,0.449074074074074,0.64,De $700 mil a $800 mil,750000
312,Centros de Formación Técnica,CFT CENCO,3 años,Salud,Técnico en Farmacia,Técnico de Nivel Superior en Farmacia,0.0386666666666666,0.8666666666666667,s/i,0.8518518518518519,0.826530612244898,s/i,
218,Centros de Formación Técnica,CFT DE ENAC,6 años,Salud,Técnico en Farmacia,Técnico en Farmacia,0.0737704918032786,0.5217391304347826,5.8095238095238075,0.7428571428571429,0.7,De $1 millón a $1 millón 100 mil,1050000
430,Centros de Formación Técnica,CFT INACAP,7 años,Salud,Técnico en Farmacia,Técnico en Farmacia,0.0495207667731629,0.7905882352941176,5.935483870967742,0.6959619952494062,0.7569230769230769,s/i,
260,Centros de Formación Técnica,CFT SANTO TOMAS,6 años,Salud,Técnico en Farmacia,Técnico en Farmacia,0.0344827586206896,0.7839506172839507,6.361702127659575,0.7278911564625851,0.7777777777777778,s/i,
218,Centros de Formación Técnica,CFT DE ENAC,6 años,Administración y Comercio,Técnico en Gastronomía y Cocina,Técnico en Gastronomía,0.0235294117647058,0.5828877005347594,6.290322580645159,0.5486725663716814,0.6129032258064516,s/i,
730,Centros de Formación Técnica,CFT ESCUELA CULINARIA FRANCESA,4 años,Administración y Comercio,Técnico en Gastronomía y Cocina,Diplome Superieur Ecole Culinaire Francaise,0.0476190476190476,0.7333333333333333,6.564356435643562,0.3373493975903614,,De $900 mil a $1 millón,950000
430,Centros de Formación Técnica,CFT INACAP,7 años,Administración y Comercio,Técnico en Gastronomía y Cocina,Técnico en Gastronomía Internacional y Gastronomía,0.1411423841059602,0.7662337662337663,6.569667738478028,0.4036374303314755,0.4698242933537051,De $700 mil a $800 mil,750000
257,Centros de Formación Técnica,CFT JUAN BOHON,4 años,Administración y Comercio,Técnico en Gastronomía y Cocina,Técnico en Gastronomía y Cocina Internacional,0.062111801242236,0.6904761904761905,6.352941176470587,0.5175438596491229,0.4534883720930232,s/i,
629,Centros de Formación Técnica,CFT PUCV,5 años,Administración y Comercio,Técnico en Gastronomía y Cocina,Técnico de Nivel Superior en Gastronomía Internacional,0.0364963503649635,0.8098591549295775,5.304347826086958,0.3333333333333333,0.293103448275862,s/i,
260,Centros de Formación Técnica,CFT SANTO TOMAS,6 años,Administración y Comercio,Técnico en Gastronomía y Cocina,Técnico en Gastronomía Internacional y Tradicional Chilena,0.0386542591267,0.7392156862745098,6.410112359550563,0.4065040650406504,0.5014492753623189,De $700 mil a $800 mil,750000
902,Centros de Formación Técnica,CFT DE LA REGION DE ARICA Y PARINACOTA,No,Ciencias Básicas,Técnico en Geología,Técnico de Nivel Superior en Geología,0.109090909090909,s/i,s/i,0.525,,s/i,
456,Centros de Formación Técnica,CFT CEDUC - UCN,5 años,Ciencias Básicas,Técnico en Geominería,Técnico en Geominería,0.2857142857142857,0.6923076923076923,s/i,0.6976744186046512,0.725,De $1 millón 100 mil a $1 millón 200 mil,1150000
456,Centros de Formación Técnica,CFT CEDUC - UCN,5 años,Tecnología,"Técnico en Instrumentación, Automatización y Control Industrial",Técnico en Instrumentación y Control Industrial,0.2716763005780346,0.6521739130434783,6.522727272727272,0.8152173913043478,0.8734177215189873,De $1 millón 600 mil a $1 millón 700 mil,1650000
430,Centros de Formación Técnica,CFT INACAP,7 años,Tecnología,"Técnico en Instrumentación, Automatización y Control Industrial","Técnico en Automatización y Control Industrial, Automatización y Robótica",0.2810978308986277,0.6802721088435374,7.490721649484536,0.7754508435136708,0.8297172912557528,De $1 millón 400 mil a $1 millón 500 mil,1450000
257,Centros de Formación Técnica,CFT JUAN BOHON,4 años,Tecnología,"Técnico en Instrumentación, Automatización y Control Industrial","Técnico en Instrumentación, Automatización y Control Industrial",0.3835616438356164,s/i,s/i,0.8611111111111112,,s/i,
450,Centros de Formación Técnica,CFT LOTA-ARAUCO,4 años,Tecnología,"Técnico en Instrumentación, Automatización y Control Industrial",Técnico en Instrumentación y Automatización Industrial,0.2566371681415929,0.4864864864864865,s/i,0.6938775510204082,0.7543859649122807,s/i,
367,Centros de Formación Técnica,CFT SAN AGUSTIN,5 años,Tecnología,"Técnico en Instrumentación, Automatización y Control Industrial",Técnico en Automatización y Control Industrial,0.2395833333333333,0.4642857142857143,6.862068965517242,0.7538461538461538,0.6785714285714286,De $1 millón 100 mil a $1 millón 200 mil,1150000
218,Centros de Formación Técnica,CFT DE ENAC,6 años,Salud,Técnico en Laboratorio Clínico,Técnico en Laboratorio Clínico y Banco de Sangre,0.054054054054054,0.6119402985074627,5.508474576271187,0.5901639344262295,0.6818181818181818,De $800 mil a $900 mil,850000
430,Centros de Formación Técnica,CFT INACAP,7 años,Salud,Técnico en Laboratorio Clínico,"Técnico Laboratorista Clínico, Banco de Sangre e Imagenología",0.0422885572139303,0.8,5.752475247524751,0.627831715210356,0.7416974169741697,De $700 mil a $800 mil,750000
260,Centros de Formación Técnica,CFT SANTO TOMAS,6 años,Salud,Técnico en Laboratorio Clínico,Técnico en Laboratorio Clínico Banco de Sangre e Imagenología,0.0761346998535871,0.8458646616541353,6.492063492063491,0.6231343283582089,0.6994535519125683,De $800 mil a $900 mil,850000
218,Centros de Formación Técnica,CFT DE ENAC,6 años,Administración y Comercio,Técnico en Logística,Técnico en Logística,0.4519230769230769,0.42857142857142855,s/i,0.65625,0.6521739130434783,s/i,
902,Centros de Formación Técnica,CFT DE LA REGION DE ARICA Y PARINACOTA,No,Administración y Comercio,Técnico en Logística,Técnico de Nivel Superior en Control de Gestión y Logística,0.4418604651162791,0.6710526315789473,5.9743589743589745,0.6216216216216216,,s/i,
426,Centros de Formación Técnica,CFT ESCUELA DE COMERCIO,No,Administración y Comercio,Técnico en Logística,Técnico en Logística Operativa,0.3579335793357933,s/i,5.78048780487805,0.8524590163934426,0.8407079646017699,De $1 millón 100 mil a $1 millón 200 mil,1150000
430,Centros de Formación Técnica,CFT INACAP,7 años,Administración y Comercio,Técnico en Logística,Técnico en Logística y Operaciones Industriales,0.3433696348494555,0.7300930713547052,5.720657276995306,0.6555977229601518,0.7256038647342995,De $1 millón 200 mil a $1 millón 300 mil,1250000
260,Centros de Formación Técnica,CFT SANTO TOMAS,6 años,Administración y Comercio,Técnico en Logística,Técnico en Administración Logística,0.4723707664884135,0.6981627296587927,5.607142857142857,0.7445482866043613,0.8436213991769548,De $1 millón 100 mil a $1 millón 200 mil,1150000
456,Centros de Formación Técnica,CFT CEDUC - UCN,5 años,Tecnología,Técnico en Mantenimiento Industrial,"Técnico en Maquinaria Pesada, Mantenimiento Industrial y Mecatrónica",0.0786106032906764,0.7266775777414075,6.132275132275132,0.7572115384615384,0.7751677852348994,De $1 millón 200 mil a $1 millón 300 mil,1250000
430,Centros de Formación Técnica,CFT INACAP,7 años,Tecnología,Técnico en Mantenimiento Industrial,Técnico en Mantenimiento Industrial,0.2686195076347772,0.765625,6.926174496644295,0.7878914405010439,0.8332525448376151,De $1 millón 200 mil a $1 millón 300 mil,1250000
257,Centros de Formación Técnica,CFT JUAN BOHON,4 años,Tecnología,Técnico en Mantenimiento Industrial,Técnico en Operación y Mantención de Maquinaria Pesada,0.0512820512820512,0.6847826086956522,5.8974358974359,0.711864406779661,,s/i,
629,Centros de Formación Técnica,CFT PUCV,5 años,Tecnología,Técnico en Mantenimiento Industrial,Técnico de Nivel Superior en Mantención Industrial,0.1513513513513513,0.6981132075471698,6.527777777777778,0.7738095238095238,0.8181818181818182,De $1 millón 500 mil a $1 millón 600 mil,1550000
218,Centros de Formación Técnica,CFT DE ENAC,6 años,Salud,Técnico en Masoterapia,Técnico en Masoterapia,0.0516129032258064,0.6142857142857143,6.235294117647057,0.2708333333333333,0.425287356321839,s/i,
430,Centros de Formación Técnica,CFT INACAP,7 años,Tecnología,Técnico en Mecánica Automotriz,Técnico en Mecánica Automotriz,0.2045208236569128,0.6942990911594602,6.969303423848877,0.7093543575538035,0.7425149700598802,De $1 millón 100 mil a $1 millón 200 mil,1150000
629,Centros de Formación Técnica,CFT PUCV,5 años,Tecnología,Técnico en Mecánica Automotriz,Técnico de Nivel Superior en Mecánica Automotriz,0.081081081081081,0.6829268292682927,5.921052631578949,0.5869565217391305,,s/i,
367,Centros de Formación Técnica,CFT SAN AGUSTIN,5 años,Tecnología,Técnico en Mecánica Automotriz,Técnico en Mecánica Automotriz y Autotrónica,0.024390243902439,0.48214285714285715,5.620689655172418,0.5576923076923077,0.6,s/i,
456,Centros de Formación Técnica,CFT CEDUC - UCN,5 años,Tecnología,Técnico en Mecánica Industrial,Técnico en Mecánica de Equipo Pesado,0.1313432835820895,0.6643356643356644,6.317757009345794,0.8356807511737089,0.7880434782608695,De $1 millón 300 mil a $1 millón 400 mil,1350000
430,Centros de Formación Técnica,CFT INACAP,7 años,Tecnología,Técnico en Mecánica Industrial,Técnico en Mecánica en Producción Industrial,0.1720430107526881,s/i,s/i,0.8732394366197183,0.8493150684931506,De $1 millón 200 mil a $1 millón 300 mil,1250000
257,Centros de Formación Técnica,CFT JUAN BOHON,4 años,Tecnología,Técnico en Mecánica Industrial,Técnico en Mantenimiento Mecánico Industrial y Mecánico en Maquinaria Pesada,0.298780487804878,0.64,6,0.8548387096774194,,De $1 millón 400 mil a $1 millón 500 mil,1450000
450,Centros de Formación Técnica,CFT LOTA-ARAUCO,4 años,Tecnología,Técnico en Mecánica Industrial,Técnico en Mecánica Industrial,0.1495327102803738,0.45588235294117646,6.068965517241379,0.68,0.78125,De $1 millón 100 mil a $1 millón 200 mil,1150000
260,Centros de Formación Técnica,CFT SANTO TOMAS,6 años,Tecnología,Técnico en Medio Ambiente (Control y Gestión),Técnico en Gestión de Medio Ambiente,0.1166666666666666,s/i,6.423076923076922,0.6585365853658537,,s/i,
430,Centros de Formación Técnica,CFT INACAP,7 años,Tecnología,Técnico en Metalurgia,Técnico en Metalurgia Extractiva,0.3933054393305439,0.6134453781512605,7.333333333333332,0.8435754189944135,0.86875,De $2 millones a $2 millones 100 mil,2050000
456,Centros de Formación Técnica,CFT CEDUC - UCN,5 años,Tecnología,Técnico en Minería,Técnico en Operación de Plantas Mineras,0.1813471502590673,0.582089552238806,6.781818181818182,0.8059701492537313,0.7981651376146789,De $1 millón 600 mil a $1 millón 700 mil,1650000
430,Centros de Formación Técnica,CFT INACAP,7 años,Tecnología,Técnico en Minería,Técnico en Minería,0.3272727272727272,0.6791744840525328,7.42,0.785876993166287,0.8160237388724035,De $1 millón 600 mil a $1 millón 700 mil,1650000
629,Centros de Formación Técnica,CFT PUCV,5 años,Tecnología,Técnico en Minería,Técnico de Nivel Superior en Operaciones Mineras,0.2027972027972027,0.7804878048780488,6.45,0.7425742574257426,0.7948717948717948,De $1 millón 300 mil a $1 millón 400 mil,1350000
218,Centros de Formación Técnica,CFT DE ENAC,6 años,Arte y Arquitectura,Técnico en Peluquería y Estética,Técnico en Cosmetología y Estética Integral,0.026378896882494,0.6207407407407407,6.100456621004563,0.2792452830188679,0.3089005235602094,s/i,
257,Centros de Formación Técnica,CFT JUAN BOHON,4 años,Arte y Arquitectura,Técnico en Peluquería y Estética,Técnico en Estética Industrial,0.0672268907563025,0.5638297872340425,5.923076923076923,0.265625,,s/i,
367,Centros de Formación Técnica,CFT SAN AGUSTIN,5 años,Arte y Arquitectura,Técnico en Peluquería y Estética,Técnico en Cosmetología y Estética Integral,0.0288808664259927,0.7405405405405405,5.87378640776699,0.0857142857142857,0.3529411764705882,s/i,
218,Centros de Formación Técnica,CFT DE ENAC,6 años,Salud,Técnico en Podología,Técnico en Podología Clínica,0.0052083333333333,0.6604651162790698,6.033057851239671,0.4285714285714285,0.475,s/i,
260,Centros de Formación Técnica,CFT SANTO TOMAS,6 años,Salud,Técnico en Podología,Técnico en Podología Clínica,0.0234113712374581,0.89375,6.160869565217394,0.3131313131313131,0.4275862068965517,De $700 mil a $800 mil,750000
430,Centros de Formación Técnica,CFT INACAP,7 años,Tecnología,Técnico en Prevención de Riesgos,Técnico en Prevención de Riesgos,0.1322314049586777,0.7181102362204724,s/i,0.6920245398773006,0.6672268907563025,De $1 millón 100 mil a $1 millón 200 mil,1150000
367,Centros de Formación Técnica,CFT SAN AGUSTIN,5 años,Tecnología,Técnico en Prevención de Riesgos,Técnico en Prevención de Riesgos,0.24,0.5517241379310345,s/i,0.4,0.4102564102564102,De $800 mil a $900 mil,850000
260,Centros de Formación Técnica,CFT SANTO TOMAS,6 años,Tecnología,Técnico en Prevención de Riesgos,Técnico en Prevención de Riesgos,0.1442307692307692,s/i,s/i,0.6111111111111112,0.68,De $1 millón a $1 millón 100 mil,1050000
456,Centros de Formación Técnica,CFT CEDUC - UCN,5 años,Ciencias Sociales,Técnico en Prevención y Rehabilitación,Técnico en Intervención y Rehabilitación Psicosocial,0.1505376344086021,0.6077348066298343,5.831460674157303,0.3582887700534759,0.375,s/i,
218,Centros de Formación Técnica,CFT DE ENAC,6 años,Ciencias Sociales,Técnico en Prevención y Rehabilitación,Técnico en Prevención y Rehabilitación de Adicciones,0.2074074074074074,0.6271186440677966,6.0540540540540535,0.5070422535211268,0.484375,s/i,
430,Centros de Formación Técnica,CFT INACAP,7 años,Tecnología,Técnico en Procesos Industriales,Técnico en Fabricación y Montaje Industrial,0.1595744680851064,s/i,s/i,0.6666666666666666,0.819672131147541,De $1 millón a $1 millón 100 mil,1050000
430,Centros de Formación Técnica,CFT INACAP,7 años,Arte y Arquitectura,Técnico en Producción Gráfica y Multimedia,Técnico en Diseño y Producción Gráfica,0.0868824531516184,s/i,7.295454545454546,0.3481675392670157,0.3992673992673993,De $800 mil a $900 mil,850000
430,Centros de Formación Técnica,CFT INACAP,7 años,Ciencias Básicas,Técnico en Química (Análisis e Industrial),Tecnología en Análisis Químico,0.1661237785016286,0.788135593220339,8.79245283018868,0.759493670886076,0.832,De $1 millón a $1 millón 100 mil,1050000
260,Centros de Formación Técnica,CFT SANTO TOMAS,6 años,Ciencias Básicas,Técnico en Química (Análisis e Industrial),Técnico en Análisis Químico,0.1333333333333333,s/i,s/i,0.6379310344827587,0.6808510638297872,s/i,
218,Centros de Formación Técnica,CFT DE ENAC,6 años,Salud,Técnico en Radiología y Radioterapia,Técnico en Imagenología y Radioterapia,0.0346320346320346,0.673469387755102,5.586206896551722,0.6951219512195121,0.7417218543046358,De $800 mil a $900 mil,850000
430,Centros de Formación Técnica,CFT INACAP,7 años,Tecnología,Técnico en Refrigeración y Climatización,Técnico en Refrigeración y Climatización,0.1992481203007518,0.6529411764705882,7.306451612903225,0.703125,0.8253012048192772,De $1 millón a $1 millón 100 mil,1050000
218,Centros de Formación Técnica,CFT DE ENAC,6 años,Ciencias Sociales,Técnico en Servicio Social,Técnico en Trabajo Social,0.3014440433212996,0.625,6.4100719424460415,0.3611111111111111,0.4699248120300752,De $700 mil a $800 mil,750000
902,Centros de Formación Técnica,CFT DE LA REGION DE ARICA Y PARINACOTA,No,Ciencias Sociales,Técnico en Servicio Social,Técnico de Nivel Superior en Trabajo Social,0.3348214285714285,0.717948717948718,s/i,0.3037974683544304,0.3285714285714285,s/i,
450,Centros de Formación Técnica,CFT LOTA-ARAUCO,4 años,Ciencias Sociales,Técnico en Servicio Social,Técnico en Trabajo Social,0.3036649214659686,0.6206896551724138,5.526315789473683,0.25,,s/i,
629,Centros de Formación Técnica,CFT PUCV,5 años,Ciencias Sociales,Técnico en Servicio Social,Técnico de Nivel Superior en Trabajo Social,0.207070707070707,0.8173719376391982,5.234875444839857,0.2957746478873239,0.39,s/i,
367,Centros de Formación Técnica,CFT SAN AGUSTIN,5 años,Ciencias Sociales,Técnico en Servicio Social,Técnico en Trabajo Social,0.2998430141287284,0.6544117647058824,5.963350785340313,0.2897196261682243,0.3550295857988165,De $700 mil a $800 mil,750000
430,Centros de Formación Técnica,CFT INACAP,7 años,Tecnología,Técnico en Telecomunicaciones,"Técnico en Telecomunicaciones, Conectividad y Redes",0.1930320150659133,0.6766666666666666,7.673913043478261,0.711051930758988,0.7835570469798657,De $1 millón 100 mil a $1 millón 200 mil,1150000
218,Centros de Formación Técnica,CFT DE ENAC,6 años,Salud,Técnico en Terapias Naturales y Naturopatía,Técnico en Terapias Complementarias de Salud,0.1078431372549019,0.7159090909090909,6.379310344827588,0.2105263157894736,0.3666666666666666,s/i,
430,Centros de Formación Técnica,CFT INACAP,7 años,Tecnología,Técnico en Topografía,Técnico en Topografía,0.1266375545851528,0.7371794871794872,7.396341463414634,0.6130841121495327,0.6848484848484848,De $1 millón 200 mil a $1 millón 300 mil,1250000
260,Centros de Formación Técnica,CFT SANTO TOMAS,6 años,Tecnología,Técnico en Topografía,Técnico en Topografía,0.286783042394015,0.6,6.726315789473684,0.6196581196581197,0.6847290640394089,De $1 millón 200 mil a $1 millón 300 mil,1250000
450,Centros de Formación Técnica,CFT LOTA-ARAUCO,4 años,Tecnología,Técnico en Transporte Marítimo y Puertos,Técnico en Gestión Portuaria y Pesquera,0.1363636363636363,0.5581395348837209,5.974358974358977,0.4736842105263157,0.5,s/i,
218,Centros de Formación Técnica,CFT DE ENAC,6 años,Administración y Comercio,Técnico en Turismo y Hotelería,Técnico en Hotelería y Turismo,0.0404040404040404,0.6666666666666666,6.5625,0.4225352112676056,0.6274509803921569,s/i,
435,Centros de Formación Técnica,CFT DEL MEDIO AMBIENTE,3 años,Administración y Comercio,Técnico en Turismo y Hotelería,Técnico en Ecoturismo,0.021505376344086,s/i,s/i,0.3174603174603174,0.4117647058823529,s/i,
430,Centros de Formación Técnica,CFT INACAP,7 años,Administración y Comercio,Técnico en Turismo y Hotelería,Técnico en Turismo y en Hotelería y Servicios,0.1359093937375083,0.7292929292929293,7.698863636363637,0.3689482470784641,0.4364583333333333,De $700 mil a $800 mil,750000
629,Centros de Formación Técnica,CFT PUCV,5 años,Administración y Comercio,Técnico en Turismo y Hotelería,Técnico de Nivel Superior en Turismo y Hotelería,0.0714285714285714,s/i,s/i,0.2916666666666667,,s/i,
260,Centros de Formación Técnica,CFT SANTO TOMAS,6 años,Administración y Comercio,Técnico en Turismo y Hotelería,"Técnico en Hotelería y Turismo, en Turismo Aventura, y en Servicios Aerocomerciales y Transportes Turísticos",0.0681198910081744,0.7572815533980582,6.495798319327731,0.5443037974683544,0.5748987854251012,De $700 mil a $800 mil,750000
902,Centros de Formación Técnica,CFT DE LA REGION DE ARICA Y PARINACOTA,No,Derecho,Técnico Jurídico,Técnico de Nivel Superior en Asistencia Jurídica,0.1095890410958904,s/i,s/i,0.25,,s/i,
260,Centros de Formación Técnica,CFT SANTO TOMAS,6 años,Derecho,Técnico Jurídico,Técnico Jurídico,0.2323369565217391,0.7431192660550459,6.303797468354431,0.4897959183673469,0.5885885885885885,De $800 mil a $900 mil,850000
260,Centros de Formación Técnica,CFT SANTO TOMAS,6 años,Salud,Técnico Laboratorista Dental,Técnico Laboratorista Dental,0.0343347639484978,0.8117647058823529,6.178807947019866,0.4335443037974683,0.5313807531380753,De $700 mil a $800 mil,750000
435,Centros de Formación Técnica,CFT DEL MEDIO AMBIENTE,3 años,Agropecuaria,Técnico Veterinario,Técnico Veterinario,0.0903614457831325,0.69,7.176470588235295,0.4623655913978494,0.5362318840579711,De $700 mil a $800 mil,750000
427,Centros de Formación Técnica,CFT LAPLACE,No,Agropecuaria,Técnico Veterinario,Técnico de Nivel Superior Veterinario,0.0952380952380952,0.5294117647058824,6,0.3333333333333333,,s/i,
260,Centros de Formación Técnica,CFT SANTO TOMAS,6 años,Agropecuaria,Técnico Veterinario,Técnico en Veterinaria y Producción Pecuaria,0.0972762645914396,0.849802371541502,6.374768089053801,0.4099895941727367,0.4984177215189873,De $700 mil a $800 mil,750000
143,Insitutos Profesionales,IP AIEP,5 años,Arte y Arquitectura,Actuación y Teatro,Teatro,0.0166666666666666,s/i,s/i,0.2448979591836734,,s/i,
111,Insitutos Profesionales,IP DUOC UC,7 años,Arte y Arquitectura,Actuación y Teatro,Actuación,0.0471204188481675,0.8023255813953488,9.599999999999998,0.19375,0.2755905511811024,s/i,
143,Insitutos Profesionales,IP AIEP,5 años,Administración y Comercio,Administración de Empresas e Ing. Asociadas,Ingeniería de Ejecución en Administración de Empresas,0.1490928214567446,0.6552346570397112,10.491358024691355,0.7758094074526573,0.8011204481792717,De $1 millón 200 mil a $1 millón 300 mil,1250000
123,Insitutos Profesionales,IP DE CHILE,5 años,Administración y Comercio,Administración de Empresas e Ing. Asociadas,Ingeniería en Administración de Empresas,0.0349794238683127,0.6568627450980392,9.624999999999998,0.7106598984771574,0.7488151658767772,De $1 millón 200 mil a $1 millón 300 mil,1250000
176,Insitutos Profesionales,IP DEL VALLE CENTRAL,No,Administración y Comercio,Administración de Empresas e Ing. Asociadas,Ingeniería de Ejedución en Administración de Empresas,0.005813953488372,s/i,s/i,0.8636363636363636,,s/i,
139,Insitutos Profesionales,IP DR. VIRGINIO GOMEZ G.,4 años,Administración y Comercio,Administración de Empresas e Ing. Asociadas,Ingeniería de Ejecución en Administración,0.0588235294117647,0.8384615384615385,9.800000000000002,0.553030303030303,0.6901408450704225,De $1 millón a $1 millón 100 mil,1050000
111,Insitutos Profesionales,IP DUOC UC,7 años,Administración y Comercio,Administración de Empresas e Ing. Asociadas,Ingeniería en Administración,0.0291970802919708,0.7071129707112971,12.411764705882364,0.7173652694610778,0.763938315539739,De $1 millón 200 mil a $1 millón 300 mil,1250000
117,Insitutos Profesionales,IP IACC,4 años,Administración y Comercio,Administración de Empresas e Ing. Asociadas,Ingeniería en Administración de Empresas,0.0419397116644823,0.6850094876660342,9.53030303030303,0.8850574712643678,0.9056603773584906,s/i,
100,Insitutos Profesionales,IP INACAP,7 años,Administración y Comercio,Administración de Empresas e Ing. Asociadas,Ingeniería en Administración de Empresas,0.0242990654205607,0.7882851093860268,9.756923076923078,0.7119565217391305,0.8923076923076924,s/i,
103,Insitutos Profesionales,IP INSTITUTO DE ESTUDIOS BANCARIOS GUILLERMO SUBERCASEAUX,No,Administración y Comercio,Administración de Empresas e Ing. Asociadas,Ingeniería en Administración de Empresas Financieras,0.0178861788617886,s/i,9.944625407166113,0.7079646017699115,0.7877358490566038,De $1 millón 300 mil a $1 millón 400 mil,1350000
152,Insitutos Profesionales,IP LATINOAMERICANO DE COMERCIO EXTERIOR - IPLACEX,4 años,Administración y Comercio,Administración de Empresas e Ing. Asociadas,Ingeniería de Ejecución en Administración e Ingeniería de Administración de Empresas,0.0202380952380952,0.7925925925925926,10.067415730337075,0.924812030075188,0.9576271186440678,De $1 millón 500 mil a $1 millón 600 mil,1550000
165,Insitutos Profesionales,IP LOS LAGOS,No,Administración y Comercio,Administración de Empresas e Ing. Asociadas,Ingeniería en Administración de Empresas,0.0610328638497652,s/i,s/i,0.75,0.8205128205128205,De $1 millón 100 mil a $1 millón 200 mil,1150000
155,Insitutos Profesionales,IP LOS LEONES,3 años,Administración y Comercio,Administración de Empresas e Ing. Asociadas,Ingeniería en Administración de Negocios y Gestión Comercial,0.06,s/i,s/i,0.8536585365853658,0.825,s/i,
106,Insitutos Profesionales,IP PROVIDENCIA,3 años,Administración y Comercio,Administración de Empresas e Ing. Asociadas,Ingeniería en Administración y en Administración de Empresas,0.0724233983286908,0.5601173020527859,10.4716981132075,0.7962962962962963,,s/i,
116,Insitutos Profesionales,IP SANTO TOMAS,5 años,Administración y Comercio,Administración de Empresas e Ing. Asociadas,Ingeniería de Ejecución en Administración,0.0565888405223585,0.7214885954381752,10.182879377431908,0.7330415754923414,0.8023450586264657,De $1 millón 200 mil a $1 millón 300 mil,1250000
111,Insitutos Profesionales,IP DUOC UC,7 años,Administración y Comercio,Administración Gastronómica,Gastronomía Internacional,0.0292207792207792,0.8324022346368715,9.631268436578177,0.4663366336633663,0.549685534591195,De $800 mil a $900 mil,850000
100,Insitutos Profesionales,IP INACAP,7 años,Administración y Comercio,Administración Gastronómica,Administración Gastronómica Internacional,0.035840188014101,0.8637532133676092,11.018333333333324,0.5228464419475656,0.5610902255639098,De $800 mil a $900 mil,850000
676,Insitutos Profesionales,IP INSTITUTO INTERNACIONAL DE ARTES CULINARIAS Y SERVICIOS,6 años,Administración y Comercio,Administración Gastronómica,Administración de Artes Culinarias y Servicios,0.0745341614906832,0.82,9.56,0.4372294372294372,0.4973262032085561,De $900 mil a $1 millón,950000
152,Insitutos Profesionales,IP LATINOAMERICANO DE COMERCIO EXTERIOR - IPLACEX,4 años,Ciencias Sociales,Administración Pública,Administración Pública,0.0137844611528822,0.8386581469648562,8.995381062355658,0.9452054794520548,0.9491525423728814,De $1 millón 700 mil a $1 millón 800 mil,1750000
123,Insitutos Profesionales,IP DE CHILE,5 años,Administración y Comercio,Administración Turística y Hotelera,Ingeniería en Gestión Turística,0.0151515151515151,s/i,s/i,0.4727272727272727,,s/i,
111,Insitutos Profesionales,IP DUOC UC,7 años,Administración y Comercio,Administración Turística y Hotelera,"Turismo y Hotelería, Ecoturismo y Tourism and Hospitality",0.0232230823363828,0.8050660792951542,9.653357531760442,0.4403747870528109,0.5466417910447762,De $800 mil a $900 mil,850000
100,Insitutos Profesionales,IP INACAP,7 años,Administración y Comercio,Administración Turística y Hotelera,Administración en Hotelería y Servicios y Administración Turística Internacional,0.0410958904109589,0.7718120805369127,10.754385964912277,0.546594982078853,0.6153846153846154,De $900 mil a $1 millón,950000
144,Insitutos Profesionales,IP ARCOS,No,Arte y Arquitectura,Animación Digital,Animación 3D,0.0493827160493827,0.37349397590361444,9.26923076923077,0.2244897959183673,0.4390243902439024,s/i,
111,Insitutos Profesionales,IP DUOC UC,7 años,Arte y Arquitectura,Animación Digital,Animación Digital,0.0281124497991967,0.8470873786407767,10.696078431372548,0.3801169590643274,0.4755244755244755,De $1 millón a $1 millón 100 mil,1050000
116,Insitutos Profesionales,IP SANTO TOMAS,5 años,Arte y Arquitectura,Animación Digital,Animación Digital y Multimedia,0.008130081300813,0.825136612021858,9.88461538461539,0.313953488372093,0.4242424242424242,De $800 mil a $900 mil,850000
144,Insitutos Profesionales,IP ARCOS,No,Arte y Arquitectura,Comunicación Audiovisual y/o Multimedia,Comunicación Audiovisual,0.0661157024793388,0.4482758620689655,8.89473684210526,0.3260869565217391,,s/i,
123,Insitutos Profesionales,IP DE CHILE,5 años,Arte y Arquitectura,Comunicación Audiovisual y/o Multimedia,Comunicación Audiovisual,0.0470588235294117,0.7647058823529411,s/i,0.5915492957746479,0.6805555555555556,s/i,
111,Insitutos Profesionales,IP DUOC UC,7 años,Arte y Arquitectura,Comunicación Audiovisual y/o Multimedia,Comunicación Audiovisual,0.0249653259361997,0.8461538461538461,9.52,0.4749163879598662,0.5623762376237624,De $900 mil a $1 millón,950000
116,Insitutos Profesionales,IP SANTO TOMAS,5 años,Arte y Arquitectura,Comunicación Audiovisual y/o Multimedia,Comunicación Audiovisual Digital,0.0293159609120521,0.8458781362007168,9.294736842105264,0.4571428571428571,0.5673469387755102,De $1 millón a $1 millón 100 mil,1050000
143,Insitutos Profesionales,IP AIEP,5 años,Tecnología,Construcción Civil,Construcción Civil,0.2075471698113207,0.6633466135458167,10.748071979434462,0.7174193548387097,0.7388825541619156,De $1 millón 300 mil a $1 millón 400 mil,1350000
100,Insitutos Profesionales,IP INACAP,7 años,Tecnología,Construcción Civil,Construcción Civil,0.1050484446710861,0.747589833479404,11.88501291989664,0.6768202080237742,0.726959517657192,De $1 millón 300 mil a $1 millón 400 mil,1350000
165,Insitutos Profesionales,IP LOS LAGOS,No,Tecnología,Construcción Civil,Construcción Civil,0.1088888888888888,s/i,s/i,0.788235294117647,0.8125,De $1 millón 300 mil a $1 millón 400 mil,1350000
116,Insitutos Profesionales,IP SANTO TOMAS,5 años,Tecnología,Construcción Civil,Construcción Civil,0.0215686274509803,0.6392857142857142,11.500000000000005,0.6566037735849056,0.7425373134328358,De $1 millón 300 mil a $1 millón 400 mil,1350000
143,Insitutos Profesionales,IP AIEP,5 años,Administración y Comercio,Contador Auditor,Auditoría,0.1091658084449021,0.6848484848484848,10.551495016611291,0.797071129707113,0.8022328548644339,De $1 millón 300 mil a $1 millón 400 mil,1350000
123,Insitutos Profesionales,IP DE CHILE,5 años,Administración y Comercio,Contador Auditor,Auditoría,0.0445859872611464,0.4642857142857143,s/i,0.851063829787234,0.8771929824561403,De $1 millón 300 mil a $1 millón 400 mil,1350000
139,Insitutos Profesionales,IP DR. VIRGINIO GOMEZ G.,4 años,Administración y Comercio,Contador Auditor,Auditoría,0.0128205128205128,0.8240740740740741,9.113207547169813,0.74,0.7282608695652174,De $1 millón a $1 millón 100 mil,1050000
111,Insitutos Profesionales,IP DUOC UC,7 años,Administración y Comercio,Contador Auditor,Auditoría,0.018829308227589,0.8240534521158129,9.610275689223053,0.8029612756264237,0.8470657972732661,De $1 millón 200 mil a $1 millón 300 mil,1250000
171,Insitutos Profesionales,IP ESCUELA DE COMERCIO DE SANTIAGO,3 años,Administración y Comercio,Contador Auditor,Contador Auditor,0.0407239819004524,0.7113821138211383,12.255319148936161,0.8904109589041096,0.8904109589041096,s/i,
104,Insitutos Profesionales,IP ESCUELA DE CONTADORES AUDITORES DE SANTIAGO,4 años,Administración y Comercio,Contador Auditor,Contador Auditor,0.0204678362573099,0.7971014492753623,11.967532467532482,0.895017793594306,0.9298969072164948,De $1 millón 400 mil a $1 millón 500 mil,1450000
103,Insitutos Profesionales,IP INSTITUTO DE ESTUDIOS BANCARIOS GUILLERMO SUBERCASEAUX,No,Administración y Comercio,Contador Auditor,Contador Auditor,0.009375,s/i,9.730061349693251,0.7972350230414746,0.8741721854304636,De $1 millón 300 mil a $1 millón 400 mil,1350000
116,Insitutos Profesionales,IP SANTO TOMAS,5 años,Administración y Comercio,Contador Auditor,Contador Auditor,0.0434782608695652,0.7719298245614035,9.813186813186812,0.8062360801781737,0.8343373493975904,De $1 millón 200 mil a $1 millón 300 mil,1250000
111,Insitutos Profesionales,IP DUOC UC,7 años,Arte y Arquitectura,Diseño de Ambientes e Interiores,Diseño de Ambientes,0.0205278592375366,0.7789855072463768,9.737588652482284,0.4410646387832699,0.5296610169491526,De $900 mil a $1 millón,950000
111,Insitutos Profesionales,IP DUOC UC,7 años,Arte y Arquitectura,Diseño de Vestuario,Diseño de Vestuario,0.031413612565445,0.8806584362139918,9.516949152542374,0.3432835820895522,0.4502369668246445,De $900 mil a $1 millón,950000
100,Insitutos Profesionales,IP INACAP,7 años,Arte y Arquitectura,Diseño de Vestuario,Diseño de Vestuario y de Moda,0.0252100840336134,0.6666666666666666,11.800000000000034,0.437125748502994,0.4871794871794871,De $900 mil a $1 millón,950000
143,Insitutos Profesionales,IP AIEP,5 años,Arte y Arquitectura,Diseño Gráfico,Diseño Gráfico Profesional,0.0777777777777777,0.7005649717514124,10.388888888888877,0.4661016949152542,0.5838926174496645,De $900 mil a $1 millón,950000
144,Insitutos Profesionales,IP ARCOS,No,Arte y Arquitectura,Diseño Gráfico,Diseño Gráfico Multimedia y de Video Juegos,0.0232558139534883,0.3767123287671233,9.076923076923078,0.2882882882882883,0.5106382978723404,s/i,
111,Insitutos Profesionales,IP DUOC UC,7 años,Arte y Arquitectura,Diseño Gráfico,Diseño Gráfico,0.0150214592274678,0.8054226475279107,9.442136498516321,0.425438596491228,0.5666666666666667,De $1 millón a $1 millón 100 mil,1050000
100,Insitutos Profesionales,IP INACAP,7 años,Arte y Arquitectura,Diseño Gráfico,Diseño Gráfico Profesional,0.0209973753280839,0.8136020151133502,10.980707395498387,0.4148550724637681,0.4949290060851927,De $900 mil a $1 millón,950000
116,Insitutos Profesionales,IP SANTO TOMAS,5 años,Arte y Arquitectura,Diseño Gráfico,Diseño Gráfico,0.025522041763341,0.796969696969697,11.33333333333335,0.4092526690391459,0.5061728395061729,De $800 mil a $900 mil,850000
111,Insitutos Profesionales,IP DUOC UC,7 años,Tecnología,Diseño Industrial,Diseño Industrial,0.0252100840336134,0.7877094972067039,9.475247524752472,0.4765625,0.6192307692307693,De $1 millón a $1 millón 100 mil,1050000
123,Insitutos Profesionales,IP DE CHILE,5 años,Salud,Fonoaudiología,Fonoaudiología,0.0898876404494382,0.7906976744186046,13.136363636363637,0.4017341040462427,0.609375,De $900 mil a $1 millón,950000
144,Insitutos Profesionales,IP ARCOS,No,Arte y Arquitectura,Fotografía,Fotografía Profesional,0.032258064516129,0.37398373983739835,9.380952380952378,0.1176470588235294,0.293103448275862,De $900 mil a $1 millón,950000
99,Insitutos Profesionales,IP AGRARIO ADOLFO MATTHEI,5 años,Agropecuaria,Ingeniería Agrícola,Ingeniería de Ejecución en Agronomía,0.0276497695852534,0.8791208791208791,9.08955223880597,0.4959349593495935,0.6290322580645161,De $1 millón a $1 millón 100 mil,1050000
111,Insitutos Profesionales,IP DUOC UC,7 años,Agropecuaria,Ingeniería Agrícola,Ingeniería Agrícola,0.0378619153674833,0.7931034482758621,10.327272727272717,0.5671232876712329,0.6318840579710145,De $1 millón a $1 millón 100 mil,1050000
100,Insitutos Profesionales,IP INACAP,7 años,Agropecuaria,Ingeniería Agrícola,Ingeniería Agrícola e Ingeniería en Producción Ganadera,0.0336581045172719,0.7962962962962963,10.474999999999996,0.5589856670341786,0.6711229946524064,De $1 millón 100 mil a $1 millón 200 mil,1150000
116,Insitutos Profesionales,IP SANTO TOMAS,5 años,Agropecuaria,Ingeniería Agrícola,Ingeniería Agrícola y de Ejecución Agropecuaria,0.0936863543788187,0.813953488372093,s/i,0.6779141104294478,0.7449392712550608,De $1 millón a $1 millón 100 mil,1050000
100,Insitutos Profesionales,IP INACAP,7 años,Tecnología,"Ingeniería en Automatización, Instrumentación y Control","Ingeniería en Automatización y Control Industrial, y Robótica",0.0357142857142857,0.7919621749408984,10.071979434447304,0.8497409326424871,0.8709677419354839,s/i,
116,Insitutos Profesionales,IP SANTO TOMAS,5 años,Tecnología,"Ingeniería en Automatización, Instrumentación y Control",Ingeniería en Automatización y Control Industrial,0.0769230769230769,0.8571428571428571,s/i,0.9361702127659576,0.9210526315789472,s/i,
111,Insitutos Profesionales,IP DUOC UC,7 años,Administración y Comercio,Ingeniería en Comercio Exterior,Ingeniería en Comercio Exterior,0.0213017751479289,0.8319123020706456,9.642857142857148,0.7657784011220197,0.8094488188976378,De $1 millón 200 mil a $1 millón 300 mil,1250000
171,Insitutos Profesionales,IP ESCUELA DE COMERCIO DE SANTIAGO,3 años,Administración y Comercio,Ingeniería en Comercio Exterior,Ingeniería en Comercio Internacional,0.0396825396825396,0.7073170731707317,s/i,0.851063829787234,0.85,s/i,
100,Insitutos Profesionales,IP INACAP,7 años,Administración y Comercio,Ingeniería en Comercio Exterior,Ingeniería en Comercio Exterior,0.0098360655737704,0.7037037037037037,10.420765027322394,0.8451882845188284,0.9102564102564102,De $1 millón 300 mil a $1 millón 400 mil,1350000
143,Insitutos Profesionales,IP AIEP,5 años,Tecnología,Ingeniería en Computación e Informática,Ingeniería de Ejecución en Informática,0.0974512743628185,0.6149584487534626,10.087248322147653,0.7673130193905817,0.8071428571428572,De $1 millón 500 mil a $1 millón 600 mil,1550000
123,Insitutos Profesionales,IP DE CHILE,5 años,Tecnología,Ingeniería en Computación e Informática,Ingeniería en Informática,0.0267857142857142,0.6451612903225806,s/i,0.84375,0.8717948717948718,De $1 millón 600 mil a $1 millón 700 mil,1650000
139,Insitutos Profesionales,IP DR. VIRGINIO GOMEZ G.,4 años,Tecnología,Ingeniería en Computación e Informática,Ingeniería de Ejecución en Computación e Informática,0.0119047619047619,0.8581081081081081,9.233333333333333,0.6458333333333334,0.7083333333333334,De $1 millón 200 mil a $1 millón 300 mil,1250000
111,Insitutos Profesionales,IP DUOC UC,7 años,Tecnología,Ingeniería en Computación e Informática,"Ingeniería en Informática, en Infraestructura y Plataformas Tecnológicas",0.0061927840603123,0.8180174751431154,10.061309030654519,0.7832699619771863,0.8985785631963119,De $1 millón 900 mil a $2 millones,1950000
162,Insitutos Profesionales,IP SAN SEBASTIAN,4 años,Tecnología,Ingeniería en Computación e Informática,Ingeniería en Informática,0.0076335877862595,0.7663551401869159,s/i,0.9583333333333334,0.9333333333333332,s/i,
116,Insitutos Profesionales,IP SANTO TOMAS,5 años,Tecnología,Ingeniería en Computación e Informática,Ingeniería en Informática,0.01669449081803,0.7954545454545454,10.910447761194023,0.7099236641221374,0.8368055555555556,De $1 millón 500 mil a $1 millón 600 mil,1550000
143,Insitutos Profesionales,IP AIEP,5 años,Tecnología,Ingeniería en Conectividad y Redes,Ingeniería de Ejecución en Administración de Redes y en Ciberseguridad,0.1715976331360946,0.6136363636363636,9.773809523809527,0.9491525423728814,,De $1 millón 400 mil a $1 millón 500 mil,1450000
111,Insitutos Profesionales,IP DUOC UC,7 años,Tecnología,Ingeniería en Conectividad y Redes,Ingeniería en Conectividad y Redes,0.0111653872993719,0.8542805100182149,9.817021276595737,0.8135158254918734,0.8868312757201646,De $1 millón 500 mil a $1 millón 600 mil,1550000
162,Insitutos Profesionales,IP SAN SEBASTIAN,4 años,Tecnología,Ingeniería en Conectividad y Redes,"Ingeniería en Conectividad y Redes, y en Ciberseguridad",0.0338983050847457,0.6687898089171974,s/i,0.967741935483871,0.9782608695652174,De $2 millones a $2 millones 100 mil,2050000
139,Insitutos Profesionales,IP DR. VIRGINIO GOMEZ G.,4 años,Tecnología,Ingeniería en Construcción,Ingeniería en Construcción,0.0254629629629629,0.8046875,11.617647058823513,0.6627450980392157,0.7443365695792881,De $1 millón 200 mil a $1 millón 300 mil,1250000
111,Insitutos Profesionales,IP DUOC UC,7 años,Tecnología,Ingeniería en Construcción,Ingeniería en Construcción,0.0188841201716738,0.7272727272727273,10.333021515434982,0.6604651162790698,0.7258928571428571,De $1 millón 300 mil a $1 millón 400 mil,1350000
143,Insitutos Profesionales,IP AIEP,5 años,Tecnología,Ingeniería en Electricidad,Ingeniería en Electricidad y Energías Renovables,0.176056338028169,0.7023060796645703,10.540740740740741,0.903846153846154,,s/i,
123,Insitutos Profesionales,IP DE CHILE,5 años,Tecnología,Ingeniería en Electricidad,Ingeniería en Electricidad y Electrónica,0.0367892976588628,0.7166666666666667,s/i,0.839622641509434,0.8461538461538461,De $1 millón 600 mil a $1 millón 700 mil,1650000
139,Insitutos Profesionales,IP DR. VIRGINIO GOMEZ G.,4 años,Tecnología,Ingeniería en Electricidad,Ingeniería de Ejecución en Electricidad,0.024390243902439,s/i,s/i,0.872,0.9111111111111112,De $1 millón 600 mil a $1 millón 700 mil,1650000
111,Insitutos Profesionales,IP DUOC UC,7 años,Tecnología,Ingeniería en Electricidad,"Ingeniería en Electricidad y Automatización Industrial, y Electrónica",0.0196367206676485,0.8115687992988606,10.299450549450553,0.8424050632911393,0.8941504178272981,De $1 millón 500 mil a $1 millón 600 mil,1550000
100,Insitutos Profesionales,IP INACAP,7 años,Tecnología,Ingeniería en Electricidad,Ingeniería Eléctrica,0.0205655526992287,0.8195402298850575,10.958525345622125,0.8458333333333333,0.912621359223301,s/i,
116,Insitutos Profesionales,IP SANTO TOMAS,5 años,Tecnología,Ingeniería en Electricidad,Ingeniería en Electricidad y Electrónica Industrial,0.0418118466898954,0.7291666666666666,11.770833333333357,0.8888888888888888,0.9047619047619048,De $1 millón 900 mil a $2 millones,1950000
111,Insitutos Profesionales,IP DUOC UC,7 años,Administración y Comercio,Ingeniería en Finanzas,Ingeniería en Administración mención Finanzas,0.0328282828282828,0.8086876155268022,9.150815217391305,0.6541095890410958,,s/i,
171,Insitutos Profesionales,IP ESCUELA DE COMERCIO DE SANTIAGO,3 años,Administración y Comercio,Ingeniería en Finanzas,Ingeniería en Finanzas,0.07,0.6434782608695652,s/i,0.8787878787878788,0.875,s/i,
103,Insitutos Profesionales,IP INSTITUTO DE ESTUDIOS BANCARIOS GUILLERMO SUBERCASEAUX,No,Administración y Comercio,Ingeniería en Finanzas,Ingeniería Financiera,0.0331991951710261,s/i,10.813648293963269,0.7652027027027027,0.7572254335260116,De $1 millón 400 mil a $1 millón 500 mil,1450000
100,Insitutos Profesionales,IP INACAP,7 años,Ciencias Básicas,Ingeniería en Geomensura y Cartografía,Ingeniería en Geomensura,0.0071428571428571,0.85,11.991150442477878,0.7277777777777777,0.8297213622291022,De $1 millón 500 mil a $1 millón 600 mil,1550000
116,Insitutos Profesionales,IP SANTO TOMAS,5 años,Ciencias Básicas,Ingeniería en Geomensura y Cartografía,Ingeniería en Geomensura,0.0259067357512953,s/i,s/i,0.8571428571428571,,s/i,
116,Insitutos Profesionales,IP SANTO TOMAS,5 años,Ciencias Sociales,Ingeniería en Gestión Pública,Ingeniería en Administración mención Gestión Pública,0.066079295154185,0.6984126984126984,s/i,0.72,0.8024691358024691,De $1 millón 100 mil a $1 millón 200 mil,1150000
111,Insitutos Profesionales,IP DUOC UC,7 años,Administración y Comercio,Ingeniería en Logística,Ingeniería en Gestión Logística,0.0165876777251184,0.8258555133079848,9.372519083969467,0.7709049255441008,0.8327974276527331,De $1 millón 400 mil a $1 millón 500 mil,1450000
171,Insitutos Profesionales,IP ESCUELA DE COMERCIO DE SANTIAGO,3 años,Administración y Comercio,Ingeniería en Logística,Ingeniería en Logística,0.0368663594470046,0.6685082872928176,s/i,0.7894736842105263,0.9210526315789472,s/i,
111,Insitutos Profesionales,IP DUOC UC,7 años,Administración y Comercio,Ingeniería en Marketing,Ingeniería en Marketing y Administración mención Marketing,0.0200617283950617,0.7964071856287425,9.423758865248226,0.604602510460251,0.7160751565762005,De $1 millón 200 mil a $1 millón 300 mil,1250000
143,Insitutos Profesionales,IP AIEP,5 años,Tecnología,Ingeniería en Mecánica Automotriz,Ingeniería en Mecánica Automotriz y Autotrónica,0.052863436123348,0.6727272727272727,11.296874999999988,0.7265625,0.7480916030534351,De $1 millón 100 mil a $1 millón 200 mil,1150000
123,Insitutos Profesionales,IP DE CHILE,5 años,Tecnología,Ingeniería en Mecánica Automotriz,Ingeniería en Mecánica Automotriz y Autotrónica,0.0361990950226244,0.76,s/i,0.7254901960784313,0.8018867924528302,De $1 millón 100 mil a $1 millón 200 mil,1150000
111,Insitutos Profesionales,IP DUOC UC,7 años,Tecnología,Ingeniería en Mecánica Automotriz,"Ingeniería en Mecánica Automotriz y Autotrónica, e Ingeniería en Maquinarias y Vehículos Pesados",0.0220627325890483,0.8147612156295224,9.964788732394366,0.7724230254350736,0.8108448928121059,De $1 millón 200 mil a $1 millón 300 mil,1250000
100,Insitutos Profesionales,IP INACAP,7 años,Tecnología,Ingeniería en Mecánica Automotriz,"Ingeniería en Maquinaria, Vehículos Automotrices y, Mecánica y Electromovilidad",0.0266203703703703,0.8103896103896104,11.264136328427579,0.7998174627319744,0.854320987654321,De $1 millón 400 mil a $1 millón 500 mil,1450000
111,Insitutos Profesionales,IP DUOC UC,7 años,Tecnología,Ingeniería en Medio Ambiente,Ingeniería en Medio Ambiente,0.0228658536585365,0.84251968503937,10.041420118343215,0.5734126984126984,0.7324324324324324,De $1 millón 200 mil a $1 millón 300 mil,1250000
100,Insitutos Profesionales,IP INACAP,7 años,Tecnología,Ingeniería en Metalurgia,Ingeniería en Metalurgia,0.0545454545454545,0.7348066298342542,10.560000000000011,0.8022813688212928,0.8532818532818532,De $1 millón 600 mil a $1 millón 700 mil,1650000
123,Insitutos Profesionales,IP DE CHILE,5 años,Tecnología,Ingeniería en Minas,Ingeniería en Minas,0.0678391959798995,0.8292682926829268,10.871794871794854,0.7433962264150943,0.8085106382978723,De $1 millón 700 mil a $1 millón 800 mil,1750000
139,Insitutos Profesionales,IP DR. VIRGINIO GOMEZ G.,4 años,Tecnología,Ingeniería en Minas,Ingeniería de Ejecución en Minas,0.0697674418604651,0.8085106382978723,s/i,0.5915492957746479,0.7469879518072289,De $1 millón 400 mil a $1 millón 500 mil,1450000
100,Insitutos Profesionales,IP INACAP,7 años,Tecnología,Ingeniería en Minas,Ingeniería en Minas,0.059640522875817,0.7775377969762419,11.718253968253963,0.7675438596491229,0.8389261744966443,De $1 millón 700 mil a $1 millón 800 mil,1750000
143,Insitutos Profesionales,IP AIEP,5 años,Tecnología,Ingeniería en Prevención de Riesgos,Ingeniería en Prevención de Riesgos,0.0979955456570155,0.647239263803681,11.67052023121388,0.7587939698492462,0.7882534775888718,De $1 millón 200 mil a $1 millón 300 mil,1250000
123,Insitutos Profesionales,IP DE CHILE,5 años,Tecnología,Ingeniería en Prevención de Riesgos,Ingeniería en Prevención de Riesgos,0.015625,0.3333333333333333,s/i,0.7962962962962963,0.6883116883116883,De $1 millón 100 mil a $1 millón 200 mil,1150000
111,Insitutos Profesionales,IP DUOC UC,7 años,Tecnología,Ingeniería en Prevención de Riesgos,Ingeniería en Prevención de Riesgos,0.012453300124533,0.7775551102204409,9.990147783251222,0.6875,0.7691237830319889,De $1 millón 200 mil a $1 millón 300 mil,1250000
117,Insitutos Profesionales,IP IACC,4 años,Tecnología,Ingeniería en Prevención de Riesgos,Ingeniería en Prevención de Riesgos,0.0348970251716247,0.7020833333333333,8.84615384615385,0.9141104294478528,0.9097472924187726,De $1 millón 700 mil a $1 millón 800 mil,1750000
100,Insitutos Profesionales,IP INACAP,7 años,Tecnología,Ingeniería en Prevención de Riesgos,"Ingeniería en Prevención de Riesgos, Calidad y Ambiente",0.0326721120186697,s/i,14.172932330827063,0.6600688468158348,0.762,De $1 millón 200 mil a $1 millón 300 mil,1250000
152,Insitutos Profesionales,IP LATINOAMERICANO DE COMERCIO EXTERIOR - IPLACEX,4 años,Tecnología,Ingeniería en Prevención de Riesgos,"Ingeniería en Prevención de Riesgos, Calidad y Medio Ambiente",0.0354430379746835,0.7239263803680982,11.243243243243256,0.972318339100346,0.9884393063583816,De $1 millón 800 mil a $1 millón 900 mil,1850000
116,Insitutos Profesionales,IP SANTO TOMAS,5 años,Tecnología,Ingeniería en Prevención de Riesgos,Ingeniería en Prevención de Riesgos,0.0218579234972677,0.55,s/i,0.7286432160804021,0.7936507936507936,De $1 millón 200 mil a $1 millón 300 mil,1250000
100,Insitutos Profesionales,IP INACAP,7 años,Tecnología,Ingeniería en Química,Ingeniería en Química Industrial,0.0287539936102236,s/i,11.093749999999986,0.7991967871485943,0.8358778625954199,De $1 millón 300 mil a $1 millón 400 mil,1350000
116,Insitutos Profesionales,IP SANTO TOMAS,5 años,Tecnología,Ingeniería en Química,Ingeniería en Química Industrial,0.0666666666666666,0.7605633802816901,s/i,0.7301587301587301,0.8918918918918919,s/i,
111,Insitutos Profesionales,IP DUOC UC,7 años,Administración y Comercio,Ingeniería en Recursos Humanos,Ingeniería en Administración de Recursos Humanos y Gestión de Personas,0.0201321170179301,0.8357588357588358,9.521617852161787,0.7109243697478992,0.7719072164948454,De $1 millón 100 mil a $1 millón 200 mil,1150000
152,Insitutos Profesionales,IP LATINOAMERICANO DE COMERCIO EXTERIOR - IPLACEX,4 años,Administración y Comercio,Ingeniería en Recursos Humanos,Ingeniería en Recursos Humanos,0.0219224283305227,0.7903225806451613,9.540000000000001,0.9516129032258064,0.981132075471698,De $1 millón 500 mil a $1 millón 600 mil,1550000
116,Insitutos Profesionales,IP SANTO TOMAS,5 años,Administración y Comercio,Ingeniería en Recursos Humanos,Ingeniería en Administración de Recursos Humanos,0.0354223433242506,0.7268170426065163,10.134020618556715,0.7657894736842106,0.8262411347517731,De $1 millón 200 mil a $1 millón 300 mil,1250000
100,Insitutos Profesionales,IP INACAP,7 años,Tecnología,Ingeniería en Refrigeración y Climatización,Ingeniería en Refrigeración y en Climatización,0.03515625,0.8809523809523809,11.437500000000007,0.7932960893854749,0.8507462686567164,De $1 millón 300 mil a $1 millón 400 mil,1350000
176,Insitutos Profesionales,IP DEL VALLE CENTRAL,No,Administración y Comercio,Ingeniería en Seguridad Privada,Ingeniería de Ejedución en Gestión en Seguridad Privada,0.0201793721973094,0.8571428571428571,8.09913793103448,1.0,1.0,De $1 millón 800 mil a $1 millón 900 mil,1850000
152,Insitutos Profesionales,IP LATINOAMERICANO DE COMERCIO EXTERIOR - IPLACEX,4 años,Administración y Comercio,Ingeniería en Seguridad Privada,"Ingeniería en Administración, mención en Seguridad Privada",0.0112806901128069,0.819047619047619,8.722063037249281,0.996779388083736,0.9875666074600356,De $1 millón 700 mil a $1 millón 800 mil,1750000
143,Insitutos Profesionales,IP AIEP,5 años,Tecnología,Ingeniería en Sonido,Ingeniería en Ejecución en Sonido,0.0967741935483871,0.616822429906542,s/i,0.5,0.6142857142857143,De $900 mil a $1 millón,950000
111,Insitutos Profesionales,IP DUOC UC,7 años,Tecnología,Ingeniería en Sonido,Ingeniería en Sonido,0.0422960725075528,0.834061135371179,10.034188034188036,0.3984962406015037,0.5235602094240838,De $1 millón a $1 millón 100 mil,1050000
100,Insitutos Profesionales,IP INACAP,7 años,Tecnología,Ingeniería en Telecomunicaciones,"Ingeniería en Telecomunicaciones, Conectividad y Redes",0.0092592592592592,0.8302583025830258,10.890109890109896,0.8481894150417827,0.8849840255591054,De $1 millón 500 mil a $1 millón 600 mil,1550000
117,Insitutos Profesionales,IP IACC,4 años,Tecnología,Ingeniería Industrial,Ingeniería Industrial,0.085691823899371,0.7354497354497355,9.165217391304353,0.944,0.9594594594594594,s/i,
139,Insitutos Profesionales,IP DR. VIRGINIO GOMEZ G.,4 años,Tecnología,Ingeniería Mecánica,Ingeniería de Ejecución Mecánica,0.0466321243523316,s/i,s/i,0.8764044943820225,0.8736842105263158,De $1 millón 400 mil a $1 millón 500 mil,1450000
100,Insitutos Profesionales,IP INACAP,7 años,Tecnología,Ingeniería Mecánica,Ingeniería Mecánica en Mantenimiento Industrial y en Producción Industrial,0.0331884630580798,s/i,11.285256410256403,0.8458725182863114,0.904386951631046,De $1 millón 600 mil a $1 millón 700 mil,1650000
123,Insitutos Profesionales,IP DE CHILE,5 años,Salud,Kinesiología,Kinesiología,0.1398601398601398,0.7737789203084833,12.956140350877178,0.4044665012406948,0.5432835820895522,De $1 millón 100 mil a $1 millón 200 mil,1150000
144,Insitutos Profesionales,IP ARCOS,No,Arte y Arquitectura,"Música, Canto o Danza",Producción y Composición Musical,0.0709219858156028,0.4563953488372093,8.85057471264368,0.1666666666666666,0.3950617283950617,s/i,
129,Insitutos Profesionales,IP ESCUELA MODERNA DE MUSICA,5 años,Arte y Arquitectura,"Música, Canto o Danza","Intérprete Instrumental, Intérprete en Danza, Producción Musical y Gestión Artística, Especialista en Arreglos y Composición",0.0849056603773584,0.7322175732217573,12.08510638297872,0.264,0.328042328042328,s/i,
693,Insitutos Profesionales,IP PROJAZZ,4 años,Arte y Arquitectura,"Música, Canto o Danza","Intérprete en Jazz y Música Popular, y Composición Musical",0.1506024096385542,0.6507936507936508,11.2,0.2962962962962963,0.2873563218390804,s/i,
123,Insitutos Profesionales,IP DE CHILE,5 años,Salud,Nutrición y Dietética,Nutrición y Dietética,0.1097560975609756,0.7134502923976608,13.05357142857143,0.3130841121495327,0.4836601307189542,De $900 mil a $1 millón,950000
143,Insitutos Profesionales,IP AIEP,5 años,Educación,Psicopedagogía,Psicopedagogía,0.1929133858267716,0.6774716369529984,9.645484949832776,0.5572574762946754,0.6060606060606061,De $900 mil a $1 millón,950000
123,Insitutos Profesionales,IP DE CHILE,5 años,Educación,Psicopedagogía,Psicopedagogía,0.1262939958592132,0.7608695652173914,8.8974358974359,0.3927492447129909,0.5459057071960298,De $800 mil a $900 mil,850000
113,Insitutos Profesionales,IP IPG,4 años,Educación,Psicopedagogía,Psicopedagogía,0.2074074074074074,0.5172413793103449,s/i,0.5915492957746479,,s/i,
152,Insitutos Profesionales,IP LATINOAMERICANO DE COMERCIO EXTERIOR - IPLACEX,4 años,Educación,Psicopedagogía,Psicopedagogía,0.1304347826086956,0.7182539682539683,10.526315789473667,0.7884615384615384,0.8918918918918919,s/i,
165,Insitutos Profesionales,IP LOS LAGOS,No,Educación,Psicopedagogía,Psicopedagogía,0.3082191780821918,s/i,s/i,0.6581196581196581,0.7378048780487805,De $800 mil a $900 mil,850000
155,Insitutos Profesionales,IP LOS LEONES,3 años,Educación,Psicopedagogía,Psicopedagogía,0.1194968553459119,s/i,8.305555555555554,0.5875,0.6808510638297872,De $800 mil a $900 mil,850000
116,Insitutos Profesionales,IP SANTO TOMAS,5 años,Educación,Psicopedagogía,Psicopedagogía,0.1520681265206812,0.7353266888150609,8.929245283018869,0.5190476190476191,0.64576802507837,s/i,
143,Insitutos Profesionales,IP AIEP,5 años,Ciencias Sociales,Publicidad,Publicidad,0.09375,s/i,s/i,0.6911764705882353,0.803030303030303,De $1 millón a $1 millón 100 mil,1050000
111,Insitutos Profesionales,IP DUOC UC,7 años,Ciencias Sociales,Publicidad,Publicidad,0.0119565217391304,0.8431372549019608,9.370860927152318,0.5574412532637075,0.6577777777777778,De $1 millón a $1 millón 100 mil,1050000
116,Insitutos Profesionales,IP SANTO TOMAS,5 años,Ciencias Sociales,Publicidad,Publicidad,0.0,0.8,s/i,0.55,,s/i,
144,Insitutos Profesionales,IP ARCOS,No,Arte y Arquitectura,Realizador de Cine y Televisión,Cine,0.0421052631578947,0.6338028169014085,8.44444444444444,0.1159420289855072,0.392156862745098,s/i,
143,Insitutos Profesionales,IP AIEP,5 años,Ciencias Sociales,Relaciones Públicas,Relaciones Públicas Corporativas,0.123076923076923,s/i,s/i,0.7142857142857143,0.7142857142857143,De $1 millón 100 mil a $1 millón 200 mil,1150000
111,Insitutos Profesionales,IP DUOC UC,7 años,Ciencias Sociales,Relaciones Públicas,Relaciones Públicas,0.0226415094339622,0.8288770053475936,9.344,0.459954233409611,0.6175710594315246,De $1 millón a $1 millón 100 mil,1050000
99,Insitutos Profesionales,IP AGRARIO ADOLFO MATTHEI,5 años,Agropecuaria,Técnico Agropecuario,Técnico Experto Agrario,0.4939024390243902,0.8360655737704918,6.152173913043481,0.3723404255319149,0.5512820512820513,De $1 millón a $1 millón 100 mil,1050000
143,Insitutos Profesionales,IP AIEP,5 años,Agropecuaria,Técnico Agropecuario,Técnico en Administración de la Producción Agropecuaria y Agroindustrial,0.1132075471698113,0.7818181818181819,5.341463414634145,0.5826771653543307,0.6788321167883211,De $900 mil a $1 millón,950000
111,Insitutos Profesionales,IP DUOC UC,7 años,Agropecuaria,Técnico Agropecuario,Técnico Agrícola,0.1191335740072202,0.6707317073170732,8.3,0.5093457943925234,0.6033519553072626,De $800 mil a $900 mil,850000
143,Insitutos Profesionales,IP AIEP,5 años,Educación,Técnico Asistente del Educador de Párvulos,Asistente de Párvulo,0.1037053277789958,0.7519157088122606,5.829741379310343,0.3763903839253678,0.4433198380566802,De $600 mil a $700 mil,650000
123,Insitutos Profesionales,IP DE CHILE,5 años,Educación,Técnico Asistente del Educador de Párvulos,Asistente en Educación de Párvulos,0.0694668820678513,0.7569620253164557,5.570048309178744,0.3055555555555556,0.4261538461538461,De $600 mil a $700 mil,650000
176,Insitutos Profesionales,IP DEL VALLE CENTRAL,No,Educación,Técnico Asistente del Educador de Párvulos,Técnico de Nivel Superior en Educación Parvularia,0.0864393338620142,s/i,s/i,0.6557377049180327,0.6753246753246753,De $700 mil a $800 mil,750000
120,Insitutos Profesionales,IP DIEGO PORTALES,No,Educación,Técnico Asistente del Educador de Párvulos,Técnico en Educación Parvularia,0.1184834123222748,s/i,s/i,0.4117647058823529,0.5196078431372549,De $600 mil a $700 mil,650000
139,Insitutos Profesionales,IP DR. VIRGINIO GOMEZ G.,4 años,Educación,Técnico Asistente del Educador de Párvulos,Técnico en Educación de Párvulos,0.1003861003861003,0.7509025270758123,4.354430379746834,0.1704260651629072,0.2708333333333333,De $600 mil a $700 mil,650000
132,Insitutos Profesionales,IP ESUCOMEX,No,Educación,Técnico Asistente del Educador de Párvulos,Técnico en Educación de Párvulos,0.1167883211678832,s/i,s/i,0.4327485380116959,0.4558823529411764,s/i,
117,Insitutos Profesionales,IP IACC,4 años,Educación,Técnico Asistente del Educador de Párvulos,Técnico de Nivel Superior en Educación Parvularia,0.0663983903420523,0.6137566137566137,6.97902097902098,0.4426229508196721,0.5824175824175825,s/i,
113,Insitutos Profesionales,IP IPG,4 años,Educación,Técnico Asistente del Educador de Párvulos,Técnico de Nivel Superior en Educación Parvularia,0.1565656565656565,0.6902173913043478,6.114754098360657,0.2263513513513513,0.3366666666666666,De $600 mil a $700 mil,650000
152,Insitutos Profesionales,IP LATINOAMERICANO DE COMERCIO EXTERIOR - IPLACEX,4 años,Educación,Técnico Asistente del Educador de Párvulos,Técnico en Educación Parvularia y Educación Básica,0.0809968847352024,0.7186788154897494,5.88671875,0.5,0.5792349726775956,De $700 mil a $800 mil,750000
155,Insitutos Profesionales,IP LOS LEONES,3 años,Educación,Técnico Asistente del Educador de Párvulos,Técnico en Educación Parvularia,0.0676923076923076,0.6831683168316832,5.720588235294121,0.5454545454545454,0.584045584045584,De $700 mil a $800 mil,750000
106,Insitutos Profesionales,IP PROVIDENCIA,3 años,Educación,Técnico Asistente del Educador de Párvulos,Técnico en Educación Parvularia y Primer Ciclo Básico,0.1161524500907441,0.5985037406483791,4.77914110429448,0.3548387096774194,0.4895833333333333,s/i,
143,Insitutos Profesionales,IP AIEP,5 años,Educación,Técnico Asistente del Educador Diferencial,Técnico Asistente en Educación Especial,0.1472995090016366,0.7357859531772575,5.892857142857143,0.3861824623560673,0.4602917341977309,De $600 mil a $700 mil,650000
123,Insitutos Profesionales,IP DE CHILE,5 años,Educación,Técnico Asistente del Educador Diferencial,Técnico en Educación Diferencial e Inclusión,0.1409214092140921,0.8058608058608059,5.2974683544303796,0.3333333333333333,0.4173669467787115,De $600 mil a $700 mil,650000
176,Insitutos Profesionales,IP DEL VALLE CENTRAL,No,Educación,Técnico Asistente del Educador Diferencial,Técnico en Educación Diferencial,0.1235059760956175,s/i,s/i,0.4382022471910112,0.5595238095238095,s/i,
139,Insitutos Profesionales,IP DR. VIRGINIO GOMEZ G.,4 años,Educación,Técnico Asistente del Educador Diferencial,Técnico en Educación Diferencial,0.2428571428571428,0.8549222797927462,4.336363636363636,0.2138888888888888,0.3268698060941828,De $600 mil a $700 mil,650000
132,Insitutos Profesionales,IP ESUCOMEX,No,Educación,Técnico Asistente del Educador Diferencial,Técnico en Educación Diferencial,0.1444444444444444,s/i,s/i,0.3658536585365853,,s/i,
117,Insitutos Profesionales,IP IACC,4 años,Educación,Técnico Asistente del Educador Diferencial,Técnico de Nivel Superior en Educación Diferencial,0.1163434903047091,0.5906432748538012,7.15151515151515,0.5168539325842697,0.5897435897435898,s/i,
113,Insitutos Profesionales,IP IPG,4 años,Educación,Técnico Asistente del Educador Diferencial,Técnico de Nivel Superior en Educación Diferencial,0.3118971061093247,0.6396396396396397,6.2105263157894735,0.2756410256410256,0.3465909090909091,De $600 mil a $700 mil,650000
152,Insitutos Profesionales,IP LATINOAMERICANO DE COMERCIO EXTERIOR - IPLACEX,4 años,Educación,Técnico Asistente del Educador Diferencial,Técnico en Educación Especial y Diferencial,0.1606060606060606,0.7466216216216216,6.899999999999999,0.4782608695652174,0.5632183908045977,s/i,
106,Insitutos Profesionales,IP PROVIDENCIA,3 años,Educación,Técnico Asistente del Educador Diferencial,Técnico en Educación Diferencial,0.2186379928315412,0.5768463073852296,4.84210526315789,0.4146341463414634,,s/i,
143,Insitutos Profesionales,IP AIEP,5 años,Salud,Técnico Dental y Asistente de Odontología,Técnico en Odontología,0.0963265306122449,0.708092485549133,5.847665847665848,0.5209452201933404,0.5811068702290076,De $700 mil a $800 mil,750000
139,Insitutos Profesionales,IP DR. VIRGINIO GOMEZ G.,4 años,Salud,Técnico Dental y Asistente de Odontología,Técnico Higienista dental y Odontología,0.110091743119266,0.6530612244897959,4.484848484848484,0.3875,0.4705882352941176,s/i,
111,Insitutos Profesionales,IP DUOC UC,7 años,Salud,Técnico Dental y Asistente de Odontología,Técnico en Odontología,0.0428305400372439,0.7581120943952803,5.631304347826088,0.6071695294996265,0.6451882845188285,De $700 mil a $800 mil,750000
143,Insitutos Profesionales,IP AIEP,5 años,Administración y Comercio,Técnico en Administración de Empresas,Técnico en Administración de Empresas,0.4047016274864376,0.6664285714285715,5.734065934065933,0.6831097079715864,0.700381679389313,De $1 millón a $1 millón 100 mil,1050000
123,Insitutos Profesionales,IP DE CHILE,5 años,Administración y Comercio,Técnico en Administración de Empresas,Técnico en Administración de Empresas,0.2183908045977011,0.6547619047619048,6.066298342541438,0.624031007751938,0.6814814814814815,De $1 millón a $1 millón 100 mil,1050000
176,Insitutos Profesionales,IP DEL VALLE CENTRAL,No,Administración y Comercio,Técnico en Administración de Empresas,Técnico de Nivel Superior en Administración de Empresas y Administración en Salud,0.359375,s/i,s/i,0.8445945945945946,0.8197674418604651,De $1 millón a $1 millón 100 mil,1050000
139,Insitutos Profesionales,IP DR. VIRGINIO GOMEZ G.,4 años,Administración y Comercio,Técnico en Administración de Empresas,Técnico en Administración,0.407942238267148,0.6976744186046512,5.645833333333331,0.5032679738562091,0.6203208556149733,De $900 mil a $1 millón,950000
111,Insitutos Profesionales,IP DUOC UC,7 años,Administración y Comercio,Técnico en Administración de Empresas,Técnico en Administración y Administración de Empresas,0.2909280500521376,0.7258064516129032,5.484641638225256,0.4302134646962233,0.5804020100502513,De $1 millón a $1 millón 100 mil,1050000
132,Insitutos Profesionales,IP ESUCOMEX,No,Administración y Comercio,Técnico en Administración de Empresas,Técnico en Administración de Empresas,0.2032520325203252,s/i,s/i,0.6222222222222222,,s/i,
117,Insitutos Profesionales,IP IACC,4 años,Administración y Comercio,Técnico en Administración de Empresas,Técnico Superior en Administración de Empresas,0.2920203735144312,0.5749613601236476,6.78571428571429,0.8636363636363636,0.776,De $1 millón 200 mil a $1 millón 300 mil,1250000
103,Insitutos Profesionales,IP INSTITUTO DE ESTUDIOS BANCARIOS GUILLERMO SUBERCASEAUX,No,Administración y Comercio,Técnico en Administración de Empresas,Técnico en Administración de Empresas Financieras,0.6671159029649596,s/i,8.244186046511627,0.5281899109792285,0.5267857142857143,De $1 millón a $1 millón 100 mil,1050000
113,Insitutos Profesionales,IP IPG,4 años,Administración y Comercio,Técnico en Administración de Empresas,Técnico de Nivel Superior en Administración General y de Empresas,0.4063926940639269,0.7068965517241379,6.509803921568627,0.6162790697674418,0.6276595744680851,De $900 mil a $1 millón,950000
152,Insitutos Profesionales,IP LATINOAMERICANO DE COMERCIO EXTERIOR - IPLACEX,4 años,Administración y Comercio,Técnico en Administración de Empresas,Técnico en Administración de Empresas,0.2833333333333333,0.7512520868113522,6.056179775280901,0.8144329896907216,0.8333333333333334,s/i,
101,Insitutos Profesionales,IP LIBERTADOR DE LOS ANDES,No,Administración y Comercio,Técnico en Administración de Empresas,Técnico en Administración de Empresas,0.3571428571428571,s/i,s/i,0.5862068965517241,0.6071428571428571,s/i,
106,Insitutos Profesionales,IP PROVIDENCIA,3 años,Administración y Comercio,Técnico en Administración de Empresas,Técnico en Administración de Empresas,0.2203389830508474,0.6408163265306123,6.050314465408807,0.6444444444444445,0.75,s/i,
116,Insitutos Profesionales,IP SANTO TOMAS,5 años,Administración y Comercio,Técnico en Administración de Empresas,Técnico en Administración,0.5911111111111111,s/i,s/i,0.680672268907563,0.7846153846153846,De $1 millón 100 mil a $1 millón 200 mil,1150000
111,Insitutos Profesionales,IP DUOC UC,7 años,Administración y Comercio,Técnico en Administración de Recursos Humanos y Personal,Técnico en Administración de Recursos Humanos y en Gestión de Personas,0.3076292042657916,s/i,6.1953125,0.6089108910891089,0.7222222222222222,De $1 millón a $1 millón 100 mil,1050000
132,Insitutos Profesionales,IP ESUCOMEX,No,Administración y Comercio,Técnico en Administración de Recursos Humanos y Personal,Técnico en Gestión de Recursos Humanos,0.1992619926199262,s/i,s/i,0.7058823529411765,0.7758620689655172,s/i,
117,Insitutos Profesionales,IP IACC,4 años,Administración y Comercio,Técnico en Administración de Recursos Humanos y Personal,Técnico de Nivel Superior en Recursos Humanos,0.2995169082125604,0.6120689655172413,6.98058252427184,0.803030303030303,0.8043478260869565,s/i,
152,Insitutos Profesionales,IP LATINOAMERICANO DE COMERCIO EXTERIOR - IPLACEX,4 años,Administración y Comercio,Técnico en Administración de Recursos Humanos y Personal,Técnico en Recursos Humanos,0.2454545454545454,0.7013888888888888,6.803030303030301,0.5681818181818182,0.6410256410256411,s/i,
155,Insitutos Profesionales,IP LOS LEONES,3 años,Administración y Comercio,Técnico en Administración de Recursos Humanos y Personal,Técnico en Administración de Recursos Humanos,0.1624365482233502,s/i,5.720000000000002,0.6973684210526315,0.6344086021505376,De $900 mil a $1 millón,950000
143,Insitutos Profesionales,IP AIEP,5 años,Tecnología,Técnico en Administración de Redes y Soporte,Técnico en Instalación y Mantención en Redes,0.5042735042735043,0.6075268817204301,5.432432432432434,0.819672131147541,0.8125,De $1 millón a $1 millón 100 mil,1050000
111,Insitutos Profesionales,IP DUOC UC,7 años,Tecnología,Técnico en Administración de Redes y Soporte,Técnico en Administración de Redes Computacionales,0.1165644171779141,s/i,s/i,0.7685185185185185,0.7666666666666667,De $1 millón a $1 millón 100 mil,1050000
162,Insitutos Profesionales,IP SAN SEBASTIAN,4 años,Tecnología,Técnico en Administración de Redes y Soporte,"Técnico en Conectividad y Redes, y en Ciberseguridad",0.3963414634146341,0.5833333333333334,6.360000000000002,0.7846153846153846,0.9310344827586208,De $1 millón 300 mil a $1 millón 400 mil,1350000
116,Insitutos Profesionales,IP SANTO TOMAS,5 años,Tecnología,Técnico en Administración de Redes y Soporte,Técnico en Conectividad y Redes,0.1063829787234042,s/i,s/i,0.5625,0.6153846153846154,De $900 mil a $1 millón,950000
143,Insitutos Profesionales,IP AIEP,5 años,Administración y Comercio,Técnico en Administración en Marketing,Técnico en Marketing Digital,0.1739130434782608,0.6445497630331753,5.572649572649577,0.4807692307692308,0.6351351351351351,s/i,
111,Insitutos Profesionales,IP DUOC UC,7 años,Administración y Comercio,Técnico en Administración en Marketing,Técnico en Marketing,0.3086816720257235,s/i,5.520833333333333,0.412037037037037,0.5604395604395604,s/i,
111,Insitutos Profesionales,IP DUOC UC,7 años,Administración y Comercio,Técnico en Administración Financiera y Finanzas,Técnico en Administración Financiera y Finanzas,0.375751503006012,s/i,6.6345381526104426,0.6125,0.7105263157894737,De $1 millón 100 mil a $1 millón 200 mil,1150000
103,Insitutos Profesionales,IP INSTITUTO DE ESTUDIOS BANCARIOS GUILLERMO SUBERCASEAUX,No,Administración y Comercio,Técnico en Administración Financiera y Finanzas,Técnico Financiero,0.6060329067641682,s/i,8.32258064516129,0.6013986013986014,0.6566265060240963,De $1 millón 100 mil a $1 millón 200 mil,1150000
143,Insitutos Profesionales,IP AIEP,5 años,Ciencias Sociales,Técnico en Administración Pública o Municipal,Técnico en Administración Pública,0.4898373983739837,0.65,5.775229357798167,0.6052631578947368,0.6593406593406593,s/i,
117,Insitutos Profesionales,IP IACC,4 años,Ciencias Sociales,Técnico en Administración Pública o Municipal,Técnico de Nivel Superior en Administración Pública,0.34375,0.5679012345679012,6.35403726708075,0.7872340425531915,,s/i,
152,Insitutos Profesionales,IP LATINOAMERICANO DE COMERCIO EXTERIOR - IPLACEX,4 años,Ciencias Sociales,Técnico en Administración Pública o Municipal,Técnico en Administración Pública,0.3924528301886792,0.7961165048543689,6.694117647058822,0.75,,s/i,
111,Insitutos Profesionales,IP DUOC UC,7 años,Tecnología,Técnico en Alimentos,Técnico en Calidad de Alimentos,0.0601503759398496,s/i,s/i,0.6288659793814433,0.7368421052631579,De $800 mil a $900 mil,850000
143,Insitutos Profesionales,IP AIEP,5 años,Arte y Arquitectura,Técnico en Ambientes e Interiores,Técnico en Diseño de Espacios y Equipamiento,0.0285714285714285,0.6176470588235294,s/i,0.3611111111111111,0.5609756097560976,s/i,
111,Insitutos Profesionales,IP DUOC UC,7 años,Administración y Comercio,Técnico en Comercio Exterior,Técnico en Comercio Exterior,0.2642369020501139,0.8385826771653543,6.091836734693878,0.7056962025316456,0.7560240963855421,De $1 millón 100 mil a $1 millón 200 mil,1150000
132,Insitutos Profesionales,IP ESUCOMEX,No,Administración y Comercio,Técnico en Comercio Exterior,Técnico en Comercio Exterior,0.1147540983606557,s/i,6.363636363636368,0.7802197802197802,0.9302325581395348,De $1 millón 100 mil a $1 millón 200 mil,1150000
143,Insitutos Profesionales,IP AIEP,5 años,Tecnología,Técnico en Computación e Informática,Técnico en Programación Computacional y Análisis de Sistemas,0.3947858472998138,0.6276595744680851,5.866666666666668,0.6115107913669064,0.6971428571428572,De $1 millón 200 mil a $1 millón 300 mil,1250000
123,Insitutos Profesionales,IP DE CHILE,5 años,Tecnología,Técnico en Computación e Informática,Técnico Analista Programador Computacional,0.1770833333333333,0.638095238095238,6.148148148148148,0.625,0.7101449275362319,De $1 millón 100 mil a $1 millón 200 mil,1150000
139,Insitutos Profesionales,IP DR. VIRGINIO GOMEZ G.,4 años,Tecnología,Técnico en Computación e Informática,Técnico Analista Programador,0.45,0.6363636363636364,5.459016393442621,0.3974358974358974,0.59375,s/i,
111,Insitutos Profesionales,IP DUOC UC,7 años,Tecnología,Técnico en Computación e Informática,Técnico Analista Programador Computacional y Administración en Infraestrcutura y Plataformas Tecnológicas,0.2354570637119113,0.7431935246504783,6.861313868613139,0.7055937193326791,0.8138528138528138,De $1 millón 500 mil a $1 millón 600 mil,1550000
117,Insitutos Profesionales,IP IACC,4 años,Tecnología,Técnico en Computación e Informática,"Técnico en Informática, y en Análisis y Programación Computacional",0.3357487922705314,0.5889328063241107,7.1414141414141445,0.7840909090909091,0.88,s/i,
155,Insitutos Profesionales,IP LOS LEONES,3 años,Tecnología,Técnico en Computación e Informática,Técnico Analista Programador,0.2291666666666666,s/i,6.700000000000001,0.6590909090909091,,s/i,
162,Insitutos Profesionales,IP SAN SEBASTIAN,4 años,Tecnología,Técnico en Computación e Informática,Técnico en Programación Computacional y Análisis de Sistemas,0.3636363636363636,0.7753623188405797,5.630952380952377,0.8615384615384616,0.8846153846153846,s/i,
116,Insitutos Profesionales,IP SANTO TOMAS,5 años,Tecnología,Técnico en Computación e Informática,Técnico Analista Programador,0.2852459016393442,0.7722772277227723,6.8522727272727275,0.616822429906542,0.7167630057803468,De $1 millón 200 mil a $1 millón 300 mil,1250000
143,Insitutos Profesionales,IP AIEP,5 años,Arte y Arquitectura,Técnico en Comunicación Audiovisual,"Técnico en Locución y Conducción de Radio y Televisión, y Técnico en Producción Audiovisual",0.1061946902654867,0.6229508196721312,5.564102564102564,0.45,0.5288461538461539,De $800 mil a $900 mil,850000
111,Insitutos Profesionales,IP DUOC UC,7 años,Arte y Arquitectura,Técnico en Comunicación Audiovisual,Técnico Audiovisual,0.0515463917525773,0.8378378378378378,7.850000000000004,0.4291845493562232,0.46875,De $800 mil a $900 mil,850000
116,Insitutos Profesionales,IP SANTO TOMAS,5 años,Arte y Arquitectura,Técnico en Comunicación Audiovisual,Técnico en Comunicación Audiovisual Digital,0.1339285714285714,0.5961538461538461,s/i,0.3464052287581699,0.4331210191082802,De $900 mil a $1 millón,950000
143,Insitutos Profesionales,IP AIEP,5 años,Tecnología,Técnico en Construcción y Obras Civiles,Técnico en Construcción,0.4625899280575539,0.6365853658536585,6.156448202959831,0.6517241379310345,0.675177304964539,De $1 millón a $1 millón 100 mil,1050000
139,Insitutos Profesionales,IP DR. VIRGINIO GOMEZ G.,4 años,Tecnología,Técnico en Construcción y Obras Civiles,Técnico en Construcción,0.53954802259887,0.6506024096385542,5.523809523809524,0.5054347826086957,0.55,De $1 millón a $1 millón 100 mil,1050000
111,Insitutos Profesionales,IP DUOC UC,7 años,Tecnología,Técnico en Construcción y Obras Civiles,Técnico en Construcción,0.2955326460481099,0.6564195298372514,6.9734513274336285,0.5768156424581006,0.6246719160104987,De $1 millón a $1 millón 100 mil,1050000
113,Insitutos Profesionales,IP IPG,4 años,Tecnología,Técnico en Construcción y Obras Civiles,Técnico de Nivel Superior en Construcción Civil,0.5074626865671642,s/i,7.122448979591835,0.5757575757575758,,s/i,
155,Insitutos Profesionales,IP LOS LEONES,3 años,Tecnología,Técnico en Construcción y Obras Civiles,Técnico en Construcción,0.5882352941176471,0.4925373134328358,6.290322580645161,0.7536231884057971,0.7321428571428571,De $1 millón a $1 millón 100 mil,1050000
143,Insitutos Profesionales,IP AIEP,5 años,Administración y Comercio,Técnico en Contabilidad General,Contabilidad General,0.4130434782608695,0.6683046683046683,5.747433264887063,0.6687211093990755,0.759941089837997,De $1 millón 100 mil a $1 millón 200 mil,1150000
123,Insitutos Profesionales,IP DE CHILE,5 años,Administración y Comercio,Técnico en Contabilidad General,Contabilidad General,0.219298245614035,0.5806451612903226,5.627906976744186,0.8,0.7931034482758621,De $1 millón 200 mil a $1 millón 300 mil,1250000
111,Insitutos Profesionales,IP DUOC UC,7 años,Administración y Comercio,Técnico en Contabilidad General,Técnico en Contabilidad General,0.3873517786561264,0.7626112759643917,6.763513513513513,0.6262953367875648,0.7723901882487165,De $1 millón 100 mil a $1 millón 200 mil,1150000
104,Insitutos Profesionales,IP ESCUELA DE CONTADORES AUDITORES DE SANTIAGO,4 años,Administración y Comercio,Técnico en Contabilidad General,Contador Técnico de Nivel Superior,0.2124183006535947,s/i,s/i,0.7480916030534351,0.8636363636363636,De $1 millón 200 mil a $1 millón 300 mil,1250000
132,Insitutos Profesionales,IP ESUCOMEX,No,Administración y Comercio,Técnico en Contabilidad General,Técnico en Contabilidad,0.1575757575757575,s/i,8.170731707317072,0.7586206896551724,0.7719298245614035,s/i,
117,Insitutos Profesionales,IP IACC,4 años,Administración y Comercio,Técnico en Contabilidad General,Técnico en Contabilidad General,0.2355212355212355,0.6123348017621145,7.13223140495868,0.7701149425287356,0.8115942028985508,s/i,
103,Insitutos Profesionales,IP INSTITUTO DE ESTUDIOS BANCARIOS GUILLERMO SUBERCASEAUX,No,Administración y Comercio,Técnico en Contabilidad General,Contador de Empresas Financieras,0.6848341232227488,s/i,8.081632653061224,0.5478260869565217,0.6470588235294118,De $1 millón 100 mil a $1 millón 200 mil,1150000
116,Insitutos Profesionales,IP SANTO TOMAS,5 años,Administración y Comercio,Técnico en Contabilidad General,Técnico en Contabilidad General,0.2782608695652174,s/i,s/i,0.6935483870967742,0.8970588235294118,De $1 millón 100 mil a $1 millón 200 mil,1150000
143,Insitutos Profesionales,IP AIEP,5 años,Educación,"Técnico en Deporte, Recreación y Preparación Física",Técnico Deportivo y Personal Trainer,0.1438159156279961,0.6775193798449612,6.017241379310345,0.367461430575035,0.4379888268156424,De $800 mil a $900 mil,850000
123,Insitutos Profesionales,IP DE CHILE,5 años,Educación,"Técnico en Deporte, Recreación y Preparación Física",Preparación Física y Técnico en Deportes,0.0557768924302788,0.7816901408450704,5.5874999999999995,0.4076433121019108,0.4047619047619047,De $800 mil a $900 mil,850000
111,Insitutos Profesionales,IP DUOC UC,7 años,Educación,"Técnico en Deporte, Recreación y Preparación Física",Preparador Físico,0.1032423208191126,0.7388535031847133,6.249363867684477,0.3159090909090909,0.4025787965616045,De $800 mil a $900 mil,850000
193,Insitutos Profesionales,IP INSTITUTO NACIONAL DEL FUTBOL,3 años,Educación,"Técnico en Deporte, Recreación y Preparación Física",Técnico de Fútbol y Árbitro de Futbol,0.055,0.7752808988764045,7.999999999999997,0.6470588235294118,0.6911764705882353,De $1 millón a $1 millón 100 mil,1050000
143,Insitutos Profesionales,IP AIEP,5 años,Arte y Arquitectura,Técnico en Dibujo Arquitectónico,Dibujo de Arquitectura y Obras Civiles,0.1616161616161616,0.6351351351351351,5.921568627450981,0.5572519083969466,0.664179104477612,De $900 mil a $1 millón,950000
111,Insitutos Profesionales,IP DUOC UC,7 años,Arte y Arquitectura,Técnico en Dibujo Arquitectónico,"Dibujo Arquitectónico y Estructural, y Modelamiento Arquitectónico y Estructural",0.0911016949152542,0.7326732673267327,6.574193548387099,0.565597667638484,0.7006172839506173,De $900 mil a $1 millón,950000
143,Insitutos Profesionales,IP AIEP,5 años,Arte y Arquitectura,Técnico en Diseño Gráfico,Técnico en Diseño Gráfico,0.1902173913043478,0.7272727272727273,5.970588235294117,0.3888888888888889,0.4444444444444444,De $800 mil a $900 mil,850000
116,Insitutos Profesionales,IP SANTO TOMAS,5 años,Arte y Arquitectura,Técnico en Diseño Gráfico,"Técnico en Diseño Gráfico, Digital y Publicitario",0.0686695278969957,0.7984496124031008,6.3030303030303,0.4156626506024096,0.4222222222222222,De $800 mil a $900 mil,850000
143,Insitutos Profesionales,IP AIEP,5 años,Tecnología,Técnico en Electricidad y Electricidad Industrial,Técnico en Electricidad y Electrónica,0.3530201342281879,0.6653696498054474,5.400954653937948,0.7922077922077922,0.806615776081425,De $1 millón 100 mil a $1 millón 200 mil,1150000
123,Insitutos Profesionales,IP DE CHILE,5 años,Tecnología,Técnico en Electricidad y Electricidad Industrial,Técnico en Electricidad y Electrónica,0.3876811594202898,0.7578125,5.539325842696629,0.8257575757575758,0.8,De $1 millón 100 mil a $1 millón 200 mil,1150000
139,Insitutos Profesionales,IP DR. VIRGINIO GOMEZ G.,4 años,Tecnología,Técnico en Electricidad y Electricidad Industrial,Técnico en Electricidad,0.3129251700680272,0.6688311688311688,4.5333333333333306,0.717391304347826,0.7912087912087912,De $900 mil a $1 millón,950000
111,Insitutos Profesionales,IP DUOC UC,7 años,Tecnología,Técnico en Electricidad y Electricidad Industrial,"Técnico en Electricidad y Automatización Industrial, en Instalaciones y Proyectos Eléctricos",0.2629682997118155,0.7587373167981961,6.609977324263038,0.7105263157894737,0.7867575462512172,De $1 millón 200 mil a $1 millón 300 mil,1250000
116,Insitutos Profesionales,IP SANTO TOMAS,5 años,Tecnología,Técnico en Electricidad y Electricidad Industrial,Técnico en Electricidad y Electrónica Industrial,0.5020080321285141,0.7441860465116279,7.666666666666669,0.7898550724637681,0.7606837606837606,De $1 millón 300 mil a $1 millón 400 mil,1350000
111,Insitutos Profesionales,IP DUOC UC,7 años,Tecnología,Técnico en Electromecánica,Técnico en Mantenimiento Electromecánico,0.1288888888888889,0.7071428571428572,6.5,0.768361581920904,0.7966101694915254,De $1 millón 200 mil a $1 millón 300 mil,1250000
111,Insitutos Profesionales,IP DUOC UC,7 años,Tecnología,Técnico en Energía,Técnico en Energías Renovables y Eficiencia Energética,0.1797235023041474,0.7156862745098039,6.883720930232558,0.6875,0.7121212121212122,s/i,
116,Insitutos Profesionales,IP SANTO TOMAS,5 años,Tecnología,Técnico en Energía,Técnico en Energía Solar,0.2394366197183098,0.6,6.87878787878788,0.6851851851851852,,s/i,
143,Insitutos Profesionales,IP AIEP,5 años,Salud,Técnico en Enfermería,Técnico en Enfermería,0.0842819843342036,0.6842513576415826,5.845078459343795,0.6313109268150735,0.6731364275668074,De $800 mil a $900 mil,850000
123,Insitutos Profesionales,IP DE CHILE,5 años,Salud,Técnico en Enfermería,Técnico en Enfermería,0.0283224400871459,0.8218390804597702,5.681710213776721,0.6156351791530945,0.7148194271481942,De $800 mil a $900 mil,850000
176,Insitutos Profesionales,IP DEL VALLE CENTRAL,No,Salud,Técnico en Enfermería,Técnico en Enfermería,0.0512483574244415,s/i,s/i,0.8088235294117647,0.8317307692307693,De $900 mil a $1 millón,950000
120,Insitutos Profesionales,IP DIEGO PORTALES,No,Salud,Técnico en Enfermería,Técnico en Enfermería,0.0590631364562118,0.4878048780487805,s/i,0.7006802721088435,0.7593984962406015,De $800 mil a $900 mil,850000
139,Insitutos Profesionales,IP DR. VIRGINIO GOMEZ G.,4 años,Salud,Técnico en Enfermería,Técnico en Enfermería,0.0628465804066543,0.7580340264650284,5.8719211822660125,0.5231866825208086,0.5989010989010989,De $700 mil a $800 mil,750000
111,Insitutos Profesionales,IP DUOC UC,7 años,Salud,Técnico en Enfermería,Técnico en Enfermería,0.0570427023581899,0.770949720670391,5.7937262357414445,0.6635182998819362,0.7106812447434819,De $800 mil a $900 mil,850000
132,Insitutos Profesionales,IP ESUCOMEX,No,Salud,Técnico en Enfermería,Técnico en Enfermería,0.0789473684210526,s/i,5.377777777777776,0.7096774193548387,,s/i,
113,Insitutos Profesionales,IP IPG,4 años,Salud,Técnico en Enfermería,Técnico en Enfermería de Nivel Superior,0.0236686390532544,0.6632653061224489,6.432748538011696,0.4752851711026616,0.6435643564356436,De $700 mil a $800 mil,750000
152,Insitutos Profesionales,IP LATINOAMERICANO DE COMERCIO EXTERIOR - IPLACEX,4 años,Salud,Técnico en Enfermería,Técnico en Enfermería,0.0276134122287968,0.7405797101449275,6.263829787234042,0.6962025316455697,0.74,s/i,
111,Insitutos Profesionales,IP DUOC UC,7 años,Salud,Técnico en Farmacia,Técnico en Química y Farmacia,0.0442307692307692,0.7906976744186046,5.711206896551724,0.7744186046511627,0.8119122257053292,De $900 mil a $1 millón,950000
155,Insitutos Profesionales,IP LOS LEONES,3 años,Salud,Técnico en Farmacia,Técnico en Farmacia,0.0408163265306122,s/i,5.3684210526315805,0.7346938775510204,0.8421052631578947,s/i,
144,Insitutos Profesionales,IP ARCOS,No,Arte y Arquitectura,Técnico en Fotografía,Técnico de Nivel Superior en Fotografía,0.1067961165048543,s/i,s/i,0.3090909090909091,0.4558823529411764,De $900 mil a $1 millón,950000
143,Insitutos Profesionales,IP AIEP,5 años,Administración y Comercio,Técnico en Gastronomía y Cocina,Técnico en Gastronomía Internacional,0.0694789081885856,0.689419795221843,5.7512437810945265,0.5018587360594795,0.4849785407725321,De $700 mil a $800 mil,750000
123,Insitutos Profesionales,IP DE CHILE,5 años,Administración y Comercio,Técnico en Gastronomía y Cocina,Técnico en Gastronomía,0.0533980582524271,0.7959183673469388,5.666666666666667,0.437956204379562,0.496551724137931,De $700 mil a $800 mil,750000
111,Insitutos Profesionales,IP DUOC UC,7 años,Administración y Comercio,Técnico en Gastronomía y Cocina,Técnico en Gastronomía,0.1078286558345642,0.7733050847457628,6.616216216216215,0.3958762886597938,0.4549878345498783,De $700 mil a $800 mil,750000
111,Insitutos Profesionales,IP DUOC UC,7 años,Ciencias Básicas,Técnico en Geología,Técnico en Geología y Control en Sondaje,0.1122994652406417,0.8153846153846154,7.090909090909091,0.5714285714285714,0.6148148148148148,De $900 mil a $1 millón,950000
143,Insitutos Profesionales,IP AIEP,5 años,Tecnología,"Técnico en Instrumentación, Automatización y Control Industrial",Técnico en Automatización y Control Industrial,0.3932853717026379,0.5252747252747253,5.43260188087774,0.8851351351351351,0.9130434782608696,s/i,
117,Insitutos Profesionales,IP IACC,4 años,Tecnología,"Técnico en Instrumentación, Automatización y Control Industrial",Técnico en Control Industrial y en Automatización y Control,0.532724505327245,0.5590277777777778,6.888198757763972,0.9191919191919192,0.9379310344827586,s/i,
143,Insitutos Profesionales,IP AIEP,5 años,Salud,Técnico en Laboratorio Clínico,Técnico Laboratorista Clínico y Banco de Sangre,0.1208791208791208,0.75,s/i,0.5970149253731343,0.7471264367816092,De $800 mil a $900 mil,850000
139,Insitutos Profesionales,IP DR. VIRGINIO GOMEZ G.,4 años,Salud,Técnico en Laboratorio Clínico,Técnico Laboratorista Clínico y Banco de Sangre,0.0762711864406779,0.8055555555555556,6.106382978723403,0.3846153846153846,0.5342465753424658,De $700 mil a $800 mil,750000
111,Insitutos Profesionales,IP DUOC UC,7 años,Salud,Técnico en Laboratorio Clínico,Técnico de Laboratorio Clínico y Banco de Sangre,0.0260336906584992,0.8061674008810573,5.141843971631204,0.5569852941176471,0.6617336152219874,De $800 mil a $900 mil,850000
143,Insitutos Profesionales,IP AIEP,5 años,Administración y Comercio,Técnico en Logística,Técnico en Operaciones Logísticas,0.3569206842923795,0.638680659670165,5.374149659863947,0.8056042031523643,0.829683698296837,De $1 millón 100 mil a $1 millón 200 mil,1150000
139,Insitutos Profesionales,IP DR. VIRGINIO GOMEZ G.,4 años,Administración y Comercio,Técnico en Logística,Técnico en Logística y en Logística Marítima Portuaria,0.2984293193717277,0.6875,5.387096774193549,0.6953125,0.6691176470588235,De $1 millón a $1 millón 100 mil,1050000
111,Insitutos Profesionales,IP DUOC UC,7 años,Administración y Comercio,Técnico en Logística,Técnico en Gestión Logística,0.3496240601503759,0.7728155339805826,6.2289473684210535,0.6987577639751553,0.779050736497545,De $1 millón 100 mil a $1 millón 200 mil,1150000
132,Insitutos Profesionales,IP ESUCOMEX,No,Administración y Comercio,Técnico en Logística,Técnico en Gestión Logística,0.2690763052208835,s/i,s/i,0.8170731707317073,0.8333333333333334,s/i,
117,Insitutos Profesionales,IP IACC,4 años,Administración y Comercio,Técnico en Logística,Técnico de Nivel Superior en Logística,0.2557603686635945,0.6115288220551378,6.16872427983539,0.90625,,s/i,
139,Insitutos Profesionales,IP DR. VIRGINIO GOMEZ G.,4 años,Tecnología,Técnico en Mantenimiento Industrial,Técnico en Mantenimiento Industrial,0.4361702127659574,0.5411764705882353,4.74074074074074,0.7428571428571429,0.8380952380952381,De $1 millón 100 mil a $1 millón 200 mil,1150000
111,Insitutos Profesionales,IP DUOC UC,7 años,Tecnología,Técnico en Mantenimiento Industrial,Técnico en Maquinaria y Vehículos Pesados,0.1267942583732057,0.7846607669616519,7.013986013986012,0.7315634218289085,0.8017492711370262,De $1 millón 200 mil a $1 millón 300 mil,1250000
116,Insitutos Profesionales,IP SANTO TOMAS,5 años,Tecnología,Técnico en Mantenimiento Industrial,Técnico en Mantenimiento Industrial,0.4046242774566474,0.5256410256410257,6.766666666666667,0.8387096774193549,0.961038961038961,De $1 millón 400 mil a $1 millón 500 mil,1450000
143,Insitutos Profesionales,IP AIEP,5 años,Salud,Técnico en Masoterapia,Técnico en Masoterapia,0.0689655172413793,0.7076923076923077,5.373983739837398,0.2537313432835821,0.4264705882352941,De $800 mil a $900 mil,850000
123,Insitutos Profesionales,IP DE CHILE,5 años,Salud,Técnico en Masoterapia,Técnico en Masoterapia,0.0627062706270627,0.8503937007874016,5.658823529411764,0.2912087912087912,0.375886524822695,De $700 mil a $800 mil,750000
155,Insitutos Profesionales,IP LOS LEONES,3 años,Salud,Técnico en Masoterapia,Técnico en Masoterapia,0.0583333333333333,s/i,5.716981132075469,0.2830188679245283,0.4888888888888889,De $700 mil a $800 mil,750000
143,Insitutos Profesionales,IP AIEP,5 años,Tecnología,Técnico en Mecánica Automotriz,Técnico en Mecánica Automotriz y Autotrónica y en Maquinaria Pesada,0.2035661218424962,0.6318493150684932,5.779605263157895,0.6586538461538461,0.7136465324384788,De $1 millón a $1 millón 100 mil,1050000
123,Insitutos Profesionales,IP DE CHILE,5 años,Tecnología,Técnico en Mecánica Automotriz,Técnico en Mecánica Automotriz y Autotrónica,0.1633333333333333,0.7,6.4,0.6612021857923497,0.7339055793991416,De $1 millón a $1 millón 100 mil,1050000
139,Insitutos Profesionales,IP DR. VIRGINIO GOMEZ G.,4 años,Tecnología,Técnico en Mecánica Automotriz,"Técnico en Mecánica Automotriz y Maquinaria Pesada, y Sistemas Eléctricos",0.2782608695652174,0.6627906976744186,5.593749999999998,0.6133333333333333,0.6818181818181818,De $900 mil a $1 millón,950000
111,Insitutos Profesionales,IP DUOC UC,7 años,Tecnología,Técnico en Mecánica Automotriz,Técnico en Mecánica Automotriz y Autotrónica,0.1486810551558753,0.7452276064610867,6.77120822622108,0.6326352530541012,0.706717123935667,De $1 millón a $1 millón 100 mil,1050000
143,Insitutos Profesionales,IP AIEP,5 años,Tecnología,Técnico en Minería,Técnico en Minería,0.3663967611336032,0.5576923076923077,5.713414634146344,0.7258064516129032,0.7690058479532164,De $1 millón 200 mil a $1 millón 300 mil,1250000
123,Insitutos Profesionales,IP DE CHILE,5 años,Tecnología,Técnico en Minería,Técnico en Minería,0.2408759124087591,0.8266666666666667,8,0.6565656565656566,0.7457627118644068,De $1 millón 300 mil a $1 millón 400 mil,1350000
117,Insitutos Profesionales,IP IACC,4 años,Tecnología,Técnico en Minería,Técnico de Nivel Superior en Procesos Mineros,0.3638888888888889,0.5345345345345346,6.59523809523809,0.95,,s/i,
116,Insitutos Profesionales,IP SANTO TOMAS,5 años,Tecnología,Técnico en Minería,Técnico en Operaciones Mineras y Equipos Móviles Mineros,0.1956521739130435,0.7213114754098361,6.732142857142855,0.7175572519083969,0.751937984496124,De $1 millón 300 mil a $1 millón 400 mil,1350000
143,Insitutos Profesionales,IP AIEP,5 años,Arte y Arquitectura,Técnico en Peluquería y Estética,Técnico en Cosmetología y Peluquería,0.1219977125428898,0.7268085106382979,5.6915814319433515,0.2546266751754946,0.3344182262001627,De $800 mil a $900 mil,850000
113,Insitutos Profesionales,IP IPG,4 años,Arte y Arquitectura,Técnico en Peluquería y Estética,Técnico de Nivel Superior en Estética Integral,0.0295081967213114,s/i,6.207792207792209,0.2631578947368421,0.3315508021390374,De $700 mil a $800 mil,750000
155,Insitutos Profesionales,IP LOS LEONES,3 años,Arte y Arquitectura,Técnico en Peluquería y Estética,Técnico en Estética Integral,0.0381679389312977,0.6823529411764706,5.583333333333333,0.3355263157894737,0.3981481481481481,De $700 mil a $800 mil,750000
143,Insitutos Profesionales,IP AIEP,5 años,Salud,Técnico en Podología,Técnico en Podología Clínica,0.0542763157894736,0.766531713900135,5.501488095238095,0.4039735099337748,0.3431372549019608,s/i,
176,Insitutos Profesionales,IP DEL VALLE CENTRAL,No,Salud,Técnico en Podología,Técnico de Nivel Superior en Podología,0.0573065902578796,s/i,s/i,0.78,0.7560975609756098,s/i,
143,Insitutos Profesionales,IP AIEP,5 años,Tecnología,Técnico en Prevención de Riesgos,Técnico en Prevención de Riesgos,0.4072164948453608,0.6416083916083916,5.874730021598271,0.6133720930232558,0.6742857142857143,De $1 millón a $1 millón 100 mil,1050000
111,Insitutos Profesionales,IP DUOC UC,7 años,Tecnología,Técnico en Prevención de Riesgos,Técnico en Prevención de Riesgos,0.3274336283185841,0.7,6.025316455696201,0.4662162162162162,0.6115702479338843,De $900 mil a $1 millón,950000
117,Insitutos Profesionales,IP IACC,4 años,Tecnología,Técnico en Prevención de Riesgos,Técnico en Prevención de Riesgos,0.332737030411449,0.5578635014836796,6.71063829787234,0.782608695652174,0.8363636363636363,s/i,
116,Insitutos Profesionales,IP SANTO TOMAS,5 años,Arte y Arquitectura,Técnico en Producción Gráfica y Multimedia,Técnico en Diseño de Videojuegos,0.1296296296296296,0.64,s/i,0.2592592592592592,0.3333333333333333,s/i,
139,Insitutos Profesionales,IP DR. VIRGINIO GOMEZ G.,4 años,Ciencias Básicas,Técnico en Química (Análisis e Industrial),Técnico Químico Analista Industrial,0.4363636363636363,0.8,s/i,0.5348837209302325,0.5555555555555556,s/i,
143,Insitutos Profesionales,IP AIEP,5 años,Salud,Técnico en Radiología y Radioterapia,Técnico en Imagenología,0.1259842519685039,0.8064516129032258,5.875000000000001,0.5869565217391305,0.782608695652174,s/i,
111,Insitutos Profesionales,IP DUOC UC,7 años,Salud,Técnico en Radiología y Radioterapia,Técnico de Radiodiagnóstico y Radioterapia,0.0489913544668587,0.8444444444444444,4.750000000000001,0.6964285714285714,0.7859922178988327,De $800 mil a $900 mil,850000
143,Insitutos Profesionales,IP AIEP,5 años,Ciencias Sociales,Técnico en Relaciones Públicas,Técnico en Comunicación y Relaciones Publicas,0.1519607843137254,0.6029411764705882,5.641509433962263,0.546875,0.5612244897959183,De $900 mil a $1 millón,950000
143,Insitutos Profesionales,IP AIEP,5 años,Ciencias Sociales,Técnico en Servicio Social,Técnico en Trabajo Social,0.4718940207662012,0.6978260869565217,6.015189873417722,0.4428678117998506,0.4883303411131059,De $800 mil a $900 mil,850000
123,Insitutos Profesionales,IP DE CHILE,5 años,Ciencias Sociales,Técnico en Servicio Social,Técnico en Trabajo Social,0.3130081300813008,0.7062146892655368,5.5,0.3980582524271844,0.4406779661016949,De $800 mil a $900 mil,850000
176,Insitutos Profesionales,IP DEL VALLE CENTRAL,No,Ciencias Sociales,Técnico en Servicio Social,Técnico de Nivel Superior en Trabajo Social,0.63668430335097,s/i,s/i,0.6875,0.7323943661971831,De $900 mil a $1 millón,950000
117,Insitutos Profesionales,IP IACC,4 años,Ciencias Sociales,Técnico en Servicio Social,Técnico de Nivel Superior en Trabajo Social,0.2193784277879341,0.572972972972973,6.94071146245059,0.6483516483516484,0.6885245901639344,s/i,
113,Insitutos Profesionales,IP IPG,4 años,Ciencias Sociales,Técnico en Servicio Social,Técnico de Nivel Superior en Servicio Social y en Trabajo Social,0.2460567823343848,0.5986394557823129,6.2439024390243905,0.3445378151260504,0.3203883495145631,s/i,
152,Insitutos Profesionales,IP LATINOAMERICANO DE COMERCIO EXTERIOR - IPLACEX,4 años,Ciencias Sociales,Técnico en Servicio Social,Técnico en Trabajo Social,0.3806451612903225,0.7527272727272727,6.253521126760562,0.5222222222222223,0.5633802816901409,s/i,
106,Insitutos Profesionales,IP PROVIDENCIA,3 años,Ciencias Sociales,Técnico en Servicio Social,Técnico de Nivel Superior en Servicio Social,0.2943548387096774,0.5407166123778502,5.455357142857147,0.5217391304347826,,s/i,
116,Insitutos Profesionales,IP SANTO TOMAS,5 años,Ciencias Sociales,Técnico en Servicio Social,Técnico en Trabajo Social,0.6495327102803738,0.7155172413793104,6.127572016460905,0.2589605734767025,0.3477891156462585,De $800 mil a $900 mil,850000
143,Insitutos Profesionales,IP AIEP,5 años,Tecnología,Técnico en Sonido,Técnico en Sonido,0.185,0.6447368421052632,6.368421052631579,0.3013698630136986,0.44,De $700 mil a $800 mil,750000
123,Insitutos Profesionales,IP DE CHILE,5 años,Tecnología,Técnico en Sonido,Técnico en Sonido,0.125,0.8823529411764706,6.096774193548387,0.4782608695652174,0.5625,s/i,
111,Insitutos Profesionales,IP DUOC UC,7 años,Tecnología,Técnico en Sonido,Tecnología en Sonido,0.1222707423580786,0.8407079646017699,6.3478260869565215,0.2658959537572254,0.3306451612903225,De $700 mil a $800 mil,750000
116,Insitutos Profesionales,IP SANTO TOMAS,5 años,Tecnología,Técnico en Sonido,Técnico en Sonido,0.1179039301310043,0.7321428571428571,6.999999999999998,0.3597560975609756,0.5555555555555556,s/i,
111,Insitutos Profesionales,IP DUOC UC,7 años,Tecnología,Técnico en Telecomunicaciones,Técnico en Telecomunicaciones y Administración de Redes,0.2145669291338582,0.7403314917127072,7.462962962962963,0.6910994764397905,0.7885906040268457,De $900 mil a $1 millón,950000
143,Insitutos Profesionales,IP AIEP,5 años,Tecnología,Técnico en Topografía,Técnico en Topografía,0.2462686567164179,0.6951219512195121,5.585365853658536,0.7966101694915254,0.7142857142857143,De $1 millón 200 mil a $1 millón 300 mil,1250000
111,Insitutos Profesionales,IP DUOC UC,7 años,Tecnología,Técnico en Topografía,Técnico en Topografía,0.0875,0.6909090909090909,6.741573033707865,0.7104072398190046,0.7239819004524887,De $1 millón 200 mil a $1 millón 300 mil,1250000
108,Insitutos Profesionales,IP CHILENO BRITANICO DE CULTURA,No,Humanidades,Técnico en Traducción e Interpretariado,Técnico en Traducción Inglés-Español,0.0952380952380952,s/i,9.366666666666667,0.3186813186813186,0.4576271186440678,s/i,
137,Insitutos Profesionales,IP EATRI,3 años,Humanidades,Técnico en Traducción e Interpretariado,"Técnico en Interpretación de Enlace Inglés-Castellano, y Técnico en Inglés",0.1297297297297297,0.5027624309392266,5.891891891891893,0.319672131147541,0.5405405405405406,De $800 mil a $900 mil,850000
143,Insitutos Profesionales,IP AIEP,5 años,Administración y Comercio,Técnico en Turismo y Hotelería,Técnico en Turismo y en Administración Hotelera y Resorts Internacional,0.1081081081081081,0.6046511627906976,5.929687499999999,0.475,0.5578034682080925,De $800 mil a $900 mil,850000
123,Insitutos Profesionales,IP DE CHILE,5 años,Administración y Comercio,Técnico en Turismo y Hotelería,Técnico en Turismo,0.0571428571428571,s/i,s/i,0.490566037735849,0.5844155844155844,De $800 mil a $900 mil,850000
111,Insitutos Profesionales,IP DUOC UC,7 años,Administración y Comercio,Técnico en Turismo y Hotelería,"Turismo Técnico, Turismo de Aventura, Administración Hotelera y Tourism & Hospitality Technician",0.0899209486166007,0.8191489361702128,6.921397379912664,0.3980582524271844,0.5041716328963052,De $800 mil a $900 mil,850000
155,Insitutos Profesionales,IP LOS LEONES,3 años,Administración y Comercio,Técnico en Turismo y Hotelería,Técnico en Hotelería y en Turismo Sustentable,0.0945945945945946,s/i,s/i,0.6274509803921569,0.5357142857142857,De $800 mil a $900 mil,850000
116,Insitutos Profesionales,IP SANTO TOMAS,5 años,Administración y Comercio,Técnico en Turismo y Hotelería,Técnico en Turismo,0.0994152046783625,0.6585365853658537,6.4545454545454515,0.4573643410852713,0.4257425742574257,s/i,
143,Insitutos Profesionales,IP AIEP,5 años,Derecho,Técnico Jurídico,Técnico Jurídico,0.2556131260794473,0.6862745098039216,5.713872832369941,0.5668896321070234,0.6053639846743295,De $900 mil a $1 millón,950000
143,Insitutos Profesionales,IP AIEP,5 años,Salud,Técnico Laboratorista Dental,Técnico Laboratorista Dental,0.0555555555555555,0.6461538461538462,5.576923076923079,0.6666666666666666,0.6792452830188679,s/i,
139,Insitutos Profesionales,IP DR. VIRGINIO GOMEZ G.,4 años,Salud,Técnico Laboratorista Dental,Técnico Laboratorista Dental,0.0543478260869565,0.7222222222222222,s/i,0.3225806451612903,,s/i,
155,Insitutos Profesionales,IP LOS LEONES,3 años,Salud,Técnico Laboratorista Dental,Técnico Laboratorista Dental,0.0232558139534883,0.8023255813953488,6.240506329113921,0.4736842105263157,,De $800 mil a $900 mil,850000
111,Insitutos Profesionales,IP DUOC UC,7 años,Agropecuaria,Técnico Veterinario,Técnico Veterinario y Pecuario,0.0881458966565349,0.8294573643410853,6.256637168141591,0.429718875502008,0.5012165450121655,De $700 mil a $800 mil,750000
123,Insitutos Profesionales,IP DE CHILE,5 años,Salud,Terapia Ocupacional,Terapia Ocupacional,0.146779303062302,0.7861635220125787,12.023668639053216,0.4559440559440559,0.609271523178808,De $1 millón a $1 millón 100 mil,1050000
143,Insitutos Profesionales,IP AIEP,5 años,Ciencias Sociales,Trabajo Social,Trabajo Social,0.1418225709112854,0.7195121951219512,10.116360454943138,0.6469038208168643,0.718266253869969,De $1 millón a $1 millón 100 mil,1050000
123,Insitutos Profesionales,IP DE CHILE,5 años,Ciencias Sociales,Trabajo Social,Trabajo Social,0.0061804697156983,0.7796208530805687,8.83248730964467,0.3832199546485261,0.6039603960396039,De $1 millón a $1 millón 100 mil,1050000
176,Insitutos Profesionales,IP DEL VALLE CENTRAL,No,Ciencias Sociales,Trabajo Social,Trabajo Social,0.0119760479041916,s/i,s/i,0.8448275862068966,,s/i,
117,Insitutos Profesionales,IP IACC,4 años,Ciencias Sociales,Trabajo Social,Trabajo Social,0.0178571428571428,s/i,10.6170212765957,0.7777777777777778,0.819672131147541,s/i,
152,Insitutos Profesionales,IP LATINOAMERICANO DE COMERCIO EXTERIOR - IPLACEX,4 años,Ciencias Sociales,Trabajo Social,Trabajo Social,0.0141776937618147,0.7917222963951935,9.814492753623194,0.7869822485207101,0.847682119205298,De $1 millón 400 mil a $1 millón 500 mil,1450000
155,Insitutos Profesionales,IP LOS LEONES,3 años,Ciencias Sociales,Trabajo Social,Servicio Social,0.0,s/i,8.413043478260867,0.5714285714285714,,De $900 mil a $1 millón,950000
106,Insitutos Profesionales,IP PROVIDENCIA,3 años,Ciencias Sociales,Trabajo Social,Servicio Social,0.0704225352112676,0.5950155763239875,11.008620689655162,0.7777777777777778,0.6842105263157895,s/i,
116,Insitutos Profesionales,IP SANTO TOMAS,5 años,Ciencias Sociales,Trabajo Social,Servicio Social,0.0087027468044601,0.780970625798212,9.343032159264933,0.4968777876895628,0.6576942610462163,De $1 millón a $1 millón 100 mil,1050000
137,Insitutos Profesionales,IP EATRI,3 años,Humanidades,Traducción e Interpretación,Traducción e Interpretariado Simultáneo y Traductor e Intérprete de Enlace,0.0705128205128205,0.625,11.593749999999991,0.5,0.5287356321839081,s/i,
86,Universidades,PONTIFICIA UNIVERSIDAD CATOLICA DE CHILE,7 años,Arte y Arquitectura,Actuación y Teatro,Actuación,0.1020408163265306,0.96,9.81081081081081,0.2727272727272727,0.2857142857142857,s/i,
26,Universidades,"UNIVERSIDAD DE ARTES, CIENCIAS Y COMUNICACION - UNIACC",3 años,Arte y Arquitectura,Actuación y Teatro,Teatro y Cominucación Escénica,0.04,0.6578947368421053,12.658536585365832,0.2,0.3333333333333333,s/i,
72,Universidades,UNIVERSIDAD DE VALPARAISO,6 años,Arte y Arquitectura,Actuación y Teatro,Teatro,0.0149253731343283,s/i,11.9615384615385,0.2413793103448276,0.2941176470588235,s/i,
10,Universidades,UNIVERSIDAD MAYOR,5 años,Arte y Arquitectura,Actuación y Teatro,Teatro,0.0246913580246913,0.967741935483871,11.551724137931,0.2769230769230769,,s/i,
20,Universidades,UNIVERSIDAD ANDRES BELLO,6 años,Administración y Comercio,Administración de Empresas e Ing. Asociadas,Ingeniería en Administración de Empresas,0.0822942643391521,0.8402061855670103,9.330188679245284,0.7464028776978417,0.818815331010453,De $1 millón 400 mil a $1 millón 500 mil,1450000
81,Universidades,UNIVERSIDAD ARTURO PRAT,5 años,Administración y Comercio,Administración de Empresas e Ing. Asociadas,Ingeniería de Ejecución en Administración de Empresas,0.0737179487179487,s/i,s/i,0.780327868852459,0.8494623655913979,De $1 millón 500 mil a $1 millón 600 mil,1550000
31,Universidades,UNIVERSIDAD AUTONOMA DE CHILE,5 años,Administración y Comercio,Administración de Empresas e Ing. Asociadas,Ingeniería en Administración,0.0519480519480519,0.9428571428571428,s/i,0.6938775510204082,0.7543859649122807,s/i,
93,Universidades,UNIVERSIDAD CATOLICA DE LA SANTISIMA CONCEPCION,5 años,Administración y Comercio,Administración de Empresas e Ing. Asociadas,Ingeniería de Ejecución en Administración de Empresas,0.0367412140575079,0.6666666666666666,s/i,0.6577380952380952,0.7124183006535948,De $1 millón 100 mil a $1 millón 200 mil,1150000
4,Universidades,UNIVERSIDAD CENTRAL DE CHILE,5 años,Administración y Comercio,Administración de Empresas e Ing. Asociadas,"Ingeniería de Ejecución en Administración de Negocios, de Empresas y de Agronegocios",0.1282051282051282,0.8771929824561403,s/i,0.6904761904761905,0.824,De $1 millón 400 mil a $1 millón 500 mil,1450000
79,Universidades,UNIVERSIDAD DE ATACAMA,4 años,Administración y Comercio,Administración de Empresas e Ing. Asociadas,Ingeniería de Ejecución en Administración de Empresas,0.0727272727272727,s/i,10.314814814814829,0.7352941176470589,,s/i,
74,Universidades,UNIVERSIDAD DE LA SERENA,5 años,Administración y Comercio,Administración de Empresas e Ing. Asociadas,Ingeniería en Administración de Empresas,0.0330578512396694,0.8163265306122449,10.4,0.5588235294117647,0.6714285714285714,s/i,
19,Universidades,UNIVERSIDAD DE LAS AMERICAS,5 años,Administración y Comercio,Administración de Empresas e Ing. Asociadas,Ingeniería de Ejecución en Administración de Empresas,0.0759493670886076,0.44776119402985076,8.511111111111115,0.7,0.7575757575757576,De $1 millón 400 mil a $1 millón 500 mil,1450000
34,Universidades,UNIVERSIDAD DE LOS ANDES,6 años,Administración y Comercio,Administración de Empresas e Ing. Asociadas,Administración de Servicios,0.027027027027027,0.9375,11.5116279069767,0.8759124087591241,0.93006993006993,De $1 millón 700 mil a $1 millón 800 mil,1750000
84,Universidades,UNIVERSIDAD DE LOS LAGOS,5 años,Administración y Comercio,Administración de Empresas e Ing. Asociadas,Ingeniería en Administración de Empresas,0.0342465753424657,s/i,s/i,0.7916666666666666,0.7643312101910829,De $1 millón 400 mil a $1 millón 500 mil,1450000
71,Universidades,UNIVERSIDAD DE SANTIAGO DE CHILE,7 años,Administración y Comercio,Administración de Empresas e Ing. Asociadas,Ingeniería en Agronegocios,0.0117647058823529,s/i,s/i,0.6571428571428571,0.7307692307692307,De $1 millón 300 mil a $1 millón 400 mil,1350000
75,Universidades,UNIVERSIDAD DEL BIO-BIO,5 años,Administración y Comercio,Administración de Empresas e Ing. Asociadas,Ingeniería de Ejecución en Administración de Empresas,0.0898203592814371,s/i,s/i,0.8541666666666666,0.7796610169491526,De $1 millón 200 mil a $1 millón 300 mil,1250000
45,Universidades,UNIVERSIDAD DEL DESARROLLO,6 años,Administración y Comercio,Administración de Empresas e Ing. Asociadas,Ingeniería en Ejecución en Administración,0.1176470588235294,s/i,s/i,0.6363636363636364,0.7647058823529411,s/i,
3,Universidades,UNIVERSIDAD DIEGO PORTALES,6 años,Administración y Comercio,Administración de Empresas e Ing. Asociadas,Ingeniería en Administración de Empresas,0.0437158469945355,0.7222222222222222,11.558823529411764,0.8316831683168316,0.8350515463917526,De $1 millón 700 mil a $1 millón 800 mil,1750000
10,Universidades,UNIVERSIDAD MAYOR,5 años,Administración y Comercio,Administración de Empresas e Ing. Asociadas,Ingeniería en Administración e Ingeniería en Administración de Empresas,0.0627530364372469,0.7647058823529411,10.495575221238925,0.7850467289719626,0.8035714285714286,De $1 millón 600 mil a $1 millón 700 mil,1650000
39,Universidades,UNIVERSIDAD SAN SEBASTIAN,5 años,Administración y Comercio,Administración de Empresas e Ing. Asociadas,Ingeniería en Administración de Empresas,0.1131725417439703,s/i,s/i,0.8392857142857143,0.8292682926829268,De $1 millón 500 mil a $1 millón 600 mil,1550000
54,Universidades,UNIVERSIDAD TECNOLOGICA DE CHILE INACAP,No,Administración y Comercio,Administración de Empresas e Ing. Asociadas,Ingeniería en Administración de Empresas,0.0856084243369734,s/i,13.634581105169342,0.7051456575006806,0.7778071334214003,De $1 millón 300 mil a $1 millón 400 mil,1350000
19,Universidades,UNIVERSIDAD DE LAS AMERICAS,5 años,Administración y Comercio,Administración Gastronómica,Licenciatura en Artes Culinarias y Gastronomía y Negocios Gastronómicos,0.109090909090909,0.8793103448275862,s/i,0.375,,s/i,
11,Universidades,UNIVERSIDAD ACADEMIA DE HUMANISMO CRISTIANO,4 años,Ciencias Sociales,Administración Pública,Administración Pública,0.019047619047619,s/i,11.500000000000025,0.746268656716418,0.8653846153846154,De $1 millón 400 mil a $1 millón 500 mil,1450000
69,Universidades,UNIVERSIDAD ALBERTO HURTADO,5 años,Ciencias Sociales,Administración Pública,Administración Pública,0.032258064516129,0.8157894736842105,11.2444444444444,0.7982456140350878,0.8793103448275862,s/i,
90,Universidades,UNIVERSIDAD AUSTRAL DE CHILE,6 años,Ciencias Sociales,Administración Pública,Administración Pública,0.03,0.8666666666666667,10.514851485148506,0.6477272727272727,,s/i,
31,Universidades,UNIVERSIDAD AUTONOMA DE CHILE,5 años,Ciencias Sociales,Administración Pública,Administración Pública,0.0081967213114754,0.815,10.051724137931046,0.6018518518518519,0.8260869565217391,s/i,
94,Universidades,UNIVERSIDAD CATOLICA DE TEMUCO,5 años,Ciencias Sociales,Administración Pública,Administración Pública,0.0555555555555555,0.9523809523809523,10.8965517241379,0.4883720930232558,0.6891891891891891,s/i,
4,Universidades,UNIVERSIDAD CENTRAL DE CHILE,5 años,Ciencias Sociales,Administración Pública,Administración Pública,0.0649350649350649,0.8823529411764706,12.413461538461503,0.7033492822966507,0.8795180722891566,De $1 millón 600 mil a $1 millón 700 mil,1650000
73,Universidades,UNIVERSIDAD DE ANTOFAGASTA,5 años,Ciencias Sociales,Administración Pública,Administración Pública,0.0746268656716417,s/i,12.5,0.7377049180327869,,s/i,
70,Universidades,UNIVERSIDAD DE CHILE,7 años,Ciencias Sociales,Administración Pública,Administración Pública,0.3912037037037037,0.9205298013245033,10.5606060606061,0.7467700258397932,0.8907849829351536,De $1 millón 700 mil a $1 millón 800 mil,1750000
87,Universidades,UNIVERSIDAD DE CONCEPCION,7 años,Ciencias Sociales,Administración Pública,Administración Pública,0.0536585365853658,0.974025974025974,13.0666666666667,0.7016574585635359,0.8659217877094972,De $1 millón 400 mil a $1 millón 500 mil,1450000
895,Universidades,UNIVERSIDAD DE O'HIGGINS,4 años,Ciencias Sociales,Administración Pública,Administración Pública,0.0,0.8461538461538461,10.4888888888889,0.6415094339622641,,s/i,
71,Universidades,UNIVERSIDAD DE SANTIAGO DE CHILE,7 años,Ciencias Sociales,Administración Pública,Administración Pública,0.0376569037656903,0.8333333333333334,11.115,0.849624060150376,0.8833819241982507,De $1 millón 600 mil a $1 millón 700 mil,1650000
78,Universidades,UNIVERSIDAD DE TALCA,6 años,Ciencias Sociales,Administración Pública,Administración Pública,0.0327868852459016,0.8333333333333334,11.24324324324324,0.6271186440677966,0.8431372549019608,s/i,
72,Universidades,UNIVERSIDAD DE VALPARAISO,6 años,Ciencias Sociales,Administración Pública,Administración Pública,0.0336787564766839,0.7459016393442623,11.686956521739148,0.7784431137724551,0.8464163822525598,De $1 millón 400 mil a $1 millón 500 mil,1450000
39,Universidades,UNIVERSIDAD SAN SEBASTIAN,5 años,Ciencias Sociales,Administración Pública,Administración Pública,0.0801282051282051,0.8045977011494253,10.5434782608696,0.5985401459854015,0.7422680412371134,De $1 millón 200 mil a $1 millón 300 mil,1250000
85,Universidades,UNIVERSIDAD TECNOLOGICA METROPOLITANA,4 años,Ciencias Sociales,Administración Pública,Administración Pública,0.1142857142857142,0.75,s/i,0.7901234567901234,0.8870967741935484,s/i,
20,Universidades,UNIVERSIDAD ANDRES BELLO,6 años,Administración y Comercio,Administración Turística y Hotelera,"Ingeniería en Turismo y Hotelería, Ingeniería en Administración Hotelera Internacional y Administración en Ecoturismo",0.0968703427719821,0.7724550898203593,10.432432432432426,0.4603174603174603,0.5530474040632054,De $1 millón a $1 millón 100 mil,1050000
90,Universidades,UNIVERSIDAD AUSTRAL DE CHILE,6 años,Administración y Comercio,Administración Turística y Hotelera,Administración de Empresas de Turismo,0.0106382978723404,0.8653846153846154,13.1923076923077,0.4050632911392405,0.6417910447761194,s/i,
19,Universidades,UNIVERSIDAD DE LAS AMERICAS,5 años,Administración y Comercio,Administración Turística y Hotelera,Hotelería y Turismo,0.0196078431372549,s/i,s/i,0.4594594594594595,0.7027027027027027,s/i,
83,Universidades,UNIVERSIDAD DE PLAYA ANCHA DE CIENCIAS DE LA EDUCACION,5 años,Administración y Comercio,Administración Turística y Hotelera,Administración Turística Multilingüe,0.0,s/i,s/i,0.475,0.6052631578947368,s/i,
72,Universidades,UNIVERSIDAD DE VALPARAISO,6 años,Administración y Comercio,Administración Turística y Hotelera,"Administración Hotelera y Gastronómica, y Gestión en Turismo y Cultura",0.0169491525423728,0.7256637168141593,12.263157894736825,0.4497354497354497,0.577639751552795,De $900 mil a $1 millón,950000
39,Universidades,UNIVERSIDAD SAN SEBASTIAN,5 años,Administración y Comercio,Administración Turística y Hotelera,Ingeniería en Expediciones y Ecoturismo,0.0344827586206896,0.8860759493670886,10.269230769230774,0.4404761904761904,0.5194805194805194,s/i,
85,Universidades,UNIVERSIDAD TECNOLOGICA METROPOLITANA,4 años,Administración y Comercio,Administración Turística y Hotelera,Ingeniería en Gestión Turística,0.0158730158730158,0.78125,12.4166666666667,0.6415094339622641,,s/i,
86,Universidades,PONTIFICIA UNIVERSIDAD CATOLICA DE CHILE,7 años,Agropecuaria,Agronomía,Agronomía,0.018,0.874439461883408,12.4621212121212,0.7246049661399548,0.8171296296296297,De $1 millón 800 mil a $1 millón 900 mil,1850000
89,Universidades,PONTIFICIA UNIVERSIDAD CATOLICA DE VALPARAISO,7 años,Agropecuaria,Agronomía,Agronomía,0.0588235294117647,0.7051282051282052,12.0545454545455,0.5330188679245284,0.632258064516129,De $1 millón 200 mil a $1 millón 300 mil,1250000
90,Universidades,UNIVERSIDAD AUSTRAL DE CHILE,6 años,Agropecuaria,Agronomía,Agronomía,0.0714285714285714,0.7899159663865546,14.7575757575758,0.5870967741935483,0.7391304347826086,De $1 millón 500 mil a $1 millón 600 mil,1550000
94,Universidades,UNIVERSIDAD CATOLICA DE TEMUCO,5 años,Agropecuaria,Agronomía,Agronomía,0.04,0.8333333333333334,13.4259259259259,0.5054945054945055,0.6282051282051282,De $1 millón 500 mil a $1 millón 600 mil,1550000
92,Universidades,UNIVERSIDAD CATOLICA DEL MAULE,5 años,Agropecuaria,Agronomía,Agronomía,0.015,0.8548387096774194,14.1896551724138,0.6521739130434783,0.8125,s/i,
70,Universidades,UNIVERSIDAD DE CHILE,7 años,Agropecuaria,Agronomía,Ingeniería Agronómica,0.0134529147982062,0.8717948717948718,17.1958762886598,0.7388888888888889,0.8040540540540541,De $1 millón 600 mil a $1 millón 700 mil,1650000
87,Universidades,UNIVERSIDAD DE CONCEPCION,7 años,Agropecuaria,Agronomía,Agronomía,0.1103896103896103,0.8253968253968254,16.662162162162176,0.639344262295082,0.8229166666666666,De $1 millón 500 mil a $1 millón 600 mil,1550000
76,Universidades,UNIVERSIDAD DE LA FRONTERA,5 años,Agropecuaria,Agronomía,Agronomía,0.0719424460431654,0.7735849056603774,s/i,0.5333333333333333,0.6224489795918368,s/i,
78,Universidades,UNIVERSIDAD DE TALCA,6 años,Agropecuaria,Agronomía,Agronomía,0.0641025641025641,0.7920792079207921,13.6309523809524,0.6277372262773723,0.6666666666666666,De $1 millón 500 mil a $1 millón 600 mil,1550000
80,Universidades,UNIVERSIDAD DE TARAPACA,6 años,Agropecuaria,Agronomía,Agronomía,0.0246913580246913,0.78,14.6,0.7068965517241379,0.5818181818181818,s/i,
10,Universidades,UNIVERSIDAD MAYOR,5 años,Agropecuaria,Agronomía,Agronomía,0.0075757575757575,0.8421052631578947,14.3229166666667,0.6448598130841121,0.7899543378995434,De $1 millón 900 mil a $2 millones,1950000
13,Universidades,UNIVERSIDAD SANTO TOMAS,4 años,Agropecuaria,Agronomía,Agronomía,0.030188679245283,0.7804878048780488,s/i,0.803921568627451,0.8064516129032258,De $1 millón 100 mil a $1 millón 200 mil,1150000
74,Universidades,UNIVERSIDAD DE LA SERENA,5 años,Ciencias Básicas,Analista Químico,Químico Laboratorista,0.12,s/i,s/i,0.6511627906976745,,s/i,
19,Universidades,UNIVERSIDAD DE LAS AMERICAS,5 años,Arte y Arquitectura,Animación Digital,Animación Digital,0.0,0.9235294117647059,9.95744680851064,0.5409836065573771,,s/i,
10,Universidades,UNIVERSIDAD MAYOR,5 años,Arte y Arquitectura,Animación Digital,Animación Digital,0.0091743119266055,0.9026548672566371,9.533333333333331,0.2738095238095238,0.4210526315789473,s/i,
86,Universidades,PONTIFICIA UNIVERSIDAD CATOLICA DE CHILE,7 años,Ciencias Sociales,Antropología,Antropología,0.1052631578947368,0.9382716049382716,11.137254901960798,0.6634615384615384,0.75,s/i,
11,Universidades,UNIVERSIDAD ACADEMIA DE HUMANISMO CRISTIANO,4 años,Ciencias Sociales,Antropología,Antropología,0.0454545454545454,s/i,13.8076923076923,0.5106382978723404,,s/i,
69,Universidades,UNIVERSIDAD ALBERTO HURTADO,5 años,Ciencias Sociales,Antropología,Antropología,0.0625,0.8113207547169812,s/i,0.5108695652173914,0.6166666666666667,s/i,
90,Universidades,UNIVERSIDAD AUSTRAL DE CHILE,6 años,Ciencias Sociales,Antropología,Antropología,0.0933333333333333,0.7647058823529411,s/i,0.4821428571428571,,s/i,
70,Universidades,UNIVERSIDAD DE CHILE,7 años,Ciencias Sociales,Antropología,Antropología Arqueología,0.1259259259259259,0.9568965517241379,16.828125,0.7962962962962963,0.918918918918919,De $1 millón 800 mil a $1 millón 900 mil,1850000
87,Universidades,UNIVERSIDAD DE CONCEPCION,7 años,Ciencias Sociales,Antropología,Antropología,0.088235294117647,0.8103448275862069,13.789473684210499,0.6,0.8554216867469879,De $1 millón 400 mil a $1 millón 500 mil,1450000
80,Universidades,UNIVERSIDAD DE TARAPACA,6 años,Ciencias Sociales,Antropología,Antropología,0.106060606060606,0.9,s/i,0.575,0.7560975609756098,s/i,
69,Universidades,UNIVERSIDAD ALBERTO HURTADO,5 años,Ciencias Sociales,Arqueología,Arqueología,0.0416666666666666,0.859375,s/i,1.0,,s/i,
86,Universidades,PONTIFICIA UNIVERSIDAD CATOLICA DE CHILE,7 años,Arte y Arquitectura,Arquitectura,Arquitectura,0.0071770334928229,0.935672514619883,13.475,0.7492625368731564,0.847972972972973,De $1 millón 500 mil a $1 millón 600 mil,1550000
89,Universidades,PONTIFICIA UNIVERSIDAD CATOLICA DE VALPARAISO,7 años,Arte y Arquitectura,Arquitectura,Arquitectura,0.03954802259887,0.9217391304347826,12.321428571428608,0.4890510948905109,0.6410256410256411,De $1 millón 200 mil a $1 millón 300 mil,1250000
20,Universidades,UNIVERSIDAD ANDRES BELLO,6 años,Arte y Arquitectura,Arquitectura,Arquitectura,0.0171821305841924,0.8025210084033614,13.499999999999964,0.4056603773584906,0.5920398009950248,De $1 millón 200 mil a $1 millón 300 mil,1250000
90,Universidades,UNIVERSIDAD AUSTRAL DE CHILE,6 años,Arte y Arquitectura,Arquitectura,Arquitectura,0.0350877192982456,0.8421052631578947,15.304347826086941,0.5789473684210527,0.6704545454545454,De $1 millón 300 mil a $1 millón 400 mil,1350000
31,Universidades,UNIVERSIDAD AUTONOMA DE CHILE,5 años,Arte y Arquitectura,Arquitectura,Arquitectura,0.0273972602739726,0.8278688524590164,s/i,0.6296296296296297,,s/i,
91,Universidades,UNIVERSIDAD CATOLICA DEL NORTE,6 años,Arte y Arquitectura,Arquitectura,Arquitectura,0.0341880341880341,0.7375,18.6756756756757,0.7692307692307693,0.835820895522388,De $1 millón 500 mil a $1 millón 600 mil,1550000
4,Universidades,UNIVERSIDAD CENTRAL DE CHILE,5 años,Arte y Arquitectura,Arquitectura,Arquitectura,0.0207253886010362,0.8431372549019608,15.60377358490562,0.5594405594405595,0.7784810126582279,De $1 millón 400 mil a $1 millón 500 mil,1450000
70,Universidades,UNIVERSIDAD DE CHILE,7 años,Arte y Arquitectura,Arquitectura,Arquitectura,0.0395256916996047,0.8761061946902655,13.956043956044,0.7042889390519187,0.7918781725888325,De $1 millón 500 mil a $1 millón 600 mil,1550000
87,Universidades,UNIVERSIDAD DE CONCEPCION,7 años,Arte y Arquitectura,Arquitectura,Arquitectura,0.0991735537190082,0.8734177215189873,14.2558139534884,0.5348837209302325,0.6363636363636364,De $1 millón 200 mil a $1 millón 300 mil,1250000
74,Universidades,UNIVERSIDAD DE LA SERENA,5 años,Arte y Arquitectura,Arquitectura,Arquitectura,0.0141843971631205,0.8571428571428571,18.3,0.7,0.8095238095238095,De $1 millón 500 mil a $1 millón 600 mil,1550000
19,Universidades,UNIVERSIDAD DE LAS AMERICAS,5 años,Arte y Arquitectura,Arquitectura,Arquitectura,0.0169491525423728,0.7468354430379747,s/i,0.4615384615384615,,s/i,
71,Universidades,UNIVERSIDAD DE SANTIAGO DE CHILE,7 años,Arte y Arquitectura,Arquitectura,Arquitectura,0.0131578947368421,0.9012345679012346,13.9137931034483,0.6942148760330579,0.859504132231405,De $1 millón 200 mil a $1 millón 300 mil,1250000
78,Universidades,UNIVERSIDAD DE TALCA,6 años,Arte y Arquitectura,Arquitectura,Arquitectura,0.0086206896551724,0.9367088607594937,17.8461538461538,0.6555555555555556,0.7830188679245284,De $1 millón 400 mil a $1 millón 500 mil,1450000
72,Universidades,UNIVERSIDAD DE VALPARAISO,6 años,Arte y Arquitectura,Arquitectura,Arquitectura,0.0161943319838056,0.8439716312056738,15.2962962962963,0.489247311827957,0.5925925925925926,De $1 millón 200 mil a $1 millón 300 mil,1250000
75,Universidades,UNIVERSIDAD DEL BIO-BIO,5 años,Arte y Arquitectura,Arquitectura,Arquitectura,0.0458333333333333,0.9117647058823529,16.929411764705886,0.5138121546961326,0.6802325581395349,De $1 millón 300 mil a $1 millón 400 mil,1350000
45,Universidades,UNIVERSIDAD DEL DESARROLLO,6 años,Arte y Arquitectura,Arquitectura,Arquitectura,0.0124610591900311,0.8620689655172413,13.920792079207917,0.6138996138996139,0.8007968127490039,De $1 millón 400 mil a $1 millón 500 mil,1450000
3,Universidades,UNIVERSIDAD DIEGO PORTALES,6 años,Arte y Arquitectura,Arquitectura,Arquitectura,0.0126050420168067,0.8978102189781022,14.6588235294118,0.5794871794871795,0.7445652173913043,De $1 millón 300 mil a $1 millón 400 mil,1350000
2,Universidades,UNIVERSIDAD FINIS TERRAE,5 años,Arte y Arquitectura,Arquitectura,Arquitectura,0.0091743119266055,0.8977272727272727,12.125,0.5238095238095238,0.6071428571428571,s/i,
10,Universidades,UNIVERSIDAD MAYOR,5 años,Arte y Arquitectura,Arquitectura,Arquitectura,0.0140845070422535,0.8700564971751412,15.626666666666642,0.5290322580645161,0.6774193548387096,De $1 millón 300 mil a $1 millón 400 mil,1350000
39,Universidades,UNIVERSIDAD SAN SEBASTIAN,5 años,Arte y Arquitectura,Arquitectura,Arquitectura,0.0222222222222222,0.8093385214007782,14.578313253012064,0.51,0.5887850467289719,De $1 millón 300 mil a $1 millón 400 mil,1350000
88,Universidades,UNIVERSIDAD TECNICA FEDERICO SANTA MARIA,6 años,Arte y Arquitectura,Arquitectura,Arquitectura,0.0147058823529411,0.7222222222222222,15.561643835616398,0.6285714285714286,0.7027027027027027,s/i,
85,Universidades,UNIVERSIDAD TECNOLOGICA METROPOLITANA,4 años,Arte y Arquitectura,Arquitectura,Arquitectura,0.0165975103734439,0.8244274809160306,16.264150943396217,0.620253164556962,0.7669172932330827,s/i,
86,Universidades,PONTIFICIA UNIVERSIDAD CATOLICA DE CHILE,7 años,Arte y Arquitectura,Artes y Licenciatura en Artes,Licenciatura en Arte,0.2633333333333333,0.8064516129032258,9.444444444444446,0.2325581395348837,0.4736842105263157,De $1 millón a $1 millón 100 mil,1050000
89,Universidades,PONTIFICIA UNIVERSIDAD CATOLICA DE VALPARAISO,7 años,Arte y Arquitectura,Artes y Licenciatura en Artes,Licenciatura en Ciencias y Artes Musicales,0.1294964028776978,0.7380952380952381,10.249999999999988,0.3052631578947368,0.5396825396825397,s/i,
70,Universidades,UNIVERSIDAD DE CHILE,7 años,Arte y Arquitectura,Artes y Licenciatura en Artes,"Artes Plásticas, Licenciatura en Artes y Teoría e Historia del Arte",0.1726907630522088,0.8841463414634146,12.874999999999972,0.4012345679012346,0.4047619047619047,De $900 mil a $1 millón,950000
87,Universidades,UNIVERSIDAD DE CONCEPCION,7 años,Arte y Arquitectura,Artes y Licenciatura en Artes,Artes Visuales y Licenciatura en Artes Plásticas,0.0853658536585365,0.94,s/i,0.3529411764705882,0.35,s/i,
83,Universidades,UNIVERSIDAD DE PLAYA ANCHA DE CIENCIAS DE LA EDUCACION,5 años,Arte y Arquitectura,Artes y Licenciatura en Artes,Licenciatura en Arte,0.1392405063291139,0.7777777777777778,s/i,0.2244897959183673,0.5,s/i,
3,Universidades,UNIVERSIDAD DIEGO PORTALES,6 años,Arte y Arquitectura,Artes y Licenciatura en Artes,Artes Visuales,0.073170731707317,0.7931034482758621,10.03225806451613,0.3285714285714285,,s/i,
2,Universidades,UNIVERSIDAD FINIS TERRAE,5 años,Arte y Arquitectura,Artes y Licenciatura en Artes,Artes Visuales,0.1605839416058394,0.918918918918919,8.80851063829787,0.1226415094339622,0.2783505154639175,De $1 millón a $1 millón 100 mil,1050000
83,Universidades,UNIVERSIDAD DE PLAYA ANCHA DE CIENCIAS DE LA EDUCACION,5 años,Humanidades,Bibliotecología,Bibliotecología,0.0759493670886076,s/i,s/i,0.5932203389830508,0.7857142857142857,s/i,
85,Universidades,UNIVERSIDAD TECNOLOGICA METROPOLITANA,4 años,Humanidades,Bibliotecología,Bibliotecología y Documentación,0.0,s/i,12.9642857142857,0.6666666666666666,,s/i,
86,Universidades,PONTIFICIA UNIVERSIDAD CATOLICA DE CHILE,7 años,Ciencias Básicas,Biología,Biología,0.1888111888111888,0.7866666666666666,12.936170212766,0.5315315315315315,0.5862068965517241,s/i,
70,Universidades,UNIVERSIDAD DE CHILE,7 años,Ciencias Básicas,Biología,Licenciatura en Ciencias mención Biología y Biología con Mención en Medio Ambiente,0.4129032258064516,0.7857142857142857,15.704918032786843,0.5772357723577236,0.6947368421052632,s/i,
72,Universidades,UNIVERSIDAD DE VALPARAISO,6 años,Ciencias Básicas,Biología Marina y Ecología Marina,Biología Marina,0.1720430107526881,0.896551724137931,15.7380952380952,0.6901408450704225,0.7301587301587301,s/i,
86,Universidades,PONTIFICIA UNIVERSIDAD CATOLICA DE CHILE,7 años,Ciencias Básicas,Bioquímica,Bioquímica,0.216,0.875,13.6382978723404,0.6568627450980392,0.7428571428571429,s/i,
89,Universidades,PONTIFICIA UNIVERSIDAD CATOLICA DE VALPARAISO,7 años,Ciencias Básicas,Bioquímica,Bioquímica,0.1566265060240964,0.7671232876712328,14.2368421052632,0.6268656716417911,0.6,s/i,
90,Universidades,UNIVERSIDAD AUSTRAL DE CHILE,6 años,Ciencias Básicas,Bioquímica,Bioquímica,0.1917808219178082,0.864406779661017,s/i,0.4716981132075472,,s/i,
70,Universidades,UNIVERSIDAD DE CHILE,7 años,Ciencias Básicas,Bioquímica,Bioquímica,0.2111111111111111,0.86,15.864864864864902,0.7162162162162162,0.7272727272727273,De $1 millón 400 mil a $1 millón 500 mil,1450000
87,Universidades,UNIVERSIDAD DE CONCEPCION,7 años,Ciencias Básicas,Bioquímica,Bioquímica,0.3010752688172043,0.8867924528301887,16.6595744680851,0.647887323943662,0.7083333333333334,s/i,
76,Universidades,UNIVERSIDAD DE LA FRONTERA,5 años,Ciencias Básicas,Bioquímica,Bioquímica,0.135593220338983,0.6774193548387096,s/i,0.5,,s/i,
71,Universidades,UNIVERSIDAD DE SANTIAGO DE CHILE,7 años,Ciencias Básicas,Bioquímica,Bioquímica,0.1111111111111111,0.8431372549019608,13.3888888888889,0.7714285714285715,0.7592592592592593,De $1 millón 400 mil a $1 millón 500 mil,1450000
10,Universidades,UNIVERSIDAD MAYOR,5 años,Tecnología,Biotecnología,Biotecnología,0.2153846153846154,s/i,14.8928571428571,0.6,0.5757575757575758,s/i,
86,Universidades,PONTIFICIA UNIVERSIDAD CATOLICA DE CHILE,7 años,Ciencias Sociales,Ciencias Políticas,Ciencia Política,0.1287878787878787,0.8222222222222222,11.1627906976744,0.6448598130841121,0.7592592592592593,De $1 millón 500 mil a $1 millón 600 mil,1550000
69,Universidades,UNIVERSIDAD ALBERTO HURTADO,5 años,Ciencias Sociales,Ciencias Políticas,Ciencia Política y Relaciones Internacionales,0.1204819277108433,0.7972972972972973,12.0714285714286,0.5441176470588235,,s/i,
94,Universidades,UNIVERSIDAD CATOLICA DE TEMUCO,5 años,Ciencias Sociales,Ciencias Políticas,Ciencia Política,0.0444444444444444,s/i,s/i,0.4166666666666667,0.6666666666666666,s/i,
4,Universidades,UNIVERSIDAD CENTRAL DE CHILE,5 años,Ciencias Sociales,Ciencias Políticas,Ciencia Política,0.0677966101694915,s/i,12.075,0.574468085106383,0.7222222222222222,s/i,
84,Universidades,UNIVERSIDAD DE LOS LAGOS,5 años,Ciencias Sociales,Ciencias Políticas,Ciencias Políticas y Administrativas,0.1,s/i,s/i,0.56,,De $1 millón 500 mil a $1 millón 600 mil,1550000
45,Universidades,UNIVERSIDAD DEL DESARROLLO,6 años,Ciencias Sociales,Ciencias Políticas,Ciencias Políticas y Políticas Públicas,0.0961538461538461,0.8378378378378378,11.0344827586207,0.6404494382022472,0.8032786885245902,s/i,
3,Universidades,UNIVERSIDAD DIEGO PORTALES,6 años,Ciencias Sociales,Ciencias Políticas,Ciencia Política,0.0862068965517241,0.8764044943820225,10.9375,0.5234899328859061,0.7111111111111111,De $1 millón 400 mil a $1 millón 500 mil,1450000
86,Universidades,PONTIFICIA UNIVERSIDAD CATOLICA DE CHILE,7 años,Arte y Arquitectura,Comunicación Audiovisual y/o Multimedia,Dirección Audiovisual,0.0093457943925233,s/i,12.0666666666667,0.5684210526315789,0.6236559139784946,De $1 millón 300 mil a $1 millón 400 mil,1350000
93,Universidades,UNIVERSIDAD CATOLICA DE LA SANTISIMA CONCEPCION,5 años,Arte y Arquitectura,Comunicación Audiovisual y/o Multimedia,Dirección Audiovisual y Multimedia,0.014388489208633,0.8947368421052632,9.11764705882353,0.2368421052631578,0.4385964912280701,s/i,
26,Universidades,"UNIVERSIDAD DE ARTES, CIENCIAS Y COMUNICACION - UNIACC",3 años,Arte y Arquitectura,Comunicación Audiovisual y/o Multimedia,Comunicación Audiovisual y Digital,0.0336538461538461,0.7939698492462312,12.726027397260289,0.5217391304347826,0.552,De $1 millón 200 mil a $1 millón 300 mil,1250000
34,Universidades,UNIVERSIDAD DE LOS ANDES,6 años,Arte y Arquitectura,Comunicación Audiovisual y/o Multimedia,Comunicación Audiovisual,0.0,s/i,s/i,0.5806451612903226,,s/i,
86,Universidades,PONTIFICIA UNIVERSIDAD CATOLICA DE CHILE,7 años,Tecnología,Construcción Civil,Construcción Civil,0.0706150341685649,0.8812785388127854,11.955223880597,0.8475,0.9064935064935064,De $1 millón 800 mil a $1 millón 900 mil,1850000
93,Universidades,UNIVERSIDAD CATOLICA DE LA SANTISIMA CONCEPCION,5 años,Tecnología,Construcción Civil,Construcción Civil,0.0231481481481481,s/i,s/i,0.6288659793814433,0.7087378640776699,De $1 millón 300 mil a $1 millón 400 mil,1350000
19,Universidades,UNIVERSIDAD DE LAS AMERICAS,5 años,Tecnología,Construcción Civil,Construcción Civil,0.0555555555555555,0.8,s/i,0.8095238095238095,0.8918918918918919,De $1 millón 800 mil a $1 millón 900 mil,1850000
84,Universidades,UNIVERSIDAD DE LOS LAGOS,5 años,Tecnología,Construcción Civil,Construcción Civil,0.0060975609756097,s/i,s/i,0.7941176470588235,0.6610169491525424,s/i,
71,Universidades,UNIVERSIDAD DE SANTIAGO DE CHILE,7 años,Tecnología,Construcción Civil,Construcción Civil,0.0625,s/i,s/i,0.8804347826086957,0.84375,De $1 millón 800 mil a $1 millón 900 mil,1850000
10,Universidades,UNIVERSIDAD MAYOR,5 años,Tecnología,Construcción Civil,Construcción Civil,0.0087719298245614,s/i,s/i,0.7761194029850746,0.8412698412698413,De $1 millón 600 mil a $1 millón 700 mil,1650000
88,Universidades,UNIVERSIDAD TECNICA FEDERICO SANTA MARIA,6 años,Tecnología,Construcción Civil,Construcción Civil,0.0327868852459016,0.7894736842105263,s/i,0.8863636363636364,0.9142857142857144,s/i,
89,Universidades,PONTIFICIA UNIVERSIDAD CATOLICA DE VALPARAISO,7 años,Administración y Comercio,Contador Auditor,Contador Auditor,0.05,0.8910891089108911,12.0379746835443,0.9081081081081082,0.9186046511627908,De $1 millón 400 mil a $1 millón 500 mil,1450000
69,Universidades,UNIVERSIDAD ALBERTO HURTADO,5 años,Administración y Comercio,Contador Auditor,Contador Público Auditor,0.0330882352941176,0.8085106382978723,s/i,0.8609271523178808,0.9166666666666666,s/i,
20,Universidades,UNIVERSIDAD ANDRES BELLO,6 años,Administración y Comercio,Contador Auditor,Contador Auditor,0.0445468509984639,0.7407407407407407,9.61666666666667,0.7874251497005988,0.8743315508021391,De $1 millón 400 mil a $1 millón 500 mil,1450000
90,Universidades,UNIVERSIDAD AUSTRAL DE CHILE,6 años,Administración y Comercio,Contador Auditor,Auditoría,0.017094017094017,0.85,11.851851851851897,0.8317757009345794,0.90990990990991,De $1 millón 400 mil a $1 millón 500 mil,1450000
31,Universidades,UNIVERSIDAD AUTONOMA DE CHILE,5 años,Administración y Comercio,Contador Auditor,"Contador Público Auditor, y Auditoría e Ingeniería en Control de Gestión",0.0112994350282485,s/i,10.830508474576275,0.7647058823529411,0.8599221789883269,De $1 millón 300 mil a $1 millón 400 mil,1350000
42,Universidades,UNIVERSIDAD CATOLICA CARDENAL RAUL SILVA HENRIQUEZ,4 años,Administración y Comercio,Contador Auditor,Contador Público y Auditor,0.01,0.8333333333333334,11.95000000000002,0.8636363636363636,0.9420289855072465,s/i,
93,Universidades,UNIVERSIDAD CATOLICA DE LA SANTISIMA CONCEPCION,5 años,Administración y Comercio,Contador Auditor,Contador Auditor,0.0601503759398496,0.8378378378378378,11,0.775,0.9174311926605504,De $1 millón 300 mil a $1 millón 400 mil,1350000
94,Universidades,UNIVERSIDAD CATOLICA DE TEMUCO,5 años,Administración y Comercio,Contador Auditor,Contador Auditor,0.0117647058823529,0.8837209302325582,s/i,0.717948717948718,0.8076923076923077,s/i,
92,Universidades,UNIVERSIDAD CATOLICA DEL MAULE,5 años,Administración y Comercio,Contador Auditor,Auditoría,0.0166666666666666,0.92,14.453125000000002,0.8257575757575758,0.9107142857142856,De $1 millón 300 mil a $1 millón 400 mil,1350000
91,Universidades,UNIVERSIDAD CATOLICA DEL NORTE,6 años,Administración y Comercio,Contador Auditor,Contador Auditor/Contador Público,0.0,0.9038461538461539,11.87499999999996,0.9253731343283582,,s/i,
4,Universidades,UNIVERSIDAD CENTRAL DE CHILE,5 años,Administración y Comercio,Contador Auditor,"Contabilidad y Auditoría, Contador Auditor",0.0425531914893617,0.8103448275862069,11.857142857142833,0.84251968503937,0.940677966101695,De $1 millón 500 mil a $1 millón 600 mil,1550000
70,Universidades,UNIVERSIDAD DE CHILE,7 años,Administración y Comercio,Contador Auditor,Contador Auditor,0.0354609929078014,0.8846153846153846,11.8039215686275,0.9453125,0.967391304347826,s/i,
87,Universidades,UNIVERSIDAD DE CONCEPCION,7 años,Administración y Comercio,Contador Auditor,Auditoría,0.0607734806629834,0.9183673469387755,11.343283582089557,0.8,0.8431372549019608,De $1 millón 100 mil a $1 millón 200 mil,1150000
76,Universidades,UNIVERSIDAD DE LA FRONTERA,5 años,Administración y Comercio,Contador Auditor,Contador Público y Contador Auditor,0.042016806722689,0.851063829787234,11.4146341463415,0.8148148148148148,0.8725490196078431,De $1 millón 400 mil a $1 millón 500 mil,1450000
74,Universidades,UNIVERSIDAD DE LA SERENA,5 años,Administración y Comercio,Contador Auditor,Auditoría,0.0253164556962025,0.8166666666666667,10.7837837837838,0.75,0.7956989247311828,s/i,
19,Universidades,UNIVERSIDAD DE LAS AMERICAS,5 años,Administración y Comercio,Contador Auditor,Contador Auditor,0.0167785234899328,0.6866666666666666,9.185185185185187,0.8803418803418803,0.896551724137931,De $1 millón 500 mil a $1 millón 600 mil,1550000
71,Universidades,UNIVERSIDAD DE SANTIAGO DE CHILE,7 años,Administración y Comercio,Contador Auditor,Contador Público y Auditor,0.0225563909774436,0.8971631205673759,12.40625,0.9359504132231404,0.9666666666666668,De $1 millón 700 mil a $1 millón 800 mil,1750000
78,Universidades,UNIVERSIDAD DE TALCA,6 años,Administración y Comercio,Contador Auditor,"Auditoría e Ingeniería en Control de Gestión, y Contador Público y Auditor",0.0067340067340067,0.928,12.057971014492754,0.8825622775800712,0.9486166007905138,De $1 millón 600 mil a $1 millón 700 mil,1650000
72,Universidades,UNIVERSIDAD DE VALPARAISO,6 años,Administración y Comercio,Contador Auditor,Auditoría,0.0251256281407035,0.7543859649122807,14.428571428571425,0.9214501510574018,0.9206896551724136,De $1 millón 500 mil a $1 millón 600 mil,1550000
22,Universidades,UNIVERSIDAD DE VIÑA DEL MAR,4 años,Administración y Comercio,Contador Auditor,Contador Auditor,0.0603448275862069,s/i,s/i,0.625,0.703125,De $1 millón 200 mil a $1 millón 300 mil,1250000
75,Universidades,UNIVERSIDAD DEL BIO-BIO,5 años,Administración y Comercio,Contador Auditor,Contador Público y Auditor,0.045016077170418,0.7821782178217822,10.317647058823525,0.7574626865671642,0.8571428571428571,De $1 millón 200 mil a $1 millón 300 mil,1250000
3,Universidades,UNIVERSIDAD DIEGO PORTALES,6 años,Administración y Comercio,Contador Auditor,Contador Auditor - Contador Público,0.037037037037037,0.8255813953488372,11.608391608391598,0.913793103448276,0.9322799097065464,De $1 millón 700 mil a $1 millón 800 mil,1750000
2,Universidades,UNIVERSIDAD FINIS TERRAE,5 años,Administración y Comercio,Contador Auditor,Auditoría y Contador Auditor,0.0625,0.7894736842105263,9.088235294117647,0.851063829787234,,s/i,
54,Universidades,UNIVERSIDAD TECNOLOGICA DE CHILE INACAP,No,Administración y Comercio,Contador Auditor,Contador Auditor,0.0153994225216554,s/i,12.054687499999998,0.8226466575716235,0.8363384188626907,De $1 millón 200 mil a $1 millón 300 mil,1250000
85,Universidades,UNIVERSIDAD TECNOLOGICA METROPOLITANA,4 años,Administración y Comercio,Contador Auditor,Contador Público Auditor,0.0324324324324324,0.7868852459016393,12.288461538461538,0.875,0.9254658385093169,De $1 millón 600 mil a $1 millón 700 mil,1650000
86,Universidades,PONTIFICIA UNIVERSIDAD CATOLICA DE CHILE,7 años,Derecho,Derecho,Derecho,0.0090191657271702,0.9438202247191011,13.4839743589744,0.9168797953964194,0.9511533242876526,Desde $2 millones 500 mil a $3 millones,2750000
89,Universidades,PONTIFICIA UNIVERSIDAD CATOLICA DE VALPARAISO,7 años,Derecho,Derecho,Derecho,0.0178571428571428,0.8933333333333333,17.7881355932203,0.8382352941176471,0.8918918918918919,De $2 millones 200 mil a $2 millones 300 mil,2250000
23,Universidades,UNIVERSIDAD ADOLFO IBAÑEZ,6 años,Derecho,Derecho,Derecho,0.0137614678899082,0.937007874015748,14.102678571428587,0.7696476964769647,0.8461538461538461,De $2 millones 200 mil a $2 millones 300 mil,2250000
69,Universidades,UNIVERSIDAD ALBERTO HURTADO,5 años,Derecho,Derecho,Derecho,0.0313588850174216,0.8473684210526315,15.647999999999993,0.792,0.865979381443299,De $1 millón 800 mil a $1 millón 900 mil,1850000
20,Universidades,UNIVERSIDAD ANDRES BELLO,6 años,Derecho,Derecho,Derecho,0.0227014755959137,0.8177339901477833,14.799086757990871,0.6533333333333333,0.7367387033398821,De $1 millón 700 mil a $1 millón 800 mil,1750000
81,Universidades,UNIVERSIDAD ARTURO PRAT,5 años,Derecho,Derecho,Derecho,0.0144927536231884,0.8383838383838383,16.212765957446766,0.5974025974025974,0.8148148148148148,De $1 millón 600 mil a $1 millón 700 mil,1650000
90,Universidades,UNIVERSIDAD AUSTRAL DE CHILE,6 años,Derecho,Derecho,Derecho,0.0158730158730158,0.8238636363636364,15.685185185185194,0.7303370786516854,0.8210526315789474,De $1 millón 600 mil a $1 millón 700 mil,1650000
31,Universidades,UNIVERSIDAD AUTONOMA DE CHILE,5 años,Derecho,Derecho,Derecho,0.025844930417495,0.8452054794520548,16.24451410658309,0.5606936416184971,0.7083333333333334,De $1 millón 500 mil a $1 millón 600 mil,1550000
50,Universidades,UNIVERSIDAD BERNARDO O'HIGGINS,5 años,Derecho,Derecho,Derecho,0.059322033898305,0.9081632653061225,16.983606557377033,0.5714285714285714,0.6341463414634146,s/i,
42,Universidades,UNIVERSIDAD CATOLICA CARDENAL RAUL SILVA HENRIQUEZ,4 años,Derecho,Derecho,Derecho,0.0175438596491228,0.794392523364486,14.245901639344293,0.4945054945054945,0.7402597402597403,De $1 millón 400 mil a $1 millón 500 mil,1450000
93,Universidades,UNIVERSIDAD CATOLICA DE LA SANTISIMA CONCEPCION,5 años,Derecho,Derecho,Derecho,0.031055900621118,0.86,17.8615384615385,0.5523809523809524,0.76,De $1 millón 800 mil a $1 millón 900 mil,1850000
94,Universidades,UNIVERSIDAD CATOLICA DE TEMUCO,5 años,Derecho,Derecho,Derecho,0.0069204152249134,0.9116022099447514,15.1733333333333,0.4685314685314685,0.7005347593582888,De $1 millón 600 mil a $1 millón 700 mil,1650000
91,Universidades,UNIVERSIDAD CATOLICA DEL NORTE,6 años,Derecho,Derecho,Derecho,0.053763440860215,0.8326530612244898,19.339622641509433,0.8014184397163121,0.8620689655172413,De $1 millón 900 mil a $2 millones,1950000
4,Universidades,UNIVERSIDAD CENTRAL DE CHILE,5 años,Derecho,Derecho,Derecho,0.044,0.8705583756345178,16.87837837837835,0.6816143497757847,0.7752808988764045,De $1 millón 700 mil a $1 millón 800 mil,1750000
73,Universidades,UNIVERSIDAD DE ANTOFAGASTA,5 años,Derecho,Derecho,Derecho,0.0117647058823529,0.7384615384615385,s/i,0.8333333333333334,0.9183673469387756,s/i,
70,Universidades,UNIVERSIDAD DE CHILE,7 años,Derecho,Derecho,Derecho,0.0550847457627118,0.9400428265524625,17.322188449848,0.9156626506024096,0.942046855733662,Desde $2 millones 500 mil a $3 millones,2750000
87,Universidades,UNIVERSIDAD DE CONCEPCION,7 años,Derecho,Derecho,Derecho,0.0531645569620253,0.863013698630137,17.36448598130843,0.7666666666666667,0.8191489361702128,De $1 millón 900 mil a $2 millones,1950000
76,Universidades,UNIVERSIDAD DE LA FRONTERA,5 años,Derecho,Derecho,Derecho,0.0543478260869565,0.9145299145299145,16,0.4729729729729729,0.543859649122807,s/i,
19,Universidades,UNIVERSIDAD DE LAS AMERICAS,5 años,Derecho,Derecho,Derecho,0.0384615384615384,0.9215017064846417,17.499999999999996,0.6363636363636364,0.6338028169014085,De $1 millón 600 mil a $1 millón 700 mil,1650000
34,Universidades,UNIVERSIDAD DE LOS ANDES,6 años,Derecho,Derecho,Derecho,0.0146699266503667,0.893491124260355,14.4748201438849,0.8708791208791209,0.9112271540469974,De $2 millones 200 mil a $2 millones 300 mil,2250000
78,Universidades,UNIVERSIDAD DE TALCA,6 años,Derecho,Derecho,Derecho,0.0209580838323353,0.8586387434554974,17.92982456140352,0.7394957983193278,0.8576923076923076,De $1 millón 600 mil a $1 millón 700 mil,1650000
80,Universidades,UNIVERSIDAD DE TARAPACA,6 años,Derecho,Derecho,Derecho,0.0260416666666666,0.8231292517006803,19.25984251968505,0.7362637362637363,0.8440366972477065,De $1 millón 900 mil a $2 millones,1950000
72,Universidades,UNIVERSIDAD DE VALPARAISO,6 años,Derecho,Derecho,Derecho,0.0294117647058823,0.9025974025974026,17.9777777777778,0.8231292517006803,0.8714285714285714,De $1 millón 900 mil a $2 millones,1950000
22,Universidades,UNIVERSIDAD DE VIÑA DEL MAR,4 años,Derecho,Derecho,Derecho,0.0471698113207547,0.6973684210526315,14.545454545454534,0.4375,,s/i,
9,Universidades,UNIVERSIDAD DEL ALBA,3 años,Derecho,Derecho,Derecho,0.123076923076923,0.7268041237113402,11.30882352941176,0.34375,0.4736842105263157,s/i,
45,Universidades,UNIVERSIDAD DEL DESARROLLO,6 años,Derecho,Derecho,Derecho,0.0209059233449477,0.8523489932885906,14.839416058394134,0.7578947368421053,0.8702702702702703,De $2 millones a $2 millones 100 mil,2050000
3,Universidades,UNIVERSIDAD DIEGO PORTALES,6 años,Derecho,Derecho,Derecho,0.0108892921960072,0.947565543071161,14.391061452514,0.7935656836461126,0.8935643564356436,De $2 millones 100 mil a $2 millones 200 mil,2150000
2,Universidades,UNIVERSIDAD FINIS TERRAE,5 años,Derecho,Derecho,Derecho,0.0482456140350877,0.7411764705882353,17.33333333333334,0.8017241379310345,0.8,De $2 millones 100 mil a $2 millones 200 mil,2150000
10,Universidades,UNIVERSIDAD MAYOR,5 años,Derecho,Derecho,Derecho,0.0778443113772455,0.8244897959183674,17.329268292682897,0.6904761904761905,0.6744186046511628,De $1 millón 700 mil a $1 millón 800 mil,1750000
39,Universidades,UNIVERSIDAD SAN SEBASTIAN,5 años,Derecho,Derecho,Derecho,0.0304878048780487,0.7625298329355609,17.368888888888865,0.625,0.7590361445783133,De $1 millón 700 mil a $1 millón 800 mil,1750000
13,Universidades,UNIVERSIDAD SANTO TOMAS,4 años,Derecho,Derecho,Derecho,0.04,0.8377926421404682,19.136612021857932,0.6457399103139013,0.7035175879396985,De $1 millón 500 mil a $1 millón 600 mil,1550000
86,Universidades,PONTIFICIA UNIVERSIDAD CATOLICA DE CHILE,7 años,Arte y Arquitectura,Diseño,Diseño,0.0046511627906976,0.9509803921568627,10.9158878504673,0.7181571815718157,0.7934131736526946,De $1 millón 600 mil a $1 millón 700 mil,1650000
70,Universidades,UNIVERSIDAD DE CHILE,7 años,Arte y Arquitectura,Diseño,Diseño,0.0204081632653061,0.9253731343283582,15.288,0.6395939086294417,0.711764705882353,De $1 millón 400 mil a $1 millón 500 mil,1450000
74,Universidades,UNIVERSIDAD DE LA SERENA,5 años,Arte y Arquitectura,Diseño,Diseño,0.0,0.8409090909090909,s/i,0.4528301886792453,,s/i,
78,Universidades,UNIVERSIDAD DE TALCA,6 años,Arte y Arquitectura,Diseño,Diseño,0.0,0.98,s/i,0.5517241379310345,,s/i,
72,Universidades,UNIVERSIDAD DE VALPARAISO,6 años,Arte y Arquitectura,Diseño,Diseño,0.0135135135135135,0.8181818181818182,13.4210526315789,0.4408602150537634,0.4736842105263157,s/i,
45,Universidades,UNIVERSIDAD DEL DESARROLLO,6 años,Arte y Arquitectura,Diseño,Diseño,0.0071942446043165,0.9351145038167938,10.94478527607364,0.5682451253481894,0.7308868501529052,De $1 millón 500 mil a $1 millón 600 mil,1550000
3,Universidades,UNIVERSIDAD DIEGO PORTALES,6 años,Arte y Arquitectura,Diseño,Diseño,0.02,0.9156626506024096,12.258064516129,0.6319218241042345,0.7416974169741697,De $1 millón 100 mil a $1 millón 200 mil,1150000
2,Universidades,UNIVERSIDAD FINIS TERRAE,5 años,Arte y Arquitectura,Diseño,Diseño,0.0,0.7865168539325843,10.0882352941176,0.4482758620689655,0.6386554621848739,De $1 millón 100 mil a $1 millón 200 mil,1150000
10,Universidades,UNIVERSIDAD MAYOR,5 años,Arte y Arquitectura,Diseño,Diseño,0.010752688172043,0.8717948717948718,s/i,0.3974358974358974,0.6071428571428571,s/i,
20,Universidades,UNIVERSIDAD ANDRES BELLO,6 años,Arte y Arquitectura,Diseño de Vestuario,Diseño de Vestuario y Textil,0.032258064516129,0.7804878048780488,s/i,0.4081632653061224,0.6046511627906976,s/i,
20,Universidades,UNIVERSIDAD ANDRES BELLO,6 años,Arte y Arquitectura,Diseño Gráfico,Diseño Gráfico y de Juegos Digitales,0.0625,0.8333333333333334,s/i,0.3166666666666666,0.5161290322580645,De $1 millón a $1 millón 100 mil,1050000
73,Universidades,UNIVERSIDAD DE ANTOFAGASTA,5 años,Arte y Arquitectura,Diseño Gráfico,Diseño Gráfico,0.0175438596491228,0.8235294117647058,s/i,0.4883720930232558,,s/i,
80,Universidades,UNIVERSIDAD DE TARAPACA,6 años,Arte y Arquitectura,Diseño Gráfico,Diseño Multimedia,0.0338983050847457,0.88,11.0344827586207,0.3947368421052631,0.4473684210526316,s/i,
75,Universidades,UNIVERSIDAD DEL BIO-BIO,5 años,Arte y Arquitectura,Diseño Gráfico,Diseño Gráfico,0.016260162601626,0.9387755102040817,11.271186440677981,0.4111111111111111,0.5421686746987951,s/i,
85,Universidades,UNIVERSIDAD TECNOLOGICA METROPOLITANA,4 años,Arte y Arquitectura,Diseño Gráfico,Diseño en Comunicación Visual,0.0170454545454545,0.8805970149253731,13.1304347826087,0.5426356589147286,0.5871559633027523,De $1 millón 400 mil a $1 millón 500 mil,1450000
71,Universidades,UNIVERSIDAD DE SANTIAGO DE CHILE,7 años,Tecnología,Diseño Industrial,Tecnología en Diseño Industrial y Diseño Industrial,0.0638297872340425,0.8636363636363636,s/i,0.647887323943662,0.6451612903225806,s/i,
75,Universidades,UNIVERSIDAD DEL BIO-BIO,5 años,Tecnología,Diseño Industrial,Diseño Industrial,0.0888888888888888,0.8813559322033898,13.838709677419354,0.4590163934426229,,s/i,
85,Universidades,UNIVERSIDAD TECNOLOGICA METROPOLITANA,4 años,Tecnología,Diseño Industrial,Diseño Industrial,0.0,0.803921568627451,s/i,0.5901639344262295,0.734375,s/i,
86,Universidades,PONTIFICIA UNIVERSIDAD CATOLICA DE CHILE,7 años,Salud,Enfermería,Enfermería,0.0258823529411764,0.9225352112676056,10.4895833333333,0.8553299492385786,0.9442724458204336,De $2 millones a $2 millones 100 mil,2050000
38,Universidades,UNIVERSIDAD ADVENTISTA DE CHILE,3 años,Salud,Enfermería,Enfermería,0.0080645161290322,0.9107142857142857,11.9661016949153,0.7288888888888889,0.8333333333333334,De $1 millón 500 mil a $1 millón 600 mil,1550000
20,Universidades,UNIVERSIDAD ANDRES BELLO,6 años,Salud,Enfermería,Enfermería,0.015767131594906,0.9116666666666666,10.909589041095918,0.7405913978494624,0.8563162970106075,De $1 millón 800 mil a $1 millón 900 mil,1850000
81,Universidades,UNIVERSIDAD ARTURO PRAT,5 años,Salud,Enfermería,Enfermería,0.0059880239520958,0.8762886597938144,11.765625000000016,0.8825622775800712,0.9149797570850202,De $1 millón 700 mil a $1 millón 800 mil,1750000
90,Universidades,UNIVERSIDAD AUSTRAL DE CHILE,6 años,Salud,Enfermería,Enfermería,0.0,0.8666666666666667,12.32885906040265,0.8253968253968254,0.9528795811518324,De $1 millón 800 mil a $1 millón 900 mil,1850000
31,Universidades,UNIVERSIDAD AUTONOMA DE CHILE,5 años,Salud,Enfermería,Enfermería,0.0063897763578274,0.9186046511627907,11.830708661417338,0.7638510445049954,0.8792569659442725,De $1 millón 700 mil a $1 millón 800 mil,1750000
50,Universidades,UNIVERSIDAD BERNARDO O'HIGGINS,5 años,Salud,Enfermería,Enfermería,0.0043731778425655,0.9555555555555556,12.0875,0.6522556390977443,0.8043478260869565,De $1 millón 800 mil a $1 millón 900 mil,1850000
7,Universidades,UNIVERSIDAD BOLIVARIANA,No,Salud,Enfermería,Enfermería,0.008,s/i,13.653846153846128,0.6964285714285714,0.8,De $1 millón 500 mil a $1 millón 600 mil,1550000
42,Universidades,UNIVERSIDAD CATOLICA CARDENAL RAUL SILVA HENRIQUEZ,4 años,Salud,Enfermería,Enfermería,0.003003003003003,0.916030534351145,11.4181818181818,0.7427536231884058,0.8961937716262975,De $1 millón 800 mil a $1 millón 900 mil,1850000
93,Universidades,UNIVERSIDAD CATOLICA DE LA SANTISIMA CONCEPCION,5 años,Salud,Enfermería,Enfermería,0.0150375939849624,0.9306930693069307,10.9041095890411,0.690677966101695,0.8373493975903614,De $1 millón 800 mil a $1 millón 900 mil,1850000
92,Universidades,UNIVERSIDAD CATOLICA DEL MAULE,5 años,Salud,Enfermería,Enfermería,0.006482982171799,0.9314285714285714,10.743243243243215,0.826007326007326,0.9185393258426966,De $1 millón 700 mil a $1 millón 800 mil,1750000
91,Universidades,UNIVERSIDAD CATOLICA DEL NORTE,6 años,Salud,Enfermería,Enfermería,0.0263157894736842,0.8888888888888888,s/i,0.9295774647887324,0.9615384615384616,s/i,
4,Universidades,UNIVERSIDAD CENTRAL DE CHILE,5 años,Salud,Enfermería,Enfermería,0.0018115942028985,0.9494949494949495,11.572463768115965,0.8481561822125814,0.9470588235294116,De $1 millón 900 mil a $2 millones,1950000
46,Universidades,UNIVERSIDAD DE ACONCAGUA,No,Salud,Enfermería,Enfermería,0.0032679738562091,0.6711409395973155,15.556338028169014,0.7777777777777778,0.9192307692307692,De $1 millón 600 mil a $1 millón 700 mil,1650000
73,Universidades,UNIVERSIDAD DE ANTOFAGASTA,5 años,Salud,Enfermería,Enfermería,0.0161290322580645,0.94,11.6949152542373,0.788235294117647,0.8926553672316384,De $2 millones a $2 millones 100 mil,2050000
79,Universidades,UNIVERSIDAD DE ATACAMA,4 años,Salud,Enfermería,Enfermería,0.0136054421768707,0.8571428571428571,15.6206896551724,0.9140625,0.9479166666666666,De $1 millón 800 mil a $1 millón 900 mil,1850000
70,Universidades,UNIVERSIDAD DE CHILE,7 años,Salud,Enfermería,Enfermería,0.0,0.8956521739130435,11.166666666666702,0.8962962962962963,0.9377777777777778,De $2 millones a $2 millones 100 mil,2050000
87,Universidades,UNIVERSIDAD DE CONCEPCION,7 años,Salud,Enfermería,Enfermería,0.0168612191958495,0.9466666666666667,11.064935064935101,0.7066473988439307,0.8225190839694656,De $1 millón 600 mil a $1 millón 700 mil,1650000
76,Universidades,UNIVERSIDAD DE LA FRONTERA,5 años,Salud,Enfermería,Enfermería,0.005181347150259,0.9230769230769231,10.5423728813559,0.8913043478260869,0.9577464788732394,De $1 millón 600 mil a $1 millón 700 mil,1650000
74,Universidades,UNIVERSIDAD DE LA SERENA,5 años,Salud,Enfermería,Enfermería,0.0,0.7941176470588235,13.056338028169,0.8987341772151899,0.9397590361445785,s/i,
19,Universidades,UNIVERSIDAD DE LAS AMERICAS,5 años,Salud,Enfermería,Enfermería,0.008342022940563,0.9203444564047363,11.928571428571422,0.7390939597315436,0.8324324324324325,De $1 millón 700 mil a $1 millón 800 mil,1750000
34,Universidades,UNIVERSIDAD DE LOS ANDES,6 años,Salud,Enfermería,Enfermería,0.0059347181008902,0.9368421052631579,11.2941176470588,0.8178913738019169,0.9449838187702264,De $2 millones a $2 millones 100 mil,2050000
84,Universidades,UNIVERSIDAD DE LOS LAGOS,5 años,Salud,Enfermería,Enfermería,0.0108695652173913,0.9166666666666666,11.773333333333309,0.6567796610169492,0.8220858895705522,De $1 millón 600 mil a $1 millón 700 mil,1650000
77,Universidades,UNIVERSIDAD DE MAGALLANES,5 años,Salud,Enfermería,Enfermería,0.0056818181818181,0.88,11,0.7103448275862069,0.9,De $1 millón 900 mil a $2 millones,1950000
895,Universidades,UNIVERSIDAD DE O'HIGGINS,4 años,Salud,Enfermería,Enfermería,0.0103092783505154,0.9341317365269461,11.3943661971831,0.686046511627907,0.8928571428571429,s/i,
83,Universidades,UNIVERSIDAD DE PLAYA ANCHA DE CIENCIAS DE LA EDUCACION,5 años,Salud,Enfermería,Enfermería,0.0111731843575419,0.8809523809523809,12.191489361702102,0.7658227848101266,0.8257575757575758,s/i,
71,Universidades,UNIVERSIDAD DE SANTIAGO DE CHILE,7 años,Salud,Enfermería,Enfermería,0.010752688172043,0.7777777777777778,11.3283582089552,0.9314285714285714,0.9534883720930232,De $2 millones 100 mil a $2 millones 200 mil,2150000
78,Universidades,UNIVERSIDAD DE TALCA,6 años,Salud,Enfermería,Enfermería,0.0131004366812227,0.88,11.1739130434783,0.8348623853211009,0.8860759493670886,De $1 millón 700 mil a $1 millón 800 mil,1750000
80,Universidades,UNIVERSIDAD DE TARAPACA,6 años,Salud,Enfermería,Enfermería,0.0116279069767441,0.9159663865546218,12.986666666666641,0.7226277372262774,0.8181818181818182,De $1 millón 700 mil a $1 millón 800 mil,1750000
72,Universidades,UNIVERSIDAD DE VALPARAISO,6 años,Salud,Enfermería,Enfermería,0.0074812967581047,0.8794326241134752,10.864406779661,0.8650793650793651,0.8978723404255319,De $1 millón 700 mil a $1 millón 800 mil,1750000
22,Universidades,UNIVERSIDAD DE VIÑA DEL MAR,4 años,Salud,Enfermería,Enfermería,0.002770083102493,0.7704918032786885,13.0833333333333,0.7342657342657343,0.8650793650793651,De $1 millón 500 mil a $1 millón 600 mil,1550000
9,Universidades,UNIVERSIDAD DEL ALBA,3 años,Salud,Enfermería,Enfermería,0.0058651026392961,0.757396449704142,13.434782608695665,0.7423076923076923,0.8439306358381503,De $1 millón 600 mil a $1 millón 700 mil,1650000
75,Universidades,UNIVERSIDAD DEL BIO-BIO,5 años,Salud,Enfermería,Enfermería,0.0108108108108108,0.8909090909090909,11.219298245614,0.7650602409638554,0.8253968253968254,De $1 millón 600 mil a $1 millón 700 mil,1650000
45,Universidades,UNIVERSIDAD DEL DESARROLLO,6 años,Salud,Enfermería,Enfermería,0.0207182320441988,0.8299595141700404,11.879120879120874,0.65,0.7966101694915254,De $1 millón 700 mil a $1 millón 800 mil,1750000
3,Universidades,UNIVERSIDAD DIEGO PORTALES,6 años,Salud,Enfermería,Enfermería,0.0028735632183908,0.9494949494949495,10.9213483146067,0.8006329113924051,0.9103139013452914,De $2 millones a $2 millones 100 mil,2050000
2,Universidades,UNIVERSIDAD FINIS TERRAE,5 años,Salud,Enfermería,Enfermería,0.01,0.8941176470588236,10.75,0.8707865168539326,0.9315789473684212,De $2 millones a $2 millones 100 mil,2050000
1,Universidades,UNIVERSIDAD GABRIELA MISTRAL,4 años,Salud,Enfermería,Enfermería,0.0,s/i,s/i,0.875,0.8627450980392157,De $1 millón 800 mil a $1 millón 900 mil,1850000
16,Universidades,UNIVERSIDAD LA REPUBLICA,No,Salud,Enfermería,Enfermería,0.0125944584382871,s/i,13.83125,0.7586206896551724,0.7586206896551724,De $1 millón 600 mil a $1 millón 700 mil,1650000
10,Universidades,UNIVERSIDAD MAYOR,5 años,Salud,Enfermería,Enfermería,0.0096153846153846,0.9390243902439024,11.181818181818196,0.8360655737704918,0.9153005464480874,De $1 millón 800 mil a $1 millón 900 mil,1850000
39,Universidades,UNIVERSIDAD SAN SEBASTIAN,5 años,Salud,Enfermería,Enfermería,0.0105193951347797,0.8856729377713459,12.215644820295964,0.7545454545454545,0.8557964184731386,De $1 millón 700 mil a $1 millón 800 mil,1750000
13,Universidades,UNIVERSIDAD SANTO TOMAS,4 años,Salud,Enfermería,Enfermería,0.003099173553719,0.9239766081871345,13.017857142857148,0.7876564523090203,0.8959247648902822,De $1 millón 700 mil a $1 millón 800 mil,1750000
17,Universidades,UNIVERSIDAD SEK,3 años,Salud,Enfermería,Enfermería,0.0,0.8026315789473685,14.789473684210499,0.9019607843137256,0.88,De $1 millón 800 mil a $1 millón 900 mil,1850000
54,Universidades,UNIVERSIDAD TECNOLOGICA DE CHILE INACAP,No,Salud,Enfermería,Enfermería,0.0024570024570024,s/i,14.349206349206375,0.8157894736842105,0.8850574712643678,De $1 millón 700 mil a $1 millón 800 mil,1750000
86,Universidades,PONTIFICIA UNIVERSIDAD CATOLICA DE CHILE,7 años,Salud,Fonoaudiología,Fonoaudiología,0.0119047619047619,0.8676470588235294,11.0851063829787,0.5723684210526315,0.7241379310344828,De $1 millón 200 mil a $1 millón 300 mil,1250000
20,Universidades,UNIVERSIDAD ANDRES BELLO,6 años,Salud,Fonoaudiología,Fonoaudiología,0.010204081632653,0.7796610169491526,11.266666666666646,0.3685503685503685,0.6151832460732984,De $1 millón 100 mil a $1 millón 200 mil,1150000
90,Universidades,UNIVERSIDAD AUSTRAL DE CHILE,6 años,Salud,Fonoaudiología,Fonoaudiología,0.0,s/i,12.1969696969697,0.4921875,0.6483516483516484,De $1 millón a $1 millón 100 mil,1050000
31,Universidades,UNIVERSIDAD AUTONOMA DE CHILE,5 años,Salud,Fonoaudiología,Fonoaudiología,0.0035252643948296,0.8823529411764706,11.411764705882334,0.3410404624277456,0.5471380471380471,De $900 mil a $1 millón,950000
50,Universidades,UNIVERSIDAD BERNARDO O'HIGGINS,5 años,Salud,Fonoaudiología,Fonoaudiología,0.0,0.926829268292683,s/i,0.4642857142857143,0.532258064516129,s/i,
42,Universidades,UNIVERSIDAD CATOLICA CARDENAL RAUL SILVA HENRIQUEZ,4 años,Salud,Fonoaudiología,Fonoaudiología,0.0056818181818181,0.746031746031746,11.813186813186801,0.3724137931034483,0.625,De $1 millón a $1 millón 100 mil,1050000
94,Universidades,UNIVERSIDAD CATOLICA DE TEMUCO,5 años,Salud,Fonoaudiología,Fonoaudiología,0.0071942446043165,0.8571428571428571,11.08,0.2525252525252525,0.5304347826086957,De $900 mil a $1 millón,950000
73,Universidades,UNIVERSIDAD DE ANTOFAGASTA,5 años,Salud,Fonoaudiología,Fonoaudiología,0.0,0.8055555555555556,s/i,0.8461538461538461,0.9193548387096774,s/i,
70,Universidades,UNIVERSIDAD DE CHILE,7 años,Salud,Fonoaudiología,Fonoaudiología,0.0,0.8135593220338984,13.88,0.7297297297297297,0.8833333333333333,De $1 millón 300 mil a $1 millón 400 mil,1350000
87,Universidades,UNIVERSIDAD DE CONCEPCION,7 años,Salud,Fonoaudiología,Fonoaudiología,0.0253164556962025,0.9375,12.3246753246753,0.4285714285714285,0.5619834710743802,De $1 millón 100 mil a $1 millón 200 mil,1150000
76,Universidades,UNIVERSIDAD DE LA FRONTERA,5 años,Salud,Fonoaudiología,Fonoaudiología,0.0057142857142857,0.8,11.5,0.4313725490196078,0.6311475409836066,De $900 mil a $1 millón,950000
19,Universidades,UNIVERSIDAD DE LAS AMERICAS,5 años,Salud,Fonoaudiología,Fonoaudiología,0.0032154340836012,0.8315789473684211,12.011904761904756,0.3619909502262443,0.5783132530120482,De $900 mil a $1 millón,950000
34,Universidades,UNIVERSIDAD DE LOS ANDES,6 años,Salud,Fonoaudiología,Fonoaudiología,0.0,s/i,s/i,0.4888888888888889,,s/i,
84,Universidades,UNIVERSIDAD DE LOS LAGOS,5 años,Salud,Fonoaudiología,Fonoaudiología,0.0,0.7843137254901961,s/i,0.1739130434782608,0.4166666666666667,s/i,
77,Universidades,UNIVERSIDAD DE MAGALLANES,5 años,Salud,Fonoaudiología,Fonoaudiología,0.0196078431372549,0.84,s/i,0.3023255813953488,0.6746987951807228,s/i,
83,Universidades,UNIVERSIDAD DE PLAYA ANCHA DE CIENCIAS DE LA EDUCACION,5 años,Salud,Fonoaudiología,Fonoaudiología,0.0136986301369863,0.6,s/i,0.5403225806451613,0.675,s/i,
78,Universidades,UNIVERSIDAD DE TALCA,6 años,Salud,Fonoaudiología,Fonoaudiología,0.0,0.92,11.4146341463415,0.3260869565217391,0.4821428571428571,De $1 millón a $1 millón 100 mil,1050000
72,Universidades,UNIVERSIDAD DE VALPARAISO,6 años,Salud,Fonoaudiología,Fonoaudiología,0.029520295202952,0.89,11.278688524590159,0.4217391304347826,0.5176470588235295,De $1 millón a $1 millón 100 mil,1050000
22,Universidades,UNIVERSIDAD DE VIÑA DEL MAR,4 años,Salud,Fonoaudiología,Fonoaudiología,0.010752688172043,s/i,s/i,0.2571428571428571,0.59375,s/i,
9,Universidades,UNIVERSIDAD DEL ALBA,3 años,Salud,Fonoaudiología,Fonoaudiología,0.0063694267515923,0.6379310344827587,13.128571428571433,0.5392156862745098,0.686046511627907,De $900 mil a $1 millón,950000
75,Universidades,UNIVERSIDAD DEL BIO-BIO,5 años,Salud,Fonoaudiología,Fonoaudiología,0.0231213872832369,0.8727272727272727,11.6315789473684,0.3971631205673759,0.5076923076923077,De $1 millón a $1 millón 100 mil,1050000
45,Universidades,UNIVERSIDAD DEL DESARROLLO,6 años,Salud,Fonoaudiología,Fonoaudiología,0.0104712041884816,s/i,s/i,0.4588235294117647,0.6716417910447762,De $1 millón 100 mil a $1 millón 200 mil,1150000
10,Universidades,UNIVERSIDAD MAYOR,5 años,Salud,Fonoaudiología,Fonoaudiología,0.0203252032520325,0.8505747126436781,12.113636363636353,0.375,0.6477272727272727,De $1 millón a $1 millón 100 mil,1050000
39,Universidades,UNIVERSIDAD SAN SEBASTIAN,5 años,Salud,Fonoaudiología,Fonoaudiología,0.0212765957446808,0.80625,13.186206896551704,0.3394255874673629,0.5588235294117647,De $1 millón a $1 millón 100 mil,1050000
13,Universidades,UNIVERSIDAD SANTO TOMAS,4 años,Salud,Fonoaudiología,Fonoaudiología,0.0155440414507772,0.8976377952755905,14.730769230769242,0.4416135881104034,0.6111111111111112,De $1 millón 100 mil a $1 millón 200 mil,1150000
86,Universidades,PONTIFICIA UNIVERSIDAD CATOLICA DE CHILE,7 años,Ciencias Sociales,Geografía,Geografía,0.0564971751412429,0.9180327868852459,12.6451612903226,0.6778523489932886,0.8492063492063492,De $1 millón 300 mil a $1 millón 400 mil,1350000
89,Universidades,PONTIFICIA UNIVERSIDAD CATOLICA DE VALPARAISO,7 años,Ciencias Sociales,Geografía,Geografía,0.0495049504950495,0.8235294117647058,12.5641025641026,0.5955056179775281,0.803921568627451,s/i,
69,Universidades,UNIVERSIDAD ALBERTO HURTADO,5 años,Ciencias Sociales,Geografía,Geografía,0.025,s/i,12.24,0.589041095890411,,s/i,
90,Universidades,UNIVERSIDAD AUSTRAL DE CHILE,6 años,Ciencias Sociales,Geografía,Geografía,0.0895522388059701,s/i,s/i,0.3859649122807017,,s/i,
70,Universidades,UNIVERSIDAD DE CHILE,7 años,Ciencias Sociales,Geografía,Geografía,0.0486111111111111,0.926829268292683,14.622641509434,0.7053571428571429,0.883495145631068,De $1 millón 300 mil a $1 millón 400 mil,1350000
87,Universidades,UNIVERSIDAD DE CONCEPCION,7 años,Ciencias Sociales,Geografía,Geografía,0.1162790697674418,0.8076923076923077,15.147058823529402,0.7076923076923077,0.7794117647058824,s/i,
83,Universidades,UNIVERSIDAD DE PLAYA ANCHA DE CIENCIAS DE LA EDUCACION,5 años,Ciencias Sociales,Geografía,Geografía,0.0204081632653061,s/i,s/i,0.7631578947368421,0.875,s/i,
20,Universidades,UNIVERSIDAD ANDRES BELLO,6 años,Ciencias Básicas,Geología,Geología,0.0611702127659574,0.7380952380952381,14.442748091603065,0.5863192182410424,0.7733812949640287,De $2 millones 100 mil a $2 millones 200 mil,2150000
90,Universidades,UNIVERSIDAD AUSTRAL DE CHILE,6 años,Ciencias Básicas,Geología,Geología,0.0259740259740259,0.6379310344827587,15.3541666666667,0.5606060606060606,0.66,s/i,
91,Universidades,UNIVERSIDAD CATOLICA DEL NORTE,6 años,Ciencias Básicas,Geología,Geología,0.0730593607305936,0.896551724137931,16.7962962962963,0.7901234567901234,0.85,Desde $2 millones 500 mil a $3 millones,2750000
79,Universidades,UNIVERSIDAD DE ATACAMA,4 años,Ciencias Básicas,Geología,Geología,0.024390243902439,0.8316831683168316,19.745098039215655,0.7903225806451613,,s/i,
70,Universidades,UNIVERSIDAD DE CHILE,7 años,Ciencias Básicas,Geología,Geología,0.1338582677165354,s/i,s/i,0.7321428571428571,0.8080808080808081,Desde $2 millones 500 mil a $3 millones,2750000
87,Universidades,UNIVERSIDAD DE CONCEPCION,7 años,Ciencias Básicas,Geología,Geología,0.0689655172413793,0.9285714285714286,17.56,0.6197183098591549,0.8870967741935484,Desde $2 millones 500 mil a $3 millones,2750000
45,Universidades,UNIVERSIDAD DEL DESARROLLO,6 años,Ciencias Básicas,Geología,Geología,0.0793650793650793,0.7777777777777778,s/i,0.85,0.8571428571428571,s/i,
10,Universidades,UNIVERSIDAD MAYOR,5 años,Ciencias Básicas,Geología,Geología,0.0,0.9137931034482759,s/i,0.6785714285714286,,s/i,
13,Universidades,UNIVERSIDAD SANTO TOMAS,4 años,Ciencias Básicas,Geología,Geología,0.0606060606060606,0.9534883720930233,s/i,0.6346153846153846,,s/i,
85,Universidades,UNIVERSIDAD TECNOLOGICA METROPOLITANA,4 años,Tecnología,Ingeniería Agroindustrial,Ingeniería en Administración Agroindustrial,0.0,s/i,s/i,0.6,0.734375,s/i,
91,Universidades,UNIVERSIDAD CATOLICA DEL NORTE,6 años,Tecnología,Ingeniería Civil Ambiental,Ingeniería Civil Ambiental,0.0384615384615384,s/i,s/i,0.8888888888888888,,s/i,
88,Universidades,UNIVERSIDAD TECNICA FEDERICO SANTA MARIA,6 años,Tecnología,Ingeniería Civil Ambiental,Ingeniería Civil Ambiental,0.0,0.8285714285714286,s/i,0.8837209302325582,0.8837209302325582,s/i,
89,Universidades,PONTIFICIA UNIVERSIDAD CATOLICA DE VALPARAISO,7 años,Tecnología,Ingeniería Civil Bioquímica,Ingeniería Civil Bioquímica,0.1276595744680851,0.9206349206349206,14.486486486486498,0.8205128205128205,0.819672131147541,De $1 millón 400 mil a $1 millón 500 mil,1450000
86,Universidades,PONTIFICIA UNIVERSIDAD CATOLICA DE CHILE,7 años,Tecnología,Ingeniería Civil Eléctrica,Ingeniería Civil Electricista,0.0681818181818181,s/i,15.111111111111098,0.9272727272727272,0.9065420560747663,s/i,
89,Universidades,PONTIFICIA UNIVERSIDAD CATOLICA DE VALPARAISO,7 años,Tecnología,Ingeniería Civil Eléctrica,Ingeniería Civil Eléctrica,0.059322033898305,0.8607594936708861,14.875,0.9578947368421052,0.9733333333333334,Desde $2 millones 500 mil a $3 millones,2750000
70,Universidades,UNIVERSIDAD DE CHILE,7 años,Tecnología,Ingeniería Civil Eléctrica,Ingeniería Civil Eléctrica,0.0492957746478873,s/i,s/i,0.932806324110672,0.976958525345622,Desde $2 millones 500 mil a $3 millones,2750000
87,Universidades,UNIVERSIDAD DE CONCEPCION,7 años,Tecnología,Ingeniería Civil Eléctrica,Ingeniería Civil Eléctrica,0.0825688073394495,0.8305084745762712,14.437499999999979,0.912621359223301,0.925925925925926,Desde $2 millones 500 mil a $3 millones,2750000
76,Universidades,UNIVERSIDAD DE LA FRONTERA,5 años,Tecnología,Ingeniería Civil Eléctrica,Ingeniería Civil Eléctrica,0.0675675675675675,0.8461538461538461,s/i,0.873015873015873,,s/i,
34,Universidades,UNIVERSIDAD DE LOS ANDES,6 años,Tecnología,Ingeniería Civil Eléctrica,Ingeniería Civil Eléctrica,0.0363636363636363,s/i,s/i,0.903846153846154,0.9818181818181818,s/i,
71,Universidades,UNIVERSIDAD DE SANTIAGO DE CHILE,7 años,Tecnología,Ingeniería Civil Eléctrica,Ingeniería Civil en Electricidad,0.0341296928327645,0.7378640776699029,16.531914893617,0.9634703196347032,0.9555555555555556,Desde $2 millones 500 mil a $3 millones,2750000
80,Universidades,UNIVERSIDAD DE TARAPACA,6 años,Tecnología,Ingeniería Civil Eléctrica,Ingeniería Civil Eléctrica,0.0169491525423728,0.8028169014084507,s/i,0.9333333333333332,0.9743589743589745,s/i,
75,Universidades,UNIVERSIDAD DEL BIO-BIO,5 años,Tecnología,Ingeniería Civil Eléctrica,Ingeniería Civil Eléctrica,0.0068965517241379,0.8181818181818182,13.8333333333333,0.8702290076335878,0.961904761904762,De $2 millones 100 mil a $2 millones 200 mil,2150000
88,Universidades,UNIVERSIDAD TECNICA FEDERICO SANTA MARIA,6 años,Tecnología,Ingeniería Civil Eléctrica,Ingeniería Civil Eléctrica,0.0652173913043478,0.9251700680272109,18.490909090909103,0.8974358974358975,0.9215686274509804,s/i,
89,Universidades,PONTIFICIA UNIVERSIDAD CATOLICA DE VALPARAISO,7 años,Tecnología,Ingeniería Civil Electrónica,Ingeniería Civil Electrónica,0.1111111111111111,0.8285714285714286,15.1960784313725,0.7698412698412699,0.9523809523809524,De $2 millones a $2 millones 100 mil,2050000
87,Universidades,UNIVERSIDAD DE CONCEPCION,7 años,Tecnología,Ingeniería Civil Electrónica,Ingeniería Civil Electrónica,0.0806451612903225,0.8571428571428571,16.65625,0.8703703703703703,0.8863636363636364,De $2 millones 400 mil a $2 millones 500 mil,2450000
88,Universidades,UNIVERSIDAD TECNICA FEDERICO SANTA MARIA,6 años,Tecnología,Ingeniería Civil Electrónica,Ingeniería Civil Electrónica,0.0909090909090909,0.875,16.5522388059701,0.8979591836734694,0.927927927927928,Desde $2 millones 500 mil a $3 millones,2750000
87,Universidades,UNIVERSIDAD DE CONCEPCION,7 años,Tecnología,Ingeniería Civil en Biomédica,Ingeniería Civil Biomédica,0.1313131313131313,0.8823529411764706,13.765957446808502,0.9156626506024096,0.8947368421052632,De $1 millón 800 mil a $1 millón 900 mil,1850000
72,Universidades,UNIVERSIDAD DE VALPARAISO,6 años,Tecnología,Ingeniería Civil en Biomédica,Ingeniería Civil Biomédica,0.0306122448979591,0.8,13.9574468085106,0.9662921348314608,0.9166666666666666,De $1 millón 800 mil a $1 millón 900 mil,1850000
86,Universidades,PONTIFICIA UNIVERSIDAD CATOLICA DE CHILE,7 años,Tecnología,Ingeniería Civil en Biotecnología y/o Bioingeniería,Ingeniería Civil en Biotecnología,0.0526315789473684,s/i,s/i,0.8222222222222222,,s/i,
70,Universidades,UNIVERSIDAD DE CHILE,7 años,Tecnología,Ingeniería Civil en Biotecnología y/o Bioingeniería,Ingeniería Civil en Biotecnología,0.0625,s/i,s/i,0.725,0.8666666666666667,s/i,
86,Universidades,PONTIFICIA UNIVERSIDAD CATOLICA DE CHILE,7 años,Tecnología,Ingeniería Civil en Computación e Informática,Ingeniería Civil de Computación,0.0,s/i,14.6708860759494,0.9494949494949496,0.9117647058823528,s/i,
89,Universidades,PONTIFICIA UNIVERSIDAD CATOLICA DE VALPARAISO,7 años,Tecnología,Ingeniería Civil en Computación e Informática,Ingeniería Civil en Informática,0.0511363636363636,0.9121621621621622,13.2222222222222,0.8181818181818182,0.935483870967742,De $2 millones 300 mil a $2 millones 400 mil,2350000
23,Universidades,UNIVERSIDAD ADOLFO IBAÑEZ,6 años,Tecnología,Ingeniería Civil en Computación e Informática,Ingeniería Civil Informática,0.0229007633587786,s/i,s/i,0.847457627118644,0.9493670886075948,s/i,
20,Universidades,UNIVERSIDAD ANDRES BELLO,6 años,Tecnología,Ingeniería Civil en Computación e Informática,Ingeniería Civil Informática,0.0909090909090909,0.8425414364640884,12.30000000000001,0.8050314465408805,0.9014084507042254,Desde $2 millones 500 mil a $3 millones,2750000
90,Universidades,UNIVERSIDAD AUSTRAL DE CHILE,6 años,Tecnología,Ingeniería Civil en Computación e Informática,Ingeniería Civil en Informática,0.109375,0.7653061224489796,s/i,0.7678571428571429,,s/i,
93,Universidades,UNIVERSIDAD CATOLICA DE LA SANTISIMA CONCEPCION,5 años,Tecnología,Ingeniería Civil en Computación e Informática,Ingeniería Civil Informática,0.0178571428571428,0.8557692307692307,s/i,0.8775510204081632,0.9615384615384616,s/i,
92,Universidades,UNIVERSIDAD CATOLICA DEL MAULE,5 años,Tecnología,Ingeniería Civil en Computación e Informática,Ingeniería Civil Informática,0.0149253731343283,0.8396946564885496,14.746666666666686,0.85,,s/i,
91,Universidades,UNIVERSIDAD CATOLICA DEL NORTE,6 años,Tecnología,Ingeniería Civil en Computación e Informática,Ingeniería Civil en Computación e Informática,0.0066225165562913,0.8248847926267281,13.346153846153864,0.8646616541353384,0.931372549019608,De $2 millones 400 mil a $2 millones 500 mil,2450000
70,Universidades,UNIVERSIDAD DE CHILE,7 años,Tecnología,Ingeniería Civil en Computación e Informática,Ingeniería Civil en Computación,0.0375,s/i,s/i,0.924170616113744,0.9649122807017544,Desde $3 millones a $3 millones 500 mil,3250000
87,Universidades,UNIVERSIDAD DE CONCEPCION,7 años,Tecnología,Ingeniería Civil en Computación e Informática,Ingeniería Civil Informática,0.1111111111111111,0.819672131147541,13.99999999999998,0.8840579710144928,0.9508196721311476,Desde $2 millones 500 mil a $3 millones,2750000
76,Universidades,UNIVERSIDAD DE LA FRONTERA,5 años,Tecnología,Ingeniería Civil en Computación e Informática,Ingeniería Civil Informática,0.087719298245614,0.8490566037735849,s/i,0.9615384615384616,,s/i,
71,Universidades,UNIVERSIDAD DE SANTIAGO DE CHILE,7 años,Tecnología,Ingeniería Civil en Computación e Informática,Ingeniería Civil en Informática,0.0,0.8846153846153846,16,0.9852941176470588,0.9649122807017544,Desde $3 millones a $3 millones 500 mil,3250000
78,Universidades,UNIVERSIDAD DE TALCA,6 años,Tecnología,Ingeniería Civil en Computación e Informática,Ingeniería Civil en Computación,0.0333333333333333,0.8656716417910447,s/i,0.9818181818181818,0.9782608695652174,s/i,
80,Universidades,UNIVERSIDAD DE TARAPACA,6 años,Tecnología,Ingeniería Civil en Computación e Informática,Ingeniería Civil en Computación e Informática,0.0,0.7661290322580645,13.65217391304346,0.8103448275862069,0.875,s/i,
72,Universidades,UNIVERSIDAD DE VALPARAISO,6 años,Tecnología,Ingeniería Civil en Computación e Informática,Ingeniería Civil en Informática,0.1111111111111111,0.773972602739726,16.6666666666667,0.8863636363636364,,s/i,
75,Universidades,UNIVERSIDAD DEL BIO-BIO,5 años,Tecnología,Ingeniería Civil en Computación e Informática,Ingeniería Civil en Informática,0.0161943319838056,0.8923076923076924,12.953271028037404,0.8721461187214612,0.9144385026737968,De $2 millones 200 mil a $2 millones 300 mil,2250000
3,Universidades,UNIVERSIDAD DIEGO PORTALES,6 años,Tecnología,Ingeniería Civil en Computación e Informática,Ingeniería Civil en Informática y Telecomunicaciones,0.0,0.9132947976878613,13.6111111111111,0.9262295081967212,0.963855421686747,Desde $2 millones 500 mil a $3 millones,2750000
10,Universidades,UNIVERSIDAD MAYOR,5 años,Tecnología,Ingeniería Civil en Computación e Informática,Ingeniería Civil en Computación e Informática,0.0,0.9565217391304348,s/i,0.8333333333333334,0.8048780487804879,De $2 millones 100 mil a $2 millones 200 mil,2150000
39,Universidades,UNIVERSIDAD SAN SEBASTIAN,5 años,Tecnología,Ingeniería Civil en Computación e Informática,Ingeniería Civil Informática,0.0,0.7670682730923695,s/i,0.7777777777777778,0.8648648648648649,s/i,
88,Universidades,UNIVERSIDAD TECNICA FEDERICO SANTA MARIA,6 años,Tecnología,Ingeniería Civil en Computación e Informática,Ingeniería Civil Informática,0.0538720538720538,0.8920634920634921,15.034965034965028,0.9372549019607844,0.9540229885057472,Desde $2 millones 500 mil a $3 millones,2750000
85,Universidades,UNIVERSIDAD TECNOLOGICA METROPOLITANA,4 años,Tecnología,Ingeniería Civil en Computación e Informática,Ingeniería Civil en Computación mención Informática,0.0066666666666666,0.8360655737704918,14.432692307692351,0.9,0.979591836734694,Desde $2 millones 500 mil a $3 millones,2750000
23,Universidades,UNIVERSIDAD ADOLFO IBAÑEZ,6 años,Tecnología,Ingeniería Civil en Energía,Ingeniería Civil en Energía y Medio Ambiente,0.0,s/i,s/i,0.7966101694915254,0.828125,s/i,
89,Universidades,PONTIFICIA UNIVERSIDAD CATOLICA DE VALPARAISO,7 años,Tecnología,Ingeniería Civil en Minas,Ingeniería Civil de Minas,0.028169014084507,0.8571428571428571,14.4318181818182,0.7264957264957265,0.8807339449541285,Desde $2 millones 500 mil a $3 millones,2750000
20,Universidades,UNIVERSIDAD ANDRES BELLO,6 años,Tecnología,Ingeniería Civil en Minas,Ingeniería Civil en Minas,0.0234741784037558,0.8333333333333334,14.098039215686304,0.6265060240963856,0.8197424892703863,De $2 millones 100 mil a $2 millones 200 mil,2150000
81,Universidades,UNIVERSIDAD ARTURO PRAT,5 años,Tecnología,Ingeniería Civil en Minas,Ingeniería Civil de Minas,0.0925925925925925,0.813953488372093,s/i,0.7317073170731707,,s/i,
91,Universidades,UNIVERSIDAD CATOLICA DEL NORTE,6 años,Tecnología,Ingeniería Civil en Minas,Ingeniería Civil de Minas,0.06,0.8433734939759037,s/i,0.8048780487804879,0.9351851851851852,Desde $3 millones a $3 millones 500 mil,3250000
73,Universidades,UNIVERSIDAD DE ANTOFAGASTA,5 años,Tecnología,Ingeniería Civil en Minas,Ingeniería Civil en Minas y en Procesos Minerales,0.1132075471698113,0.7796610169491526,s/i,0.8292682926829268,,s/i,
79,Universidades,UNIVERSIDAD DE ATACAMA,4 años,Tecnología,Ingeniería Civil en Minas,Ingeniería Civil en Minas,0.0114285714285714,0.7319587628865979,19.3372093023256,0.8827586206896552,0.963963963963964,Sobre $3 millones 500 mil,3500000
70,Universidades,UNIVERSIDAD DE CHILE,7 años,Tecnología,Ingeniería Civil en Minas,Ingeniería Civil de Minas,0.0454545454545454,s/i,s/i,0.9230769230769232,0.9824561403508772,Sobre $3 millones 500 mil,3500000
87,Universidades,UNIVERSIDAD DE CONCEPCION,7 años,Tecnología,Ingeniería Civil en Minas,Ingeniería Civil de Minas,0.0481927710843373,0.8533333333333334,15.1935483870968,0.8378378378378378,0.9375,s/i,
74,Universidades,UNIVERSIDAD DE LA SERENA,5 años,Tecnología,Ingeniería Civil en Minas,Ingeniería Civil de Minas,0.0,0.8135593220338984,15.8653846153846,0.912087912087912,0.9175257731958762,Desde $2 millones 500 mil a $3 millones,2750000
71,Universidades,UNIVERSIDAD DE SANTIAGO DE CHILE,7 años,Tecnología,Ingeniería Civil en Minas,Ingeniería Civil en Minas,0.0297619047619047,0.6708860759493671,16.6190476190476,0.9194915254237288,0.9767441860465116,Sobre $3 millones 500 mil,3500000
78,Universidades,UNIVERSIDAD DE TALCA,6 años,Tecnología,Ingeniería Civil en Minas,Ingeniería Civil en Minas,0.0888888888888888,0.828125,s/i,0.6486486486486487,0.775,s/i,
39,Universidades,UNIVERSIDAD SAN SEBASTIAN,5 años,Tecnología,Ingeniería Civil en Minas,Ingeniería Civil en Minas,0.0365853658536585,0.75,12.071428571428571,0.6923076923076923,0.7192982456140351,s/i,
88,Universidades,UNIVERSIDAD TECNICA FEDERICO SANTA MARIA,6 años,Tecnología,Ingeniería Civil en Minas,Ingeniería Civil de Minas,0.03125,0.9166666666666666,15.1791044776119,0.8717948717948718,0.9146341463414634,s/i,
86,Universidades,PONTIFICIA UNIVERSIDAD CATOLICA DE CHILE,7 años,Tecnología,Ingeniería Civil en Obras Civiles,"Ingeniería Civil, Diplomas en Diseño y Construcción de Obras e Ingeniería y Gestión de la Construcción",0.0121951219512195,s/i,15.83999999999998,0.9714285714285714,0.9506172839506172,De $2 millones 400 mil a $2 millones 500 mil,2450000
90,Universidades,UNIVERSIDAD AUSTRAL DE CHILE,6 años,Tecnología,Ingeniería Civil en Obras Civiles,Ingeniería Civil en Obras Civiles,0.015625,0.8,15.3913043478261,0.7884615384615384,0.9339622641509434,De $1 millón 700 mil a $1 millón 800 mil,1750000
94,Universidades,UNIVERSIDAD CATOLICA DE TEMUCO,5 años,Tecnología,Ingeniería Civil en Obras Civiles,Ingeniería Civil en Obras Civiles,0.0,0.7741935483870968,15.3829787234043,0.8072289156626506,0.8620689655172413,s/i,
34,Universidades,UNIVERSIDAD DE LOS ANDES,6 años,Tecnología,Ingeniería Civil en Obras Civiles,Ingeniería Civil en Obras Civiles,0.02,s/i,s/i,0.8876404494382022,0.9156626506024096,De $2 millones 300 mil a $2 millones 400 mil,2350000
71,Universidades,UNIVERSIDAD DE SANTIAGO DE CHILE,7 años,Tecnología,Ingeniería Civil en Obras Civiles,Ingeniería Civil en Obras Civiles,0.025,0.7804878048780488,15.5,0.8590604026845637,0.9225806451612903,De $2 millones a $2 millones 100 mil,2050000
45,Universidades,UNIVERSIDAD DEL DESARROLLO,6 años,Tecnología,Ingeniería Civil en Obras Civiles,Ingeniería Civil en Obras Civiles,0.0,s/i,s/i,0.851063829787234,0.926829268292683,s/i,
3,Universidades,UNIVERSIDAD DIEGO PORTALES,6 años,Tecnología,Ingeniería Civil en Obras Civiles,Ingeniería Civil en Obras Civiles,0.0150753768844221,0.8372093023255814,14.3661971830986,0.838150289017341,0.875,De $1 millón 900 mil a $2 millones,1950000
85,Universidades,UNIVERSIDAD TECNOLOGICA METROPOLITANA,4 años,Tecnología,Ingeniería Civil en Obras Civiles,Ingeniería Civil en Obras Civiles,0.0276243093922651,0.8285714285714286,16.0851063829787,0.7430555555555556,0.905982905982906,De $1 millón 700 mil a $1 millón 800 mil,1750000
88,Universidades,UNIVERSIDAD TECNICA FEDERICO SANTA MARIA,6 años,Tecnología,Ingeniería Civil en Telemática,Ingeniería Civil Telemática,0.0491803278688524,0.7685185185185185,16.235294117647058,0.981132075471698,,s/i,
86,Universidades,PONTIFICIA UNIVERSIDAD CATOLICA DE CHILE,7 años,Tecnología,Ingeniería Civil Industrial,Ingeniería Civil de Industrias,0.0128865979381443,s/i,14.765917602996277,0.957203994293866,0.964926590538336,Desde $3 millones a $3 millones 500 mil,3250000
89,Universidades,PONTIFICIA UNIVERSIDAD CATOLICA DE VALPARAISO,7 años,Tecnología,Ingeniería Civil Industrial,Ingeniería Civil Industrial,0.0104986876640419,0.907608695652174,14.422077922077902,0.938375350140056,0.9584487534626038,De $2 millones 200 mil a $2 millones 300 mil,2250000
23,Universidades,UNIVERSIDAD ADOLFO IBAÑEZ,6 años,Tecnología,Ingeniería Civil Industrial,Ingeniería Civil Industrial,0.0069444444444444,0.8902439024390244,s/i,0.900375939849624,0.9439338235294118,Desde $2 millones 500 mil a $3 millones,2750000
20,Universidades,UNIVERSIDAD ANDRES BELLO,6 años,Tecnología,Ingeniería Civil Industrial,Ingeniería Civil Industrial,0.0264290104486785,0.8746736292428199,11.681159420289857,0.8337236533957846,0.9147982062780268,De $2 millones a $2 millones 100 mil,2050000
81,Universidades,UNIVERSIDAD ARTURO PRAT,5 años,Tecnología,Ingeniería Civil Industrial,Ingeniería Civil Industrial,0.0439560439560439,0.84,13.0967741935484,0.7738095238095238,0.9244186046511628,De $2 millones 300 mil a $2 millones 400 mil,2350000
90,Universidades,UNIVERSIDAD AUSTRAL DE CHILE,6 años,Tecnología,Ingeniería Civil Industrial,Ingeniería Civil Industrial,0.0117647058823529,0.8554216867469879,14.28828828828832,0.7946127946127947,0.898876404494382,De $1 millón 700 mil a $1 millón 800 mil,1750000
31,Universidades,UNIVERSIDAD AUTONOMA DE CHILE,5 años,Tecnología,Ingeniería Civil Industrial,Ingeniería Civil Industrial,0.0328467153284671,0.8189300411522634,12.861788617886177,0.7180616740088106,0.7818181818181819,De $1 millón 600 mil a $1 millón 700 mil,1650000
93,Universidades,UNIVERSIDAD CATOLICA DE LA SANTISIMA CONCEPCION,5 años,Tecnología,Ingeniería Civil Industrial,Ingeniería Civil Industrial,0.0043859649122807,0.9025974025974026,15.016393442623,0.8454106280193237,0.917098445595855,De $1 millón 800 mil a $1 millón 900 mil,1850000
94,Universidades,UNIVERSIDAD CATOLICA DE TEMUCO,5 años,Tecnología,Ingeniería Civil Industrial,Ingeniería Civil Industrial,0.008695652173913,0.8904109589041096,18.38775510204084,0.8045977011494253,0.8611111111111112,s/i,
92,Universidades,UNIVERSIDAD CATOLICA DEL MAULE,5 años,Tecnología,Ingeniería Civil Industrial,Ingeniería Civil Industrial,0.032258064516129,0.9251700680272109,13.5,0.719626168224299,0.9272727272727272,s/i,
91,Universidades,UNIVERSIDAD CATOLICA DEL NORTE,6 años,Tecnología,Ingeniería Civil Industrial,Ingeniería Civil Industrial,0.0308219178082191,0.9173228346456693,12.079831932773105,0.8517110266159695,0.9292035398230089,De $2 millones 300 mil a $2 millones 400 mil,2350000
4,Universidades,UNIVERSIDAD CENTRAL DE CHILE,5 años,Tecnología,Ingeniería Civil Industrial,Ingeniería Civil Industrial,0.0408921933085501,0.8454545454545455,13.280701754385975,0.8727272727272727,0.9,De $2 millones 200 mil a $2 millones 300 mil,2250000
73,Universidades,UNIVERSIDAD DE ANTOFAGASTA,5 años,Tecnología,Ingeniería Civil Industrial,Ingeniería Civil Industrial,0.0172839506172839,0.7142857142857143,16.82417582417583,0.9194139194139194,0.9607843137254902,Desde $2 millones 500 mil a $3 millones,2750000
79,Universidades,UNIVERSIDAD DE ATACAMA,4 años,Tecnología,Ingeniería Civil Industrial,Ingeniería Civil Industrial,0.0165289256198347,0.8714285714285714,20.428571428571427,0.8764044943820225,0.9012345679012346,De $1 millón 900 mil a $2 millones,1950000
70,Universidades,UNIVERSIDAD DE CHILE,7 años,Tecnología,Ingeniería Civil Industrial,Ingeniería Civil Industrial,0.0090497737556561,s/i,s/i,0.9508599508599508,0.9714285714285714,Desde $3 millones a $3 millones 500 mil,3250000
87,Universidades,UNIVERSIDAD DE CONCEPCION,7 años,Tecnología,Ingeniería Civil Industrial,Ingeniería Civil Industrial,0.0486111111111111,0.9375,13.362831858407088,0.8505747126436781,0.9646017699115044,De $2 millones 200 mil a $2 millones 300 mil,2250000
76,Universidades,UNIVERSIDAD DE LA FRONTERA,5 años,Tecnología,Ingeniería Civil Industrial,Ingeniería Civil Industrial,0.0428571428571428,0.9024390243902439,13.929577464788727,0.7842323651452282,0.8805309734513275,De $1 millón 800 mil a $1 millón 900 mil,1850000
74,Universidades,UNIVERSIDAD DE LA SERENA,5 años,Tecnología,Ingeniería Civil Industrial,Ingeniería Civil Industrial,0.0103092783505154,0.8235294117647058,16.0925925925926,0.7972972972972973,0.9428571428571428,De $1 millón 900 mil a $2 millones,1950000
19,Universidades,UNIVERSIDAD DE LAS AMERICAS,5 años,Tecnología,Ingeniería Civil Industrial,Ingeniería Civil Industrial,0.0511945392491467,0.9361702127659575,s/i,0.9072164948453608,0.951219512195122,s/i,
34,Universidades,UNIVERSIDAD DE LOS ANDES,6 años,Tecnología,Ingeniería Civil Industrial,Ingeniería Civil Industrial,0.0090361445783132,s/i,s/i,0.9415584415584416,0.9695945945945946,Desde $2 millones 500 mil a $3 millones,2750000
83,Universidades,UNIVERSIDAD DE PLAYA ANCHA DE CIENCIAS DE LA EDUCACION,5 años,Tecnología,Ingeniería Civil Industrial,Ingeniería Civil Industrial,0.0,s/i,s/i,0.7857142857142857,0.8412698412698413,s/i,
71,Universidades,UNIVERSIDAD DE SANTIAGO DE CHILE,7 años,Tecnología,Ingeniería Civil Industrial,Ingeniería Civil Industrial,0.0198863636363636,0.8543689320388349,15.681159420289902,0.9316546762589928,0.9734848484848484,De $2 millones 400 mil a $2 millones 500 mil,2450000
78,Universidades,UNIVERSIDAD DE TALCA,6 años,Tecnología,Ingeniería Civil Industrial,Ingeniería Civil Industrial,0.0163398692810457,0.8598130841121495,13.63855421686747,0.8482490272373541,0.9314516129032258,De $2 millones a $2 millones 100 mil,2050000
80,Universidades,UNIVERSIDAD DE TARAPACA,6 años,Tecnología,Ingeniería Civil Industrial,Ingeniería Civil Industrial,0.0040816326530612,0.8037974683544303,15.045454545454518,0.7970297029702971,0.8424657534246576,De $1 millón 800 mil a $1 millón 900 mil,1850000
72,Universidades,UNIVERSIDAD DE VALPARAISO,6 años,Tecnología,Ingeniería Civil Industrial,Ingeniería Civil Industrial,0.0153550863723608,0.8076923076923077,15.647619047619063,0.8518518518518519,0.9323529411764706,De $2 millones 100 mil a $2 millones 200 mil,2150000
75,Universidades,UNIVERSIDAD DEL BIO-BIO,5 años,Tecnología,Ingeniería Civil Industrial,Ingeniería Civil Industrial,0.0258620689655172,0.9236111111111112,13.933962264150965,0.7426470588235294,0.8841059602649006,De $1 millón 800 mil a $1 millón 900 mil,1850000
45,Universidades,UNIVERSIDAD DEL DESARROLLO,6 años,Tecnología,Ingeniería Civil Industrial,Ingeniería Civil Industrial,0.0325814536340852,0.9491525423728814,12.881889763779526,0.8974358974358975,0.9316770186335404,De $2 millones 300 mil a $2 millones 400 mil,2350000
3,Universidades,UNIVERSIDAD DIEGO PORTALES,6 años,Tecnología,Ingeniería Civil Industrial,Ingeniería Civil Industrial,0.014657980456026,0.9416058394160584,13.5,0.896551724137931,0.9396551724137931,De $2 millones 200 mil a $2 millones 300 mil,2250000
2,Universidades,UNIVERSIDAD FINIS TERRAE,5 años,Tecnología,Ingeniería Civil Industrial,Ingeniería Civil Industrial,0.0223880597014925,0.8860759493670886,13.35,0.8278688524590164,0.9247311827956988,s/i,
10,Universidades,UNIVERSIDAD MAYOR,5 años,Tecnología,Ingeniería Civil Industrial,Ingeniería Civil Industrial,0.0227272727272727,0.9226190476190477,14.609756097560986,0.83984375,0.8949771689497716,De $2 millones 100 mil a $2 millones 200 mil,2150000
39,Universidades,UNIVERSIDAD SAN SEBASTIAN,5 años,Tecnología,Ingeniería Civil Industrial,Ingeniería Civil Industrial,0.0347432024169184,0.8487394957983193,12.468749999999979,0.8208092485549133,0.8451612903225807,De $1 millón 800 mil a $1 millón 900 mil,1850000
13,Universidades,UNIVERSIDAD SANTO TOMAS,4 años,Tecnología,Ingeniería Civil Industrial,Ingeniería Civil Industrial,0.0427631578947368,0.8636363636363636,s/i,0.8805970149253731,0.9230769230769232,De $1 millón 900 mil a $2 millones,1950000
88,Universidades,UNIVERSIDAD TECNICA FEDERICO SANTA MARIA,6 años,Tecnología,Ingeniería Civil Industrial,Ingeniería Civil Industrial,0.016497461928934,0.9285714285714286,14.711711711711706,0.9248,0.9670542635658916,Desde $2 millones 500 mil a $3 millones,2750000
85,Universidades,UNIVERSIDAD TECNOLOGICA METROPOLITANA,4 años,Tecnología,Ingeniería Civil Industrial,Ingeniería Civil Industrial,0.0203619909502262,0.8909090909090909,14.5970149253731,0.8567335243553008,0.9264705882352942,De $2 millones a $2 millones 100 mil,2050000
70,Universidades,UNIVERSIDAD DE CHILE,7 años,Ciencias Básicas,Ingeniería Civil Matemática y Estadística,Ingeniería Civil Matemática,0.141025641025641,s/i,s/i,0.7166666666666667,0.8205128205128205,s/i,
88,Universidades,UNIVERSIDAD TECNICA FEDERICO SANTA MARIA,6 años,Ciencias Básicas,Ingeniería Civil Matemática y Estadística,Ingeniería Civil Matemática,0.1,0.9285714285714286,15.242424242424264,0.8636363636363636,,s/i,
86,Universidades,PONTIFICIA UNIVERSIDAD CATOLICA DE CHILE,7 años,Tecnología,Ingeniería Civil Mecánica,Ingeniería Civil Mecánico,0.0337078651685393,s/i,16.1428571428571,0.918918918918919,0.9552238805970148,Desde $2 millones 500 mil a $3 millones,2750000
89,Universidades,PONTIFICIA UNIVERSIDAD CATOLICA DE VALPARAISO,7 años,Tecnología,Ingeniería Civil Mecánica,Ingeniería Civil Mecánica,0.024390243902439,0.7974683544303798,18.0816326530612,0.7818181818181819,,s/i,
90,Universidades,UNIVERSIDAD AUSTRAL DE CHILE,6 años,Tecnología,Ingeniería Civil Mecánica,Ingeniería Civil Mecánica,0.0821917808219178,0.875,16.8275862068966,0.7142857142857143,0.8695652173913043,s/i,
70,Universidades,UNIVERSIDAD DE CHILE,7 años,Tecnología,Ingeniería Civil Mecánica,Ingeniería Civil Mecánica,0.0213903743315508,s/i,s/i,0.9186046511627908,0.940828402366864,Desde $2 millones 500 mil a $3 millones,2750000
87,Universidades,UNIVERSIDAD DE CONCEPCION,7 años,Tecnología,Ingeniería Civil Mecánica,Ingeniería Civil Mecánica,0.0981595092024539,0.9066666666666666,15.049180327868806,0.8378378378378378,0.940677966101695,Desde $2 millones 500 mil a $3 millones,2750000
76,Universidades,UNIVERSIDAD DE LA FRONTERA,5 años,Tecnología,Ingeniería Civil Mecánica,Ingeniería Civil Mecánica,0.0779220779220779,0.6170212765957447,15.04,0.8636363636363636,0.8928571428571429,s/i,
74,Universidades,UNIVERSIDAD DE LA SERENA,5 años,Tecnología,Ingeniería Civil Mecánica,Ingeniería Civil Mecánica,0.0990990990990991,0.7241379310344828,17.45,0.7582417582417582,0.8392857142857143,s/i,
71,Universidades,UNIVERSIDAD DE SANTIAGO DE CHILE,7 años,Tecnología,Ingeniería Civil Mecánica,Ingeniería Civil en Mecánica,0.036,0.7954545454545454,15.3018867924528,0.9320388349514565,0.9821428571428572,Desde $2 millones 500 mil a $3 millones,2750000
78,Universidades,UNIVERSIDAD DE TALCA,6 años,Tecnología,Ingeniería Civil Mecánica,Ingeniería Civil Mecánica,0.0804597701149425,0.8048780487804879,14,0.7605633802816901,0.9056603773584906,s/i,
80,Universidades,UNIVERSIDAD DE TARAPACA,6 años,Tecnología,Ingeniería Civil Mecánica,Ingeniería Civil Mecánica,0.0309278350515463,0.5094339622641509,s/i,0.8333333333333334,0.8461538461538461,De $2 millones 200 mil a $2 millones 300 mil,2250000
75,Universidades,UNIVERSIDAD DEL BIO-BIO,5 años,Tecnología,Ingeniería Civil Mecánica,Ingeniería Civil Mecánica,0.0144927536231884,0.7733333333333333,16.102941176470615,0.8032786885245902,0.90625,De $2 millones 100 mil a $2 millones 200 mil,2150000
88,Universidades,UNIVERSIDAD TECNICA FEDERICO SANTA MARIA,6 años,Tecnología,Ingeniería Civil Mecánica,Ingeniería Civil Mecánica,0.0305555555555555,0.8930817610062893,16.877049180327884,0.9185667752442996,0.9401408450704224,Desde $2 millones 500 mil a $3 millones,2750000
89,Universidades,PONTIFICIA UNIVERSIDAD CATOLICA DE VALPARAISO,7 años,Tecnología,Ingeniería Civil Metalúrgica,Ingeniería Civil Metalurgia Extractiva,0.0490196078431372,0.875,15.735294117647099,0.797752808988764,0.922077922077922,Desde $3 millones a $3 millones 500 mil,3250000
20,Universidades,UNIVERSIDAD ANDRES BELLO,6 años,Tecnología,Ingeniería Civil Metalúrgica,Ingeniería Civil en Metalurgia,0.0449438202247191,s/i,s/i,0.7246376811594203,0.8024691358024691,De $2 millones 100 mil a $2 millones 200 mil,2150000
91,Universidades,UNIVERSIDAD CATOLICA DEL NORTE,6 años,Tecnología,Ingeniería Civil Metalúrgica,Ingeniería Civil Metalúrgica,0.0546875,0.819672131147541,14.34375,0.8240740740740741,0.945945945945946,Sobre $3 millones 500 mil,3500000
79,Universidades,UNIVERSIDAD DE ATACAMA,4 años,Tecnología,Ingeniería Civil Metalúrgica,Ingeniería Civil en Metalurgia,0.0135135135135135,0.6440677966101694,s/i,0.8421052631578947,0.88,s/i,
87,Universidades,UNIVERSIDAD DE CONCEPCION,7 años,Tecnología,Ingeniería Civil Metalúrgica,Ingeniería Civil Metalúrgica,0.0655737704918032,0.7088607594936709,16.275,0.7706422018348624,0.917910447761194,Desde $3 millones a $3 millones 500 mil,3250000
71,Universidades,UNIVERSIDAD DE SANTIAGO DE CHILE,7 años,Tecnología,Ingeniería Civil Metalúrgica,Ingeniería Civil en Metalurgia,0.01,0.609375,s/i,0.8095238095238095,0.9382716049382716,Desde $3 millones a $3 millones 500 mil,3250000
88,Universidades,UNIVERSIDAD TECNICA FEDERICO SANTA MARIA,6 años,Tecnología,Ingeniería Civil Metalúrgica,Ingeniería Civil Metalurgia,0.0138888888888888,0.8275862068965517,20.5172413793103,0.8620689655172413,0.9636363636363636,Sobre $3 millones 500 mil,3500000
89,Universidades,PONTIFICIA UNIVERSIDAD CATOLICA DE VALPARAISO,7 años,Tecnología,Ingeniería Civil Química,Ingeniería Civil Química,0.0279720279720279,0.8356164383561644,14.341463414634099,0.7380952380952381,0.8666666666666667,De $2 millones 100 mil a $2 millones 200 mil,2150000
70,Universidades,UNIVERSIDAD DE CHILE,7 años,Tecnología,Ingeniería Civil Química,Ingeniería Civil Química,0.0760869565217391,s/i,s/i,0.8117647058823529,0.9342105263157896,De $2 millones 100 mil a $2 millones 200 mil,2150000
87,Universidades,UNIVERSIDAD DE CONCEPCION,7 años,Tecnología,Ingeniería Civil Química,Ingeniería Civil Química,0.0547945205479452,0.8961038961038961,14.3818181818182,0.8473282442748091,0.925,Desde $2 millones 500 mil a $3 millones,2750000
71,Universidades,UNIVERSIDAD DE SANTIAGO DE CHILE,7 años,Tecnología,Ingeniería Civil Química,Ingeniería Civil en Química,0.0073529411764705,0.7391304347826086,14.8947368421053,0.8983050847457628,0.9473684210526316,De $2 millones a $2 millones 100 mil,2050000
75,Universidades,UNIVERSIDAD DEL BIO-BIO,5 años,Tecnología,Ingeniería Civil Química,Ingeniería Civil Química,0.0512820512820512,0.6739130434782609,14.4878048780488,0.7128712871287128,0.8526315789473684,s/i,
88,Universidades,UNIVERSIDAD TECNICA FEDERICO SANTA MARIA,6 años,Tecnología,Ingeniería Civil Química,Ingeniería Civil Química,0.0641509433962264,0.8715596330275229,16.763636363636344,0.871244635193133,0.9536423841059604,Desde $2 millones 500 mil a $3 millones,2750000
89,Universidades,PONTIFICIA UNIVERSIDAD CATOLICA DE VALPARAISO,7 años,Tecnología,"Ingeniería Civil, plan común y licenciatura en Ciencias de la Ingeniería",Ingeniería Civil,0.0,0.8613861386138614,13.8679245283019,0.8421052631578947,0.9029850746268656,De $1 millón 900 mil a $2 millones,1950000
23,Universidades,UNIVERSIDAD ADOLFO IBAÑEZ,6 años,Tecnología,"Ingeniería Civil, plan común y licenciatura en Ciencias de la Ingeniería",Ingeniería Civil,0.0,0.8579545454545454,s/i,0.8829787234042553,0.8738738738738738,De $2 millones a $2 millones 100 mil,2050000
20,Universidades,UNIVERSIDAD ANDRES BELLO,6 años,Tecnología,"Ingeniería Civil, plan común y licenciatura en Ciencias de la Ingeniería",Ingeniería Civil,0.0108695652173913,0.8444444444444444,15.187499999999975,0.7536231884057971,0.855072463768116,De $2 millones a $2 millones 100 mil,2050000
93,Universidades,UNIVERSIDAD CATOLICA DE LA SANTISIMA CONCEPCION,5 años,Tecnología,"Ingeniería Civil, plan común y licenciatura en Ciencias de la Ingeniería",Ingeniería Civil,0.0297619047619047,0.7553191489361702,17,0.7333333333333333,0.8581560283687943,De $1 millón 800 mil a $1 millón 900 mil,1850000
91,Universidades,UNIVERSIDAD CATOLICA DEL NORTE,6 años,Tecnología,"Ingeniería Civil, plan común y licenciatura en Ciencias de la Ingeniería",Ingeniería Civil,0.0289855072463768,0.7,s/i,0.9375,0.9464285714285714,De $2 millones 400 mil a $2 millones 500 mil,2450000
70,Universidades,UNIVERSIDAD DE CHILE,7 años,Tecnología,"Ingeniería Civil, plan común y licenciatura en Ciencias de la Ingeniería",Ingeniería Civil,0.0288461538461538,0.9322751322751323,s/i,0.9335664335664337,0.9550173010380624,De $2 millones 300 mil a $2 millones 400 mil,2350000
87,Universidades,UNIVERSIDAD DE CONCEPCION,7 años,Tecnología,"Ingeniería Civil, plan común y licenciatura en Ciencias de la Ingeniería",Ingeniería Civil,0.12,0.6857142857142857,14.3333333333333,0.84375,0.902097902097902,De $2 millones 100 mil a $2 millones 200 mil,2150000
76,Universidades,UNIVERSIDAD DE LA FRONTERA,5 años,Tecnología,"Ingeniería Civil, plan común y licenciatura en Ciencias de la Ingeniería",Ingeniería Civil,0.03,0.8837209302325582,s/i,0.7934782608695652,0.890625,s/i,
74,Universidades,UNIVERSIDAD DE LA SERENA,5 años,Tecnología,"Ingeniería Civil, plan común y licenciatura en Ciencias de la Ingeniería",Ingeniería Civil,0.0202020202020202,0.7777777777777778,16.7142857142857,0.8987341772151899,0.9245283018867924,s/i,
75,Universidades,UNIVERSIDAD DEL BIO-BIO,5 años,Tecnología,"Ingeniería Civil, plan común y licenciatura en Ciencias de la Ingeniería",Ingeniería Civil,0.0240963855421686,0.78,14.085365853658537,0.7909090909090909,0.8786407766990292,De $1 millón 700 mil a $1 millón 800 mil,1750000
39,Universidades,UNIVERSIDAD SAN SEBASTIAN,5 años,Tecnología,"Ingeniería Civil, plan común y licenciatura en Ciencias de la Ingeniería",Ingeniería Civil,0.0114942528735632,0.82,14.80769230769232,0.7647058823529411,0.8115942028985508,De $1 millón 900 mil a $2 millones,1950000
88,Universidades,UNIVERSIDAD TECNICA FEDERICO SANTA MARIA,6 años,Tecnología,"Ingeniería Civil, plan común y licenciatura en Ciencias de la Ingeniería",Ingeniería Civil,0.0237388724035608,0.8988505747126436,17.535353535353554,0.944055944055944,0.9607843137254902,De $2 millones 400 mil a $2 millones 500 mil,2450000
86,Universidades,PONTIFICIA UNIVERSIDAD CATOLICA DE CHILE,7 años,Administración y Comercio,Ingeniería Comercial,Ingeniería Comercial,0.012891344383057,0.9529914529914529,12.3422222222222,0.930824008138352,0.9608294930875576,Desde $2 millones 500 mil a $3 millones,2750000
89,Universidades,PONTIFICIA UNIVERSIDAD CATOLICA DE VALPARAISO,7 años,Administración y Comercio,Ingeniería Comercial,Ingeniería Comercial,0.0171673819742489,0.8571428571428571,14.7333333333333,0.8388625592417062,0.8785714285714286,De $1 millón 900 mil a $2 millones,1950000
23,Universidades,UNIVERSIDAD ADOLFO IBAÑEZ,6 años,Administración y Comercio,Ingeniería Comercial,Ingeniería Comercial,0.0025996533795493,0.9129793510324484,12.171662125340562,0.883664566165778,0.9242819843342036,Desde $2 millones 500 mil a $3 millones,2750000
38,Universidades,UNIVERSIDAD ADVENTISTA DE CHILE,3 años,Administración y Comercio,Ingeniería Comercial,Ingeniería Comercial,0.0,0.8928571428571429,s/i,0.5945945945945946,,s/i,
69,Universidades,UNIVERSIDAD ALBERTO HURTADO,5 años,Administración y Comercio,Ingeniería Comercial,Ingeniería Comercial,0.0408921933085501,0.7209302325581395,12.1531531531532,0.8456973293768546,0.8930041152263375,De $1 millón 800 mil a $1 millón 900 mil,1850000
20,Universidades,UNIVERSIDAD ANDRES BELLO,6 años,Administración y Comercio,Ingeniería Comercial,Ingeniería Comercial,0.0226093402520385,0.7841845140032949,12.052147239263816,0.7465667915106118,0.8406040268456376,De $1 millón 900 mil a $2 millones,1950000
81,Universidades,UNIVERSIDAD ARTURO PRAT,5 años,Administración y Comercio,Ingeniería Comercial,Ingeniería Comercial,0.0417246175243393,0.65,13.3333333333333,0.7973568281938326,0.8798283261802575,De $1 millón 900 mil a $2 millones,1950000
90,Universidades,UNIVERSIDAD AUSTRAL DE CHILE,6 años,Administración y Comercio,Ingeniería Comercial,Ingeniería Comercial,0.0096774193548387,0.8848167539267016,12.542635658914756,0.7297297297297297,0.8375451263537906,De $1 millón 600 mil a $1 millón 700 mil,1650000
31,Universidades,UNIVERSIDAD AUTONOMA DE CHILE,5 años,Administración y Comercio,Ingeniería Comercial,Ingeniería Comercial,0.0278606965174129,0.835920177383592,12.204301075268793,0.7029940119760479,0.7983367983367984,De $1 millón 400 mil a $1 millón 500 mil,1450000
50,Universidades,UNIVERSIDAD BERNARDO O'HIGGINS,5 años,Administración y Comercio,Ingeniería Comercial,Ingeniería Comercial,0.0,0.8055555555555556,s/i,0.7528089887640449,0.8311688311688312,s/i,
42,Universidades,UNIVERSIDAD CATOLICA CARDENAL RAUL SILVA HENRIQUEZ,4 años,Administración y Comercio,Ingeniería Comercial,Ingeniería Comercial,0.0,0.6949152542372882,12.83333333333336,0.7435897435897436,0.8227848101265823,De $1 millón 600 mil a $1 millón 700 mil,1650000
93,Universidades,UNIVERSIDAD CATOLICA DE LA SANTISIMA CONCEPCION,5 años,Administración y Comercio,Ingeniería Comercial,Ingeniería Comercial,0.0352112676056338,0.9315068493150684,12.3425925925926,0.7201834862385321,0.8113207547169812,De $1 millón 400 mil a $1 millón 500 mil,1450000
94,Universidades,UNIVERSIDAD CATOLICA DE TEMUCO,5 años,Administración y Comercio,Ingeniería Comercial,Ingeniería Comercial,0.0,0.8444444444444444,15.581395348837198,0.5704225352112676,0.7414965986394558,De $1 millón 300 mil a $1 millón 400 mil,1350000
92,Universidades,UNIVERSIDAD CATOLICA DEL MAULE,5 años,Administración y Comercio,Ingeniería Comercial,Ingeniería Comercial,0.0,0.8653846153846154,12.5454545454545,0.6287878787878788,0.6732673267326733,De $1 millón 300 mil a $1 millón 400 mil,1350000
91,Universidades,UNIVERSIDAD CATOLICA DEL NORTE,6 años,Administración y Comercio,Ingeniería Comercial,Ingeniería Comercial,0.0349650349650349,0.8647540983606558,11.576,0.7951807228915663,0.8616071428571429,De $1 millón 700 mil a $1 millón 800 mil,1750000
4,Universidades,UNIVERSIDAD CENTRAL DE CHILE,5 años,Administración y Comercio,Ingeniería Comercial,Ingeniería Comercial,0.0722610722610722,0.8523489932885906,13.05952380952379,0.8311111111111111,0.8693693693693694,De $1 millón 800 mil a $1 millón 900 mil,1850000
73,Universidades,UNIVERSIDAD DE ANTOFAGASTA,5 años,Administración y Comercio,Ingeniería Comercial,Ingeniería Comercial,0.032,0.8823529411764706,17.7575757575758,0.8317757009345794,0.9404761904761904,De $1 millón 900 mil a $2 millones,1950000
26,Universidades,"UNIVERSIDAD DE ARTES, CIENCIAS Y COMUNICACION - UNIACC",3 años,Administración y Comercio,Ingeniería Comercial,Ingeniería Comercial,0.0497335701598579,0.43243243243243246,12.205128205128185,0.896551724137931,0.9230769230769232,s/i,
79,Universidades,UNIVERSIDAD DE ATACAMA,4 años,Administración y Comercio,Ingeniería Comercial,Ingeniería Comercial,0.0131578947368421,0.5932203389830508,15,0.8571428571428571,0.8392857142857143,s/i,
70,Universidades,UNIVERSIDAD DE CHILE,7 años,Administración y Comercio,Ingeniería Comercial,Ingeniería Comercial,0.0765765765765765,0.948220064724919,12.0019920318725,0.9215851602023608,0.9456812110418522,Desde $2 millones 500 mil a $3 millones,2750000
87,Universidades,UNIVERSIDAD DE CONCEPCION,7 años,Administración y Comercio,Ingeniería Comercial,Ingeniería Comercial,0.0328185328185328,0.7661290322580645,12.006622516556256,0.7214611872146118,0.8078703703703703,De $1 millón 600 mil a $1 millón 700 mil,1650000
76,Universidades,UNIVERSIDAD DE LA FRONTERA,5 años,Administración y Comercio,Ingeniería Comercial,Ingeniería Comercial,0.0333333333333333,0.8214285714285714,11.5873015873016,0.6923076923076923,0.7834394904458599,De $1 millón 400 mil a $1 millón 500 mil,1450000
74,Universidades,UNIVERSIDAD DE LA SERENA,5 años,Administración y Comercio,Ingeniería Comercial,Ingeniería Comercial,0.0167597765363128,0.9508196721311475,11.7058823529412,0.4926470588235294,0.6912751677852349,De $1 millón 200 mil a $1 millón 300 mil,1250000
19,Universidades,UNIVERSIDAD DE LAS AMERICAS,5 años,Administración y Comercio,Ingeniería Comercial,Ingeniería Comercial,0.0255905511811023,0.7620817843866171,11.333333333333334,0.7133333333333334,0.8518518518518519,De $1 millón 600 mil a $1 millón 700 mil,1650000
34,Universidades,UNIVERSIDAD DE LOS ANDES,6 años,Administración y Comercio,Ingeniería Comercial,Ingeniería Comercial,0.0852390852390852,0.8895705521472392,11.6233766233766,0.8267898383371824,0.9551886792452832,Desde $2 millones 500 mil a $3 millones,2750000
71,Universidades,UNIVERSIDAD DE SANTIAGO DE CHILE,7 años,Administración y Comercio,Ingeniería Comercial,Ingeniería Comercial,0.0493697478991596,0.8746438746438746,11.594017094017099,0.8823529411764706,0.9053156146179402,De $1 millón 900 mil a $2 millones,1950000
78,Universidades,UNIVERSIDAD DE TALCA,6 años,Administración y Comercio,Ingeniería Comercial,Ingeniería Comercial,0.0252293577981651,0.8351063829787234,12.129032258064498,0.7746113989637305,0.8489583333333334,De $1 millón 700 mil a $1 millón 800 mil,1750000
80,Universidades,UNIVERSIDAD DE TARAPACA,6 años,Administración y Comercio,Ingeniería Comercial,Ingeniería Comercial,0.0179640718562874,0.898876404494382,12.94444444444446,0.6287878787878788,0.7844827586206896,De $1 millón 400 mil a $1 millón 500 mil,1450000
72,Universidades,UNIVERSIDAD DE VALPARAISO,6 años,Administración y Comercio,Ingeniería Comercial,Ingeniería Comercial,0.0346907993966817,0.7210144927536232,12.48427672955973,0.7408163265306122,0.8197064989517819,De $1 millón 700 mil a $1 millón 800 mil,1750000
22,Universidades,UNIVERSIDAD DE VIÑA DEL MAR,4 años,Administración y Comercio,Ingeniería Comercial,Ingeniería Comercial,0.0456431535269709,0.7333333333333333,11.757575757575758,0.6567164179104478,0.7692307692307693,De $1 millón 300 mil a $1 millón 400 mil,1350000
75,Universidades,UNIVERSIDAD DEL BIO-BIO,5 años,Administración y Comercio,Ingeniería Comercial,Ingeniería Comercial,0.0397489539748954,0.86875,12.125000000000028,0.6918918918918919,0.774798927613941,De $1 millón 400 mil a $1 millón 500 mil,1450000
45,Universidades,UNIVERSIDAD DEL DESARROLLO,6 años,Administración y Comercio,Ingeniería Comercial,Ingeniería Comercial,0.0089795918367346,0.9031339031339032,12.28358208955225,0.8638941398865785,0.8981779206859593,De $2 millones 200 mil a $2 millones 300 mil,2250000
3,Universidades,UNIVERSIDAD DIEGO PORTALES,6 años,Administración y Comercio,Ingeniería Comercial,Ingeniería Comercial,0.053030303030303,0.9016393442622951,12.5818181818182,0.8136752136752137,0.8854545454545455,De $2 millones a $2 millones 100 mil,2050000
2,Universidades,UNIVERSIDAD FINIS TERRAE,5 años,Administración y Comercio,Ingeniería Comercial,Ingeniería Comercial,0.0018691588785046,0.7509157509157509,11.60629921259846,0.673469387755102,0.8415841584158416,De $1 millón 900 mil a $2 millones,1950000
10,Universidades,UNIVERSIDAD MAYOR,5 años,Administración y Comercio,Ingeniería Comercial,Ingeniería Comercial,0.0202205882352941,0.8286852589641435,12.07142857142859,0.7493472584856397,0.8231132075471698,De $1 millón 700 mil a $1 millón 800 mil,1750000
39,Universidades,UNIVERSIDAD SAN SEBASTIAN,5 años,Administración y Comercio,Ingeniería Comercial,Ingeniería Comercial,0.0572450805008944,0.7757575757575758,12.355191256830576,0.7,0.8069620253164557,De $1 millón 500 mil a $1 millón 600 mil,1550000
13,Universidades,UNIVERSIDAD SANTO TOMAS,4 años,Administración y Comercio,Ingeniería Comercial,Ingeniería Comercial,0.0287610619469026,0.832258064516129,12.770491803278682,0.7133333333333334,0.8022813688212928,De $1 millón 400 mil a $1 millón 500 mil,1450000
88,Universidades,UNIVERSIDAD TECNICA FEDERICO SANTA MARIA,6 años,Administración y Comercio,Ingeniería Comercial,Ingeniería Comercial,0.0217391304347826,0.8319088319088319,12.753472222222223,0.8506787330316742,0.9221902017291066,De $2 millones 100 mil a $2 millones 200 mil,2150000
54,Universidades,UNIVERSIDAD TECNOLOGICA DE CHILE INACAP,No,Administración y Comercio,Ingeniería Comercial,Ingeniería Comercial,0.0131470829909613,s/i,s/i,0.7889855072463768,0.8307405102675793,De $1 millón 500 mil a $1 millón 600 mil,1550000
85,Universidades,UNIVERSIDAD TECNOLOGICA METROPOLITANA,4 años,Administración y Comercio,Ingeniería Comercial,Ingeniería Comercial,0.0030959752321981,0.8333333333333334,11.7,0.7839721254355401,0.8791666666666667,De $1 millón 700 mil a $1 millón 800 mil,1750000
84,Universidades,UNIVERSIDAD DE LOS LAGOS,5 años,Tecnología,Ingeniería en Alimentos,Ingeniería de Ejecución en Alimentos,0.0153846153846153,s/i,s/i,0.5641025641025641,0.6888888888888889,s/i,
71,Universidades,UNIVERSIDAD DE SANTIAGO DE CHILE,7 años,Tecnología,Ingeniería en Alimentos,Ingeniería en Alimentos,0.0654205607476635,s/i,s/i,0.8602150537634409,0.796875,s/i,
75,Universidades,UNIVERSIDAD DEL BIO-BIO,5 años,Tecnología,Ingeniería en Alimentos,Ingeniería en Alimentos,0.05,0.6388888888888888,s/i,0.64,0.7435897435897436,s/i,
20,Universidades,UNIVERSIDAD ANDRES BELLO,6 años,Tecnología,"Ingeniería en Automatización, Instrumentación y Control",Ingeniería en Automatización y Robótica,0.1052631578947368,0.8765432098765432,10.499999999999988,0.7520661157024794,0.8137254901960784,s/i,
88,Universidades,UNIVERSIDAD TECNICA FEDERICO SANTA MARIA,6 años,Tecnología,"Ingeniería en Automatización, Instrumentación y Control",Ingeniería de Ejecución en Control e Instrumentación Industrial,0.0769230769230769,s/i,s/i,0.91,0.92,De $2 millones 100 mil a $2 millones 200 mil,2150000
54,Universidades,UNIVERSIDAD TECNOLOGICA DE CHILE INACAP,No,Tecnología,"Ingeniería en Automatización, Instrumentación y Control",Ingeniería en Automatización y Control Industrial,0.0616621983914209,s/i,14.564356435643573,0.9016990291262136,0.9407069555302168,De $1 millón 800 mil a $1 millón 900 mil,1850000
89,Universidades,PONTIFICIA UNIVERSIDAD CATOLICA DE VALPARAISO,7 años,Tecnología,Ingeniería en Biotecnología y Bioingeniería,Ingeniería en Bioprocesos,0.074074074074074,s/i,s/i,0.7209302325581395,,s/i,
20,Universidades,UNIVERSIDAD ANDRES BELLO,6 años,Tecnología,Ingeniería en Biotecnología y Bioingeniería,Ingeniería en Biotecnología,0.1621621621621621,0.7021276595744681,12.027397260273982,0.5669291338582677,0.6195652173913043,De $1 millón 300 mil a $1 millón 400 mil,1350000
92,Universidades,UNIVERSIDAD CATOLICA DEL MAULE,5 años,Tecnología,Ingeniería en Biotecnología y Bioingeniería,Ingeniería en Biotecnología,0.1632653061224489,0.7843137254901961,13.955555555555602,0.6625,,s/i,
70,Universidades,UNIVERSIDAD DE CHILE,7 años,Tecnología,Ingeniería en Biotecnología y Bioingeniería,Ingeniería en Biotecnología Molecular,0.3451327433628318,0.9347826086956522,14.25,0.6111111111111112,0.6271186440677966,s/i,
87,Universidades,UNIVERSIDAD DE CONCEPCION,7 años,Tecnología,Ingeniería en Biotecnología y Bioingeniería,Bioingeniería e Ingeniería en Biotecnología,0.2112676056338028,0.8241758241758241,15.313432835820882,0.5535714285714286,0.7088607594936709,De $1 millón 100 mil a $1 millón 200 mil,1150000
71,Universidades,UNIVERSIDAD DE SANTIAGO DE CHILE,7 años,Tecnología,Ingeniería en Biotecnología y Bioingeniería,Ingeniería en Biotecnología,0.0816326530612244,s/i,13.3823529411765,0.6904761904761905,0.9047619047619048,s/i,
85,Universidades,UNIVERSIDAD TECNOLOGICA METROPOLITANA,4 años,Tecnología,Ingeniería en Biotecnología y Bioingeniería,Ingeniería en Biotecnología,0.2195121951219512,0.8166666666666667,s/i,0.7121212121212122,0.6190476190476191,s/i,
72,Universidades,UNIVERSIDAD DE VALPARAISO,6 años,Administración y Comercio,Ingeniería en Comercio Exterior,Ingeniería en Negocios Internacionales,0.0124481327800829,0.7888888888888889,13.130000000000026,0.8010471204188482,0.8194444444444444,s/i,
22,Universidades,UNIVERSIDAD DE VIÑA DEL MAR,4 años,Administración y Comercio,Ingeniería en Comercio Exterior,Ingeniería en Gestión de Negocios Internacionales,0.0508474576271186,s/i,s/i,0.5714285714285714,0.6046511627906976,s/i,
85,Universidades,UNIVERSIDAD TECNOLOGICA METROPOLITANA,4 años,Administración y Comercio,Ingeniería en Comercio Exterior,Ingeniería en Comercio Internacional,0.0135135135135135,0.8256880733944955,13.5555555555556,0.8604651162790697,0.9178082191780822,De $1 millón 500 mil a $1 millón 600 mil,1550000
89,Universidades,PONTIFICIA UNIVERSIDAD CATOLICA DE VALPARAISO,7 años,Tecnología,Ingeniería en Computación e Informática,Ingeniería de Ejecución en Informática,0.0217391304347826,0.8017241379310345,10.6,0.7741935483870968,0.9363057324840764,De $2 millones a $2 millones 100 mil,2050000
20,Universidades,UNIVERSIDAD ANDRES BELLO,6 años,Tecnología,Ingeniería en Computación e Informática,Ingeniería en Computación e Informática y de Gestión Informática,0.0391304347826087,0.8187919463087249,10.666666666666675,0.8700787401574803,0.8942731277533039,De $2 millones 400 mil a $2 millones 500 mil,2450000
50,Universidades,UNIVERSIDAD BERNARDO O'HIGGINS,5 años,Tecnología,Ingeniería en Computación e Informática,Ingeniería en Informática,0.0263157894736842,0.8267716535433071,8.918918918918923,0.5873015873015873,0.7592592592592593,s/i,
91,Universidades,UNIVERSIDAD CATOLICA DEL NORTE,6 años,Tecnología,Ingeniería en Computación e Informática,Ingeniería en Computación e Informática,0.0,0.8679245283018868,10.624999999999991,0.8596491228070176,,s/i,
19,Universidades,UNIVERSIDAD DE LAS AMERICAS,5 años,Tecnología,Ingeniería en Computación e Informática,Ingeniería de Ejecución en Informática,0.0373134328358208,0.7676767676767676,10.633333333333299,0.9736842105263158,0.8611111111111112,s/i,
83,Universidades,UNIVERSIDAD DE PLAYA ANCHA DE CIENCIAS DE LA EDUCACION,5 años,Tecnología,Ingeniería en Computación e Informática,Ingeniería en Informática,0.0178571428571428,0.6944444444444444,s/i,0.7954545454545454,,s/i,
71,Universidades,UNIVERSIDAD DE SANTIAGO DE CHILE,7 años,Tecnología,Ingeniería en Computación e Informática,Ingeniería de Ejecución en Computación e Informática,0.0534351145038167,0.8688524590163934,s/i,0.9363636363636364,0.9885057471264368,Desde $2 millones 500 mil a $3 millones,2750000
78,Universidades,UNIVERSIDAD DE TALCA,6 años,Tecnología,Ingeniería en Computación e Informática,Ingeniería en Informática Empresarial,0.0140845070422535,0.7851239669421488,13.566666666666674,0.7380952380952381,0.8217821782178217,De $1 millón 500 mil a $1 millón 600 mil,1550000
75,Universidades,UNIVERSIDAD DEL BIO-BIO,5 años,Tecnología,Ingeniería en Computación e Informática,Ingeniería de Ejecución en Computación e Informática,0.0083333333333333,0.803030303030303,12.2608695652174,0.8315789473684211,0.8823529411764706,De $1 millón 800 mil a $1 millón 900 mil,1850000
3,Universidades,UNIVERSIDAD DIEGO PORTALES,6 años,Tecnología,Ingeniería en Computación e Informática,Ingeniería en Informática y Gestión,0.0138888888888888,0.8275862068965517,s/i,0.9,,s/i,
88,Universidades,UNIVERSIDAD TECNICA FEDERICO SANTA MARIA,6 años,Tecnología,Ingeniería en Computación e Informática,"Ingeniería en Informática, en Sistemas Computacionales y Software",0.0123456790123456,0.725925925925926,10.96551724137931,0.9411764705882352,0.9636363636363636,De $2 millones 400 mil a $2 millones 500 mil,2450000
54,Universidades,UNIVERSIDAD TECNOLOGICA DE CHILE INACAP,No,Tecnología,Ingeniería en Computación e Informática,Ingeniería en Informática,0.0146520146520146,s/i,13.121428571428583,0.7748756218905473,0.8491107286288009,De $1 millón 700 mil a $1 millón 800 mil,1750000
85,Universidades,UNIVERSIDAD TECNOLOGICA METROPOLITANA,4 años,Tecnología,Ingeniería en Computación e Informática,Ingeniería en Informática,0.0,0.9013157894736842,12.925,0.8714285714285714,0.9651162790697676,De $2 millones 200 mil a $2 millones 300 mil,2250000
54,Universidades,UNIVERSIDAD TECNOLOGICA DE CHILE INACAP,No,Tecnología,Ingeniería en Conectividad y Redes,Ingeniería en Ciberseguridad,0.0,s/i,s/i,0.7419354838709677,,s/i,
89,Universidades,PONTIFICIA UNIVERSIDAD CATOLICA DE VALPARAISO,7 años,Tecnología,Ingeniería en Construcción,Ingeniería en Construcción,0.0773480662983425,0.7058823529411765,14.040816326530598,0.8055555555555556,0.8582677165354331,De $1 millón 600 mil a $1 millón 700 mil,1650000
20,Universidades,UNIVERSIDAD ANDRES BELLO,6 años,Tecnología,Ingeniería en Construcción,Ingeniería en Construcción,0.021505376344086,0.7714285714285715,12.2857142857143,0.6831683168316832,0.8045977011494253,De $1 millón 600 mil a $1 millón 700 mil,1650000
90,Universidades,UNIVERSIDAD AUSTRAL DE CHILE,6 años,Tecnología,Ingeniería en Construcción,Ingeniería en Construcción,0.0,0.7317073170731707,15.534883720930202,0.7288135593220338,0.8727272727272727,De $1 millón 500 mil a $1 millón 600 mil,1550000
31,Universidades,UNIVERSIDAD AUTONOMA DE CHILE,5 años,Tecnología,Ingeniería en Construcción,Ingeniería en Construcción,0.0222222222222222,0.8389261744966443,14.509433962264172,0.7152777777777778,0.75,De $1 millón 300 mil a $1 millón 400 mil,1350000
92,Universidades,UNIVERSIDAD CATOLICA DEL MAULE,5 años,Tecnología,Ingeniería en Construcción,Ingeniería en Construcción,0.0082304526748971,0.8,12.9583333333333,0.7853658536585366,0.845679012345679,De $1 millón 500 mil a $1 millón 600 mil,1550000
91,Universidades,UNIVERSIDAD CATOLICA DEL NORTE,6 años,Tecnología,Ingeniería en Construcción,Ingeniería en Construcción,0.016,s/i,12.181818181818201,0.9074074074074074,0.9111111111111112,De $1 millón 800 mil a $1 millón 900 mil,1850000
4,Universidades,UNIVERSIDAD CENTRAL DE CHILE,5 años,Tecnología,Ingeniería en Construcción,Ingeniería en Construcción,0.0547945205479452,s/i,s/i,0.7857142857142857,0.8653846153846154,De $1 millón 500 mil a $1 millón 600 mil,1550000
76,Universidades,UNIVERSIDAD DE LA FRONTERA,5 años,Tecnología,Ingeniería en Construcción,Ingeniería en Construcción,0.031578947368421,0.7931034482758621,12.0625,0.7125,0.875,De $1 millón 300 mil a $1 millón 400 mil,1350000
74,Universidades,UNIVERSIDAD DE LA SERENA,5 años,Tecnología,Ingeniería en Construcción,Ingeniería en Construcción,0.01,0.8888888888888888,15.4512195121951,0.8076923076923077,,s/i,
72,Universidades,UNIVERSIDAD DE VALPARAISO,6 años,Tecnología,Ingeniería en Construcción,Ingeniería en Construcción,0.0253623188405797,0.8148148148148148,15.673076923076902,0.7598039215686274,0.8817204301075269,De $1 millón 600 mil a $1 millón 700 mil,1650000
75,Universidades,UNIVERSIDAD DEL BIO-BIO,5 años,Tecnología,Ingeniería en Construcción,Ingeniería en Construcción,0.0159574468085106,0.8846153846153846,16.09859154929573,0.838150289017341,0.8493150684931506,De $1 millón 600 mil a $1 millón 700 mil,1650000
10,Universidades,UNIVERSIDAD MAYOR,5 años,Tecnología,Ingeniería en Construcción,Ingeniería en Construcción,0.0344827586206896,0.8888888888888888,16.142857142857142,0.6222222222222222,,s/i,
88,Universidades,UNIVERSIDAD TECNICA FEDERICO SANTA MARIA,6 años,Tecnología,Ingeniería en Construcción,Ingeniería en Construcción,0.0072727272727272,s/i,s/i,0.7967032967032966,0.8018433179723502,De $1 millón 500 mil a $1 millón 600 mil,1550000
54,Universidades,UNIVERSIDAD TECNOLOGICA DE CHILE INACAP,No,Tecnología,Ingeniería en Construcción,Ingeniería en Construcción,0.0120300751879699,s/i,13.451219512195125,0.7106986899563319,0.777319587628866,De $1 millón 300 mil a $1 millón 400 mil,1350000
85,Universidades,UNIVERSIDAD TECNOLOGICA METROPOLITANA,4 años,Tecnología,Ingeniería en Construcción,Ingeniería en Construcción,0.0231213872832369,0.8918918918918919,12.7183098591549,0.7671232876712328,0.8043478260869565,De $1 millón 400 mil a $1 millón 500 mil,1450000
20,Universidades,UNIVERSIDAD ANDRES BELLO,6 años,Administración y Comercio,Ingeniería en Control de Gestión,Ingeniería en Información y Control de Gestión,0.0292682926829268,s/i,s/i,1.0,,s/i,
81,Universidades,UNIVERSIDAD ARTURO PRAT,5 años,Administración y Comercio,Ingeniería en Control de Gestión,Ingeniería de Ejecución en Control de Gestión,0.0414937759336099,0.7941176470588235,s/i,0.8164556962025317,0.8787878787878788,De $1 millón 600 mil a $1 millón 700 mil,1650000
90,Universidades,UNIVERSIDAD AUSTRAL DE CHILE,6 años,Administración y Comercio,Ingeniería en Control de Gestión,Ingeniería en Información y Control de Gestión,0.0,0.9024390243902439,s/i,0.8653846153846154,0.935483870967742,s/i,
91,Universidades,UNIVERSIDAD CATOLICA DEL NORTE,6 años,Administración y Comercio,Ingeniería en Control de Gestión,Ingeniería en Información y Control de Gestión,0.0244755244755244,0.8412698412698413,11.190476190476199,0.7862903225806451,0.8373205741626795,De $1 millón 600 mil a $1 millón 700 mil,1650000
70,Universidades,UNIVERSIDAD DE CHILE,7 años,Administración y Comercio,Ingeniería en Control de Gestión,Ingeniería en Información y Control de Gestión,0.0114942528735632,0.8883248730964467,12.1052631578947,0.970873786407767,0.952755905511811,De $2 millones 400 mil a $2 millones 500 mil,2450000
80,Universidades,UNIVERSIDAD DE TARAPACA,6 años,Administración y Comercio,Ingeniería en Control de Gestión,Ingeniería en Información y Control de Gestión,0.0303030303030303,0.8235294117647058,s/i,0.6458333333333334,0.6862745098039216,s/i,
3,Universidades,UNIVERSIDAD DIEGO PORTALES,6 años,Administración y Comercio,Ingeniería en Control de Gestión,Ingeniería en Control de Gestión,0.0265486725663716,0.7685185185185185,11.9230769230769,0.8840579710144928,0.9461883408071748,De $1 millón 800 mil a $1 millón 900 mil,1850000
2,Universidades,UNIVERSIDAD FINIS TERRAE,5 años,Administración y Comercio,Ingeniería en Control de Gestión,Ingeniería en Información y Control de Gestión,0.0,0.8103448275862069,10,0.7538461538461538,0.9,s/i,
13,Universidades,UNIVERSIDAD SANTO TOMAS,4 años,Administración y Comercio,Ingeniería en Control de Gestión,Ingeniería en Control de Gestión,0.0875,0.7666666666666667,s/i,0.9375,0.8780487804878049,s/i,
89,Universidades,PONTIFICIA UNIVERSIDAD CATOLICA DE VALPARAISO,7 años,Tecnología,Ingeniería en Electricidad,Ingeniería Eléctrica,0.0555555555555555,0.6545454545454545,s/i,0.92,0.918918918918919,De $2 millones 100 mil a $2 millones 200 mil,2150000
71,Universidades,UNIVERSIDAD DE SANTIAGO DE CHILE,7 años,Tecnología,Ingeniería en Electricidad,Ingeniería de Ejecución en Electricidad,0.0716112531969309,0.59375,12.7833333333333,0.9233870967741936,0.9602272727272728,De $2 millones 100 mil a $2 millones 200 mil,2150000
75,Universidades,UNIVERSIDAD DEL BIO-BIO,5 años,Tecnología,Ingeniería en Electricidad,Ingeniería de Ejecución en Electricidad,0.0777777777777777,0.8636363636363636,12.186046511627898,0.8671875,0.9316239316239316,De $1 millón 900 mil a $2 millones,1950000
54,Universidades,UNIVERSIDAD TECNOLOGICA DE CHILE INACAP,No,Tecnología,Ingeniería en Electricidad,Ingeniería en Electricidad,0.0276497695852534,s/i,14.45833333333334,0.7969613259668509,0.8708860759493671,De $1 millón 600 mil a $1 millón 700 mil,1650000
75,Universidades,UNIVERSIDAD DEL BIO-BIO,5 años,Tecnología,Ingeniería en Electrónica,Ingeniería de Ejecución en Electrónica,0.1447368421052631,s/i,s/i,0.6333333333333333,0.8070175438596491,De $1 millón 600 mil a $1 millón 700 mil,1650000
54,Universidades,UNIVERSIDAD TECNOLOGICA DE CHILE INACAP,No,Tecnología,Ingeniería en Electrónica,Ingeniería Electrónica,0.0336538461538461,s/i,s/i,0.8993288590604027,0.88,De $1 millón 400 mil a $1 millón 500 mil,1450000
39,Universidades,UNIVERSIDAD SAN SEBASTIAN,5 años,Tecnología,Ingeniería en Energía,Ingeniería en Energía y Sustentabilidad Ambiental,0.081081081081081,s/i,12.210526315789503,0.7068965517241379,,s/i,
87,Universidades,UNIVERSIDAD DE CONCEPCION,7 años,Ciencias Básicas,Ingeniería en Geomensura y Cartografía,Ingeniería Geomática,0.0,s/i,s/i,0.8461538461538461,0.8717948717948718,s/i,
71,Universidades,UNIVERSIDAD DE SANTIAGO DE CHILE,7 años,Ciencias Básicas,Ingeniería en Geomensura y Cartografía,Ingeniería de Ejecución en Geomensura,0.0298507462686567,s/i,s/i,0.9615384615384616,0.9245283018867924,s/i,
85,Universidades,UNIVERSIDAD TECNOLOGICA METROPOLITANA,4 años,Ciencias Básicas,Ingeniería en Geomensura y Cartografía,"Ingeniería en Geomensura, Cartografía y Geomática",0.0786516853932584,s/i,15.56,0.8441558441558441,0.88,De $1 millón 700 mil a $1 millón 800 mil,1750000
81,Universidades,UNIVERSIDAD ARTURO PRAT,5 años,Administración y Comercio,Ingeniería en Logística,Ingeniería en Administración Logística,0.0465116279069767,s/i,s/i,0.9672131147540984,0.921875,De $1 millón 600 mil a $1 millón 700 mil,1650000
71,Universidades,UNIVERSIDAD DE SANTIAGO DE CHILE,7 años,Ciencias Básicas,Ingeniería en Matemática y Estadística,Ingeniería en Estadística e Ingeniería en Matemática,0.0746268656716417,0.8082191780821918,14.852941176470598,0.8928571428571429,0.9423076923076924,Desde $2 millones 500 mil a $3 millones,2750000
20,Universidades,UNIVERSIDAD ANDRES BELLO,6 años,Tecnología,Ingeniería en Medio Ambiente,Ingeniería Ambiental,0.0404040404040404,s/i,12.875,0.6794871794871795,0.8588235294117647,De $1 millón 400 mil a $1 millón 500 mil,1450000
87,Universidades,UNIVERSIDAD DE CONCEPCION,7 años,Tecnología,Ingeniería en Medio Ambiente,Ingeniería Ambiental,0.1097560975609756,0.7361111111111112,14.607142857142895,0.7142857142857143,0.823076923076923,De $1 millón 500 mil a $1 millón 600 mil,1550000
71,Universidades,UNIVERSIDAD DE SANTIAGO DE CHILE,7 años,Tecnología,Ingeniería en Medio Ambiente,Ingeniería Ambiental,0.0,s/i,14.5757575757576,0.8227848101265823,0.8571428571428571,De $1 millón 500 mil a $1 millón 600 mil,1550000
72,Universidades,UNIVERSIDAD DE VALPARAISO,6 años,Tecnología,Ingeniería en Medio Ambiente,Ingeniería Ambiental,0.0131578947368421,0.5555555555555556,s/i,0.746031746031746,0.9767441860465116,s/i,
71,Universidades,UNIVERSIDAD DE SANTIAGO DE CHILE,7 años,Tecnología,Ingeniería en Metalurgia,Ingeniería de Ejecución en Metalurgia,0.1294117647058823,0.41379310344827586,s/i,0.7222222222222222,0.8823529411764706,De $1 millón 800 mil a $1 millón 900 mil,1850000
46,Universidades,UNIVERSIDAD DE ACONCAGUA,No,Tecnología,Ingeniería en Minas,Ingeniería en Minas,0.1626016260162601,s/i,s/i,0.8095238095238095,0.7777777777777778,Desde $2 millones 500 mil a $3 millones,2750000
79,Universidades,UNIVERSIDAD DE ATACAMA,4 años,Tecnología,Ingeniería en Minas,Ingeniería de Ejecución en Minas,0.1317829457364341,s/i,10.823529411764724,0.8026315789473685,,s/i,
74,Universidades,UNIVERSIDAD DE LA SERENA,5 años,Tecnología,Ingeniería en Minas,Ingeniería de Ejecución en Minas,0.1428571428571428,0.7301587301587301,13.812499999999984,0.8,0.8113207547169812,De $2 millones a $2 millones 100 mil,2050000
19,Universidades,UNIVERSIDAD DE LAS AMERICAS,5 años,Tecnología,Ingeniería en Minas,Ingeniería en Minas,0.0547945205479452,s/i,12.033333333333333,0.7,0.6774193548387096,De $1 millón 700 mil a $1 millón 800 mil,1750000
71,Universidades,UNIVERSIDAD DE SANTIAGO DE CHILE,7 años,Tecnología,Ingeniería en Minas,Ingeniería de Ejecución en Minas,0.1470588235294117,0.43859649122807015,14.2432432432432,0.7383177570093458,0.8494623655913979,De $2 millones 300 mil a $2 millones 400 mil,2350000
81,Universidades,UNIVERSIDAD ARTURO PRAT,5 años,Tecnología,Ingeniería en Prevención de Riesgos,Ingeniería de Ejecución en Prevención de Riesgos,0.0431519699812382,s/i,s/i,0.825,0.9090909090909092,De $1 millón 500 mil a $1 millón 600 mil,1550000
91,Universidades,UNIVERSIDAD CATOLICA DEL NORTE,6 años,Tecnología,Ingeniería en Prevención de Riesgos,Ingeniería en Prevención de Riesgos y Medio Ambiente,0.0818181818181818,0.8214285714285714,12.518518518518535,0.6979166666666666,0.8061224489795918,De $1 millón 400 mil a $1 millón 500 mil,1450000
10,Universidades,UNIVERSIDAD MAYOR,5 años,Tecnología,Ingeniería en Prevención de Riesgos,Ingeniería en Prevención de Riesgo,0.0374331550802139,s/i,s/i,0.975609756097561,,s/i,
88,Universidades,UNIVERSIDAD TECNICA FEDERICO SANTA MARIA,6 años,Tecnología,Ingeniería en Prevención de Riesgos,Ingeniería en Prevención de Riesgos Laborales y Ambientales,0.0404624277456647,0.7272727272727273,s/i,0.7890625,0.8066298342541437,De $1 millón 300 mil a $1 millón 400 mil,1350000
71,Universidades,UNIVERSIDAD DE SANTIAGO DE CHILE,7 años,Tecnología,Ingeniería en Química,Ingeniería de Ejecución en Química,0.1219512195121951,s/i,13.7586206896552,0.8041237113402062,0.9,De $1 millón 500 mil a $1 millón 600 mil,1550000
85,Universidades,UNIVERSIDAD TECNOLOGICA METROPOLITANA,4 años,Tecnología,Ingeniería en Química,Ingeniería en Química,0.0578034682080924,0.64,s/i,0.8503401360544217,0.94,De $1 millón 600 mil a $1 millón 700 mil,1650000
71,Universidades,UNIVERSIDAD DE SANTIAGO DE CHILE,7 años,Administración y Comercio,Ingeniería en Recursos Humanos,Tecnnología en Administración de Personal,0.2475247524752475,0.6666666666666666,s/i,0.6829268292682927,0.7252747252747253,De $1 millón 200 mil a $1 millón 300 mil,1250000
90,Universidades,UNIVERSIDAD AUSTRAL DE CHILE,6 años,Tecnología,Ingeniería en Recursos Renovables,Ingeniería en Conservación de Recursos Naturales,0.0636363636363636,0.7435897435897436,13.349999999999998,0.5913978494623656,0.7529411764705882,De $1 millón 200 mil a $1 millón 300 mil,1250000
70,Universidades,UNIVERSIDAD DE CHILE,7 años,Tecnología,Ingeniería en Recursos Renovables,Ingeniería en Recursos Naturales Renovables,0.0074626865671641,0.935064935064935,16.9464285714286,0.8879310344827587,0.9183673469387756,De $1 millón 700 mil a $1 millón 800 mil,1750000
87,Universidades,UNIVERSIDAD DE CONCEPCION,7 años,Tecnología,Ingeniería en Recursos Renovables,Ingeniería en Conservación de Recursos Naturales,0.0909090909090909,0.8666666666666667,14.0862068965517,0.6153846153846154,0.75,s/i,
76,Universidades,UNIVERSIDAD DE LA FRONTERA,5 años,Tecnología,Ingeniería en Recursos Renovables,Ingeniería en Recursos Naturales,0.2222222222222222,0.8055555555555556,s/i,0.5897435897435898,0.696969696969697,s/i,
89,Universidades,PONTIFICIA UNIVERSIDAD CATOLICA DE VALPARAISO,7 años,Tecnología,Ingeniería en Transporte y Tránsito,Ingeniería en Transporte y Tránsito,0.0535714285714285,s/i,s/i,0.8775510204081632,,s/i,
86,Universidades,PONTIFICIA UNIVERSIDAD CATOLICA DE CHILE,7 años,Agropecuaria,Ingeniería Forestal,Ingeniería Forestal,0.0116279069767441,s/i,12.4166666666667,0.7435897435897436,0.796875,s/i,
70,Universidades,UNIVERSIDAD DE CHILE,7 años,Agropecuaria,Ingeniería Forestal,Ingeniería Forestal,0.0363636363636363,0.7272727272727273,13.2115384615385,0.9014084507042254,0.9256198347107438,De $1 millón 600 mil a $1 millón 700 mil,1650000
20,Universidades,UNIVERSIDAD ANDRES BELLO,6 años,Tecnología,Ingeniería Industrial,Ingeniería Industrial,0.127565982404692,0.6222222222222222,10.58620689655175,0.8824884792626728,0.8955223880597015,De $1 millón 900 mil a $2 millones,1950000
81,Universidades,UNIVERSIDAD ARTURO PRAT,5 años,Tecnología,Ingeniería Industrial,Ingeniería de Ejecución Industrial,0.2028985507246377,s/i,s/i,0.9111111111111112,,s/i,
93,Universidades,UNIVERSIDAD CATOLICA DE LA SANTISIMA CONCEPCION,5 años,Tecnología,Ingeniería Industrial,Ingeniería de Ejecución Industrial,0.0503432494279176,s/i,s/i,0.7435897435897436,0.7734375,De $1 millón 300 mil a $1 millón 400 mil,1350000
19,Universidades,UNIVERSIDAD DE LAS AMERICAS,5 años,Tecnología,Ingeniería Industrial,Ingeniería de Ejecución Industrial,0.1302521008403361,0.42105263157894735,s/i,0.8936170212765957,,s/i,
71,Universidades,UNIVERSIDAD DE SANTIAGO DE CHILE,7 años,Tecnología,Ingeniería Industrial,Ingeniería de Ejecución Industrial,0.1232394366197183,0.6666666666666666,11.5340909090909,0.8652173913043478,0.8882978723404256,De $1 millón 800 mil a $1 millón 900 mil,1850000
3,Universidades,UNIVERSIDAD DIEGO PORTALES,6 años,Tecnología,Ingeniería Industrial,Ingeniería en Industria y Logística,0.0555555555555555,s/i,s/i,0.8888888888888888,0.8571428571428571,s/i,
39,Universidades,UNIVERSIDAD SAN SEBASTIAN,5 años,Tecnología,Ingeniería Industrial,Ingeniería Industrial,0.1428571428571428,s/i,s/i,0.8761061946902655,0.8943089430894309,De $1 millón 900 mil a $2 millones,1950000
88,Universidades,UNIVERSIDAD TECNICA FEDERICO SANTA MARIA,6 años,Tecnología,Ingeniería Industrial,"Ingeniería de Ejecución en Gestión Industrial, en Mantenimiento Industrial, y en Fabricación y Diseño Industrial",0.0490430622009569,0.8243243243243243,11.266666666666655,0.8557457212713936,0.8852459016393442,De $1 millón 800 mil a $1 millón 900 mil,1850000
54,Universidades,UNIVERSIDAD TECNOLOGICA DE CHILE INACAP,No,Tecnología,Ingeniería Industrial,Ingeniería Industrial,0.0390946502057613,s/i,12.689655172413797,0.7640287769784173,0.8264094955489614,De $1 millón 400 mil a $1 millón 500 mil,1450000
85,Universidades,UNIVERSIDAD TECNOLOGICA METROPOLITANA,4 años,Tecnología,Ingeniería Industrial,Ingeniería Industrial,0.1184210526315789,s/i,s/i,0.8163265306122449,0.8507462686567164,De $1 millón 700 mil a $1 millón 800 mil,1750000
20,Universidades,UNIVERSIDAD ANDRES BELLO,6 años,Tecnología,Ingeniería Marina y Marítimo Portuaria,Ingeniero en Marina Mercante y Transporte Marítimo,0.0088495575221238,0.8660714285714286,12.448717948717949,0.782608695652174,0.9010989010989012,De $2 millones 400 mil a $2 millones 500 mil,2450000
89,Universidades,PONTIFICIA UNIVERSIDAD CATOLICA DE VALPARAISO,7 años,Tecnología,Ingeniería Mecánica,Ingeniería Mecánica,0.2134831460674157,0.6944444444444444,15.352941176470598,0.8153846153846154,0.8727272727272727,s/i,
74,Universidades,UNIVERSIDAD DE LA SERENA,5 años,Tecnología,Ingeniería Mecánica,Ingeniería Mecánica y de Ejecución Mecánica,0.0978260869565217,0.6153846153846154,14.54237288135595,0.8166666666666667,,s/i,
71,Universidades,UNIVERSIDAD DE SANTIAGO DE CHILE,7 años,Tecnología,Ingeniería Mecánica,Ingeniería de Ejecución en Mecánica,0.1497975708502024,0.5227272727272727,12.9655172413793,0.8256410256410256,0.8952380952380953,De $1 millón 800 mil a $1 millón 900 mil,1850000
75,Universidades,UNIVERSIDAD DEL BIO-BIO,5 años,Tecnología,Ingeniería Mecánica,Ingeniería de Ejecución en Mecánica,0.1780821917808219,s/i,13.940000000000031,0.7378640776699029,0.7525773195876289,De $1 millón 600 mil a $1 millón 700 mil,1650000
88,Universidades,UNIVERSIDAD TECNICA FEDERICO SANTA MARIA,6 años,Tecnología,Ingeniería Mecánica,Ingeniería de Ejecución Mecánica de Procesos y Mantenimiento Industrial e Ingeniería Mecánica Industrial,0.0685483870967741,s/i,18.235294117647044,0.824468085106383,0.8640350877192983,De $1 millón 700 mil a $1 millón 800 mil,1750000
90,Universidades,UNIVERSIDAD AUSTRAL DE CHILE,6 años,Tecnología,Ingeniería Naval,Ingeniería Naval,0.0625,0.8297872340425532,s/i,0.875,,s/i,
86,Universidades,PONTIFICIA UNIVERSIDAD CATOLICA DE CHILE,7 años,Salud,Kinesiología,Kinesiología,0.0305676855895196,0.93,11.1449275362319,0.7242990654205608,0.8771929824561403,De $1 millón 500 mil a $1 millón 600 mil,1550000
89,Universidades,PONTIFICIA UNIVERSIDAD CATOLICA DE VALPARAISO,7 años,Salud,Kinesiología,Kinesiología,0.0,0.91,13.08,0.5126582278481012,0.8024691358024691,De $1 millón 300 mil a $1 millón 400 mil,1350000
20,Universidades,UNIVERSIDAD ANDRES BELLO,6 años,Salud,Kinesiología,Kinesiología,0.0184119677790563,0.8706293706293706,11.016460905349776,0.4748677248677249,0.6672760511882998,De $1 millón 400 mil a $1 millón 500 mil,1450000
81,Universidades,UNIVERSIDAD ARTURO PRAT,5 años,Salud,Kinesiología,Kinesiología,0.0,0.7738095238095238,12.528301886792496,0.4207317073170731,0.5149253731343284,De $1 millón 200 mil a $1 millón 300 mil,1250000
90,Universidades,UNIVERSIDAD AUSTRAL DE CHILE,6 años,Salud,Kinesiología,Kinesiología,0.0134228187919463,0.8115942028985508,12,0.5080645161290323,0.6785714285714286,De $1 millón 400 mil a $1 millón 500 mil,1450000
31,Universidades,UNIVERSIDAD AUTONOMA DE CHILE,5 años,Salud,Kinesiología,Kinesiología,0.0149625935162094,0.9041095890410958,12.403846153846185,0.4544138929088278,0.6429942418426103,De $1 millón 200 mil a $1 millón 300 mil,1250000
50,Universidades,UNIVERSIDAD BERNARDO O'HIGGINS,5 años,Salud,Kinesiología,Kinesiología,0.0120481927710843,0.9327731092436975,12.0769230769231,0.4174757281553398,0.6126126126126126,De $1 millón 100 mil a $1 millón 200 mil,1150000
42,Universidades,UNIVERSIDAD CATOLICA CARDENAL RAUL SILVA HENRIQUEZ,4 años,Salud,Kinesiología,Kinesiología,0.0044444444444444,0.89,12.0327868852459,0.4540540540540541,0.6875,De $1 millón 200 mil a $1 millón 300 mil,1250000
93,Universidades,UNIVERSIDAD CATOLICA DE LA SANTISIMA CONCEPCION,5 años,Salud,Kinesiología,Kinesiología,0.0331950207468879,0.9333333333333333,11.8690476190476,0.3937823834196891,0.6,De $1 millón 200 mil a $1 millón 300 mil,1250000
94,Universidades,UNIVERSIDAD CATOLICA DE TEMUCO,5 años,Salud,Kinesiología,Kinesiología,0.0058823529411764,0.8983050847457628,12.203703703703702,0.475177304964539,0.696969696969697,s/i,
92,Universidades,UNIVERSIDAD CATOLICA DEL MAULE,5 años,Salud,Kinesiología,Kinesiología,0.0129310344827586,0.9340659340659341,10.4415584415584,0.5951219512195122,0.75,De $1 millón 300 mil a $1 millón 400 mil,1350000
91,Universidades,UNIVERSIDAD CATOLICA DEL NORTE,6 años,Salud,Kinesiología,Kinesiología,0.017094017094017,0.926829268292683,11.2,0.55,0.6666666666666666,s/i,
46,Universidades,UNIVERSIDAD DE ACONCAGUA,No,Salud,Kinesiología,Kinesiología,0.0219780219780219,0.6744186046511628,12.999999999999993,0.4915254237288136,,s/i,
73,Universidades,UNIVERSIDAD DE ANTOFAGASTA,5 años,Salud,Kinesiología,Kinesiología,0.0142857142857142,0.9433962264150944,s/i,0.6666666666666666,0.8198198198198198,De $1 millón 600 mil a $1 millón 700 mil,1650000
79,Universidades,UNIVERSIDAD DE ATACAMA,4 años,Salud,Kinesiología,Kinesiología,0.0,0.8055555555555556,s/i,0.6545454545454545,,s/i,
70,Universidades,UNIVERSIDAD DE CHILE,7 años,Salud,Kinesiología,Kinesiología,0.0063694267515923,0.890625,12.5090909090909,0.7196969696969697,0.8979591836734694,De $1 millón 600 mil a $1 millón 700 mil,1650000
87,Universidades,UNIVERSIDAD DE CONCEPCION,7 años,Salud,Kinesiología,Kinesiología,0.0202020202020202,0.8987341772151899,11.1860465116279,0.5642458100558659,0.6518518518518519,De $1 millón 300 mil a $1 millón 400 mil,1350000
76,Universidades,UNIVERSIDAD DE LA FRONTERA,5 años,Salud,Kinesiología,Kinesiología,0.0408163265306122,0.8947368421052632,12.1891891891892,0.6044776119402985,0.7545454545454545,s/i,
74,Universidades,UNIVERSIDAD DE LA SERENA,5 años,Salud,Kinesiología,Kinesiología,0.0,0.8928571428571429,13.3636363636364,0.5487804878048781,0.7076923076923077,s/i,
19,Universidades,UNIVERSIDAD DE LAS AMERICAS,5 años,Salud,Kinesiología,Kinesiología,0.0017605633802816,0.8852459016393442,12.277108433734954,0.4540942928039702,0.5527950310559007,De $1 millón 200 mil a $1 millón 300 mil,1250000
34,Universidades,UNIVERSIDAD DE LOS ANDES,6 años,Salud,Kinesiología,Kinesiología,0.0271739130434782,0.9701492537313433,11.8260869565217,0.6390532544378699,0.7837837837837838,De $1 millón 500 mil a $1 millón 600 mil,1550000
84,Universidades,UNIVERSIDAD DE LOS LAGOS,5 años,Salud,Kinesiología,Kinesiología,0.0,0.927007299270073,13.166666666666691,0.4370860927152318,0.6171875,De $1 millón 300 mil a $1 millón 400 mil,1350000
77,Universidades,UNIVERSIDAD DE MAGALLANES,5 años,Salud,Kinesiología,Kinesiología,0.0,0.9574468085106383,s/i,0.5730337078651685,0.8275862068965517,s/i,
83,Universidades,UNIVERSIDAD DE PLAYA ANCHA DE CIENCIAS DE LA EDUCACION,5 años,Salud,Kinesiología,Kinesiología,0.0161290322580645,0.7966101694915254,12.9090909090909,0.5246913580246914,0.6711409395973155,De $1 millón 200 mil a $1 millón 300 mil,1250000
71,Universidades,UNIVERSIDAD DE SANTIAGO DE CHILE,7 años,Salud,Kinesiología,Kinesiología,0.0,0.8775510204081632,11.5833333333333,0.6470588235294118,,s/i,
78,Universidades,UNIVERSIDAD DE TALCA,6 años,Salud,Kinesiología,Kinesiología,0.0111111111111111,0.9333333333333333,11.8333333333333,0.4967320261437908,0.7297297297297297,De $1 millón 400 mil a $1 millón 500 mil,1450000
80,Universidades,UNIVERSIDAD DE TARAPACA,6 años,Salud,Kinesiología,Kinesiología y Rehabilitación,0.0161290322580645,0.8404255319148937,12.500000000000007,0.4765100671140939,0.6549295774647887,De $1 millón 300 mil a $1 millón 400 mil,1350000
72,Universidades,UNIVERSIDAD DE VALPARAISO,6 años,Salud,Kinesiología,Kinesiología,0.006578947368421,0.7951807228915663,12.6862745098039,0.5107913669064749,0.7560975609756098,De $1 millón 400 mil a $1 millón 500 mil,1450000
22,Universidades,UNIVERSIDAD DE VIÑA DEL MAR,4 años,Salud,Kinesiología,Kinesiología,0.0112994350282485,0.7402597402597403,s/i,0.4426229508196721,0.6078431372549019,De $1 millón 300 mil a $1 millón 400 mil,1350000
9,Universidades,UNIVERSIDAD DEL ALBA,3 años,Salud,Kinesiología,Kinesiología,0.0496894409937888,0.7050691244239631,12.53623188405797,0.4272727272727272,0.6086956521739131,De $1 millón 300 mil a $1 millón 400 mil,1350000
45,Universidades,UNIVERSIDAD DEL DESARROLLO,6 años,Salud,Kinesiología,Kinesiología,0.0145454545454545,0.8472222222222222,11.876923076923056,0.4758064516129032,0.696969696969697,De $1 millón 400 mil a $1 millón 500 mil,1450000
3,Universidades,UNIVERSIDAD DIEGO PORTALES,6 años,Salud,Kinesiología,Kinesiología,0.0150753768844221,0.9263157894736842,11.4415584415584,0.5409836065573771,0.7189542483660131,s/i,
2,Universidades,UNIVERSIDAD FINIS TERRAE,5 años,Salud,Kinesiología,Kinesiología,0.029585798816568,0.9135802469135802,13.45,0.6038961038961039,0.6574074074074074,De $1 millón 600 mil a $1 millón 700 mil,1650000
10,Universidades,UNIVERSIDAD MAYOR,5 años,Salud,Kinesiología,Kinesiología,0.003610108303249,0.9390243902439024,11.952380952380937,0.5866141732283464,0.7431192660550459,De $1 millón 400 mil a $1 millón 500 mil,1450000
82,Universidades,UNIVERSIDAD METROPOLITANA DE CIENCIAS DE LA EDUCACION,4 años,Salud,Kinesiología,Kinesiología,0.0549450549450549,0.8958333333333334,s/i,0.6075949367088608,0.7777777777777778,De $1 millón 400 mil a $1 millón 500 mil,1450000
39,Universidades,UNIVERSIDAD SAN SEBASTIAN,5 años,Salud,Kinesiología,Kinesiología,0.0168918918918918,0.8215859030837004,12.120000000000012,0.5355086372360844,0.6570605187319885,De $1 millón 300 mil a $1 millón 400 mil,1350000
13,Universidades,UNIVERSIDAD SANTO TOMAS,4 años,Salud,Kinesiología,Kinesiología,0.0105008077544426,0.8977272727272727,12.290419161676658,0.510365251727542,0.6601815823605707,De $1 millón 300 mil a $1 millón 400 mil,1350000
54,Universidades,UNIVERSIDAD TECNOLOGICA DE CHILE INACAP,No,Salud,Kinesiología,Kinesiología,0.018348623853211,s/i,17.02,0.5694444444444444,0.6,De $1 millón 300 mil a $1 millón 400 mil,1350000
86,Universidades,PONTIFICIA UNIVERSIDAD CATOLICA DE CHILE,7 años,Humanidades,Licenciatura en Letras y Literatura,"Letras Hispánicas, Letras Inglesas y Licenciatura en Letras",0.4791666666666667,0.9038461538461539,8.666666666666666,0.247191011235955,0.5603864734299517,De $1 millón a $1 millón 100 mil,1050000
89,Universidades,PONTIFICIA UNIVERSIDAD CATOLICA DE VALPARAISO,7 años,Humanidades,Licenciatura en Letras y Literatura,Licenciatura en Lingüística y Literatura,0.4326923076923077,s/i,s/i,0.4947368421052631,0.7213114754098361,s/i,
20,Universidades,UNIVERSIDAD ANDRES BELLO,6 años,Humanidades,Licenciatura en Letras y Literatura,Licenciatura en Letras mención Literatura,0.2884615384615384,s/i,s/i,0.2647058823529412,,s/i,
70,Universidades,UNIVERSIDAD DE CHILE,7 años,Humanidades,Licenciatura en Letras y Literatura,"Licenciatura en Lingüística y Literatura, y Literatura Inglesa",0.4519906323185012,0.7989130434782609,9.612244897959187,0.3036303630363036,0.5732647814910026,De $1 millón a $1 millón 100 mil,1050000
71,Universidades,UNIVERSIDAD DE SANTIAGO DE CHILE,7 años,Humanidades,Licenciatura en Letras y Literatura,Licenciatura en Lingúistica aplicada a la Traducción,0.053763440860215,0.9019607843137255,12.1764705882353,0.5416666666666666,0.7678571428571429,De $1 millón a $1 millón 100 mil,1050000
3,Universidades,UNIVERSIDAD DIEGO PORTALES,6 años,Humanidades,Licenciatura en Letras y Literatura,Literatura Creativa,0.396039603960396,0.8955223880597015,10.1475409836066,0.2948717948717949,0.5238095238095238,s/i,
86,Universidades,PONTIFICIA UNIVERSIDAD CATOLICA DE CHILE,7 años,Salud,Medicina,Medicina,0.2288828337874659,0.9696969696969697,13.1007751937984,0.7958579881656804,0.7258883248730964,Desde $3 millones a $3 millones 500 mil,3250000
20,Universidades,UNIVERSIDAD ANDRES BELLO,6 años,Salud,Medicina,Medicina,0.1392,0.9684542586750788,15.213953488372075,0.9248251748251748,0.8992248062015504,Sobre $3 millones 500 mil,3500000
90,Universidades,UNIVERSIDAD AUSTRAL DE CHILE,6 años,Salud,Medicina,Medicina,0.1434977578475336,0.96,16.0441176470588,0.941747572815534,0.9173553719008264,Sobre $3 millones 500 mil,3500000
31,Universidades,UNIVERSIDAD AUTONOMA DE CHILE,5 años,Salud,Medicina,Medicina,0.060200668896321,0.9904761904761905,15.08771929824563,0.9604743083003952,0.9723756906077348,Sobre $3 millones 500 mil,3500000
93,Universidades,UNIVERSIDAD CATOLICA DE LA SANTISIMA CONCEPCION,5 años,Salud,Medicina,Medicina,0.1135371179039301,0.9789473684210527,14.811320754717,0.9289099526066352,0.9370629370629372,Sobre $3 millones 500 mil,3500000
92,Universidades,UNIVERSIDAD CATOLICA DEL MAULE,5 años,Salud,Medicina,Medicina,0.0643776824034334,0.8987341772151899,15.3229166666667,0.9248826291079812,0.841726618705036,Sobre $3 millones 500 mil,3500000
91,Universidades,UNIVERSIDAD CATOLICA DEL NORTE,6 años,Salud,Medicina,Medicina,0.1336633663366336,0.9824561403508771,15.867647058823499,0.9637305699481864,0.90625,Sobre $3 millones 500 mil,3500000
73,Universidades,UNIVERSIDAD DE ANTOFAGASTA,5 años,Salud,Medicina,Medicina,0.0845771144278607,1,s/i,0.9226519337016574,0.946969696969697,Sobre $3 millones 500 mil,3500000
70,Universidades,UNIVERSIDAD DE CHILE,7 años,Salud,Medicina,Medicina,0.2686980609418282,0.9691629955947136,15.3316831683168,0.862015503875969,0.851963746223565,Sobre $3 millones 500 mil,3500000
87,Universidades,UNIVERSIDAD DE CONCEPCION,7 años,Salud,Medicina,Medicina,0.125,0.9908256880733946,14.6015625,0.9128329297820824,0.8882175226586103,Sobre $3 millones 500 mil,3500000
76,Universidades,UNIVERSIDAD DE LA FRONTERA,5 años,Salud,Medicina,Medicina,0.1316872427983539,0.9846153846153847,15,0.9090909090909092,0.8562091503267973,Sobre $3 millones 500 mil,3500000
34,Universidades,UNIVERSIDAD DE LOS ANDES,6 años,Salud,Medicina,Medicina,0.1736263736263736,1,15.181159420289902,0.8787878787878788,0.8782894736842105,Desde $3 millones a $3 millones 500 mil,3250000
77,Universidades,UNIVERSIDAD DE MAGALLANES,5 años,Salud,Medicina,Medicina,0.0879120879120879,0.8909090909090909,16.5277777777778,0.9761904761904762,0.9642857142857144,s/i,
71,Universidades,UNIVERSIDAD DE SANTIAGO DE CHILE,7 años,Salud,Medicina,Medicina,0.0993589743589743,0.94,15.051724137931,0.912280701754386,0.9263157894736842,Desde $3 millones a $3 millones 500 mil,3250000
78,Universidades,UNIVERSIDAD DE TALCA,6 años,Salud,Medicina,Medicina,0.1454545454545454,0.975609756097561,15.530864197530901,0.90521327014218,0.9161676646706588,Sobre $3 millones 500 mil,3500000
72,Universidades,UNIVERSIDAD DE VALPARAISO,6 años,Salud,Medicina,Medicina,0.1937984496124031,0.9632352941176471,14.562499999999975,0.8846153846153846,0.9123505976095616,Sobre $3 millones 500 mil,3500000
9,Universidades,UNIVERSIDAD DEL ALBA,3 años,Salud,Medicina,Medicina,0.0552486187845303,0.8826530612244898,14.45833333333335,0.9905660377358492,0.9516129032258064,Sobre $3 millones 500 mil,3500000
45,Universidades,UNIVERSIDAD DEL DESARROLLO,6 años,Salud,Medicina,Medicina,0.16875,0.9385964912280702,14.5505617977528,0.8360655737704918,0.8432203389830508,Desde $3 millones a $3 millones 500 mil,3250000
3,Universidades,UNIVERSIDAD DIEGO PORTALES,6 años,Salud,Medicina,Medicina,0.1026615969581749,0.9420289855072463,15.061728395061701,0.933609958506224,0.898876404494382,Sobre $3 millones 500 mil,3500000
2,Universidades,UNIVERSIDAD FINIS TERRAE,5 años,Salud,Medicina,Medicina,0.125,0.978021978021978,14.9512195121951,0.9102167182662538,0.8975409836065574,Sobre $3 millones 500 mil,3500000
10,Universidades,UNIVERSIDAD MAYOR,5 años,Salud,Medicina,Medicina,0.1235697940503432,0.9703703703703703,14.44642857142857,0.9042821158690176,0.9194139194139194,Sobre $3 millones 500 mil,3500000
39,Universidades,UNIVERSIDAD SAN SEBASTIAN,5 años,Salud,Medicina,Medicina,0.0756756756756756,0.9646739130434783,16.076411960132912,0.9483282674772036,0.9467213114754098,Sobre $3 millones 500 mil,3500000
20,Universidades,UNIVERSIDAD ANDRES BELLO,6 años,Agropecuaria,Medicina Veterinaria,Medicina Veterinaria,0.0041928721174004,0.8486111111111111,11.653386454183245,0.6258992805755396,0.7710843373493976,De $1 millón 200 mil a $1 millón 300 mil,1250000
90,Universidades,UNIVERSIDAD AUSTRAL DE CHILE,6 años,Agropecuaria,Medicina Veterinaria,Medicina Veterinaria,0.0229885057471264,0.9140625,16.747572815534,0.7753623188405797,0.7755102040816326,De $1 millón 300 mil a $1 millón 400 mil,1350000
94,Universidades,UNIVERSIDAD CATOLICA DE TEMUCO,5 años,Agropecuaria,Medicina Veterinaria,Medicina Veterinaria,0.0081967213114754,0.9166666666666666,16.5909090909091,0.7319587628865979,0.6933333333333334,De $1 millón 400 mil a $1 millón 500 mil,1450000
70,Universidades,UNIVERSIDAD DE CHILE,7 años,Agropecuaria,Medicina Veterinaria,Medicina Veterinaria,0.0544959128065395,0.935,18.0535714285714,0.7472118959107806,0.7707317073170732,De $1 millón 500 mil a $1 millón 600 mil,1550000
87,Universidades,UNIVERSIDAD DE CONCEPCION,7 años,Agropecuaria,Medicina Veterinaria,Medicina Veterinaria,0.0354838709677419,0.888268156424581,18.376237623762414,0.672645739910314,0.7317073170731707,De $1 millón 300 mil a $1 millón 400 mil,1350000
19,Universidades,UNIVERSIDAD DE LAS AMERICAS,5 años,Agropecuaria,Medicina Veterinaria,Medicina Veterinaria,0.0217821782178217,0.8902116402116402,13.242424242424246,0.631578947368421,0.7734806629834254,De $1 millón 200 mil a $1 millón 300 mil,1250000
22,Universidades,UNIVERSIDAD DE VIÑA DEL MAR,4 años,Agropecuaria,Medicina Veterinaria,Medicina Veterinaria,0.0046082949308755,0.7894736842105263,12.9130434782609,0.44,0.6728395061728395,De $1 millón 100 mil a $1 millón 200 mil,1150000
9,Universidades,UNIVERSIDAD DEL ALBA,3 años,Agropecuaria,Medicina Veterinaria,Medicina Veterinaria,0.4957983193277311,0.7744565217391305,15.026315789473665,0.7375,0.7090909090909091,s/i,
10,Universidades,UNIVERSIDAD MAYOR,5 años,Agropecuaria,Medicina Veterinaria,Medicina Veterinaria,0.0119760479041916,0.9392857142857143,15.227272727272764,0.6491228070175439,0.7420814479638009,De $1 millón 300 mil a $1 millón 400 mil,1350000
39,Universidades,UNIVERSIDAD SAN SEBASTIAN,5 años,Agropecuaria,Medicina Veterinaria,Medicina Veterinaria,0.0238095238095238,0.8526863084922011,12.963302752293552,0.5757575757575758,0.7625,s/i,
13,Universidades,UNIVERSIDAD SANTO TOMAS,4 años,Agropecuaria,Medicina Veterinaria,Medicina Veterinaria,0.0056577086280056,0.9308855291576674,13.949275362318843,0.6311188811188811,0.7339901477832512,De $1 millón 200 mil a $1 millón 300 mil,1250000
86,Universidades,PONTIFICIA UNIVERSIDAD CATOLICA DE CHILE,7 años,Arte y Arquitectura,"Música, Canto o Danza",Música e Intérprete Musical,0.1894736842105263,0.9591836734693877,13.687499999999977,0.4861111111111111,0.6212121212121212,s/i,
11,Universidades,UNIVERSIDAD ACADEMIA DE HUMANISMO CRISTIANO,4 años,Arte y Arquitectura,"Música, Canto o Danza","Danza, Música y Producción Musical",0.0704225352112676,0.819672131147541,11.246376811594219,0.3773584905660377,0.4270833333333333,s/i,
26,Universidades,"UNIVERSIDAD DE ARTES, CIENCIAS Y COMUNICACION - UNIACC",3 años,Arte y Arquitectura,"Música, Canto o Danza","Música y Composición, Danza y Coreografía",0.0847457627118644,0.7458333333333333,12.500000000000039,0.3020134228187919,0.4235294117647059,s/i,
70,Universidades,UNIVERSIDAD DE CHILE,7 años,Arte y Arquitectura,"Música, Canto o Danza",Interpretación Musical y Danza,0.0743801652892562,0.9090909090909091,14.322033898305081,0.4556962025316455,0.4117647058823529,s/i,
78,Universidades,UNIVERSIDAD DE TALCA,6 años,Arte y Arquitectura,"Música, Canto o Danza",Interpretación y Docencia Musical,0.0579710144927536,0.9473684210526315,s/i,0.7719298245614035,0.8888888888888888,s/i,
86,Universidades,PONTIFICIA UNIVERSIDAD CATOLICA DE CHILE,7 años,Salud,Nutrición y Dietética,Nutrición y Dietética,0.0052083333333333,0.85,12.045454545454502,0.5823529411764706,0.7847222222222222,De $1 millón 300 mil a $1 millón 400 mil,1350000
20,Universidades,UNIVERSIDAD ANDRES BELLO,6 años,Salud,Nutrición y Dietética,Nutrición y Dietética,0.0179640718562874,0.7581395348837209,12.446969696969704,0.4257602862254025,0.6673228346456693,De $1 millón 100 mil a $1 millón 200 mil,1150000
31,Universidades,UNIVERSIDAD AUTONOMA DE CHILE,5 años,Salud,Nutrición y Dietética,Nutrición y Dietética,0.0054151624548736,0.8597785977859779,12.429577464788727,0.5266524520255863,0.6563307493540051,De $1 millón a $1 millón 100 mil,1050000
50,Universidades,UNIVERSIDAD BERNARDO O'HIGGINS,5 años,Salud,Nutrición y Dietética,Nutrición y Dietética,0.008,0.8636363636363636,s/i,0.422680412371134,0.5487804878048781,s/i,
93,Universidades,UNIVERSIDAD CATOLICA DE LA SANTISIMA CONCEPCION,5 años,Salud,Nutrición y Dietética,Nutrición y Dietética,0.0101010101010101,0.9090909090909091,11.4655172413793,0.3253012048192771,0.5038167938931297,s/i,
94,Universidades,UNIVERSIDAD CATOLICA DE TEMUCO,5 años,Salud,Nutrición y Dietética,Nutrición y Dietética,0.0063694267515923,0.7872340425531915,12.6923076923077,0.3100775193798449,0.5168539325842697,s/i,
92,Universidades,UNIVERSIDAD CATOLICA DEL MAULE,5 años,Salud,Nutrición y Dietética,Nutrición y Dietética,0.0134228187919463,0.8333333333333334,12.7,0.5230769230769231,0.5555555555555556,De $1 millón 100 mil a $1 millón 200 mil,1150000
91,Universidades,UNIVERSIDAD CATOLICA DEL NORTE,6 años,Salud,Nutrición y Dietética,Nutrición y Dietética,0.0470588235294117,0.7755102040816326,s/i,0.52,0.711864406779661,s/i,
73,Universidades,UNIVERSIDAD DE ANTOFAGASTA,5 años,Salud,Nutrición y Dietética,Nutrición y Dietética,0.0,0.7058823529411765,14.21875,0.5288461538461539,0.6494845360824743,De $1 millón 200 mil a $1 millón 300 mil,1250000
70,Universidades,UNIVERSIDAD DE CHILE,7 años,Salud,Nutrición y Dietética,Nutrición y Dietética,0.01875,0.8208955223880597,11.5952380952381,0.6408450704225352,0.7394957983193278,De $1 millón 300 mil a $1 millón 400 mil,1350000
87,Universidades,UNIVERSIDAD DE CONCEPCION,7 años,Salud,Nutrición y Dietética,Nutrición y Dietética,0.1007751937984496,0.7538461538461538,12.1739130434783,0.4423076923076923,0.5847457627118644,De $1 millón a $1 millón 100 mil,1050000
76,Universidades,UNIVERSIDAD DE LA FRONTERA,5 años,Salud,Nutrición y Dietética,Nutrición y Dietética,0.0067114093959731,0.8085106382978723,11.125,0.4696969696969697,0.6071428571428571,De $1 millón 100 mil a $1 millón 200 mil,1150000
19,Universidades,UNIVERSIDAD DE LAS AMERICAS,5 años,Salud,Nutrición y Dietética,Nutrición y Dietética,0.013477088948787,0.7940074906367042,12.221052631578969,0.3745019920318725,0.5637254901960784,De $1 millón a $1 millón 100 mil,1050000
34,Universidades,UNIVERSIDAD DE LOS ANDES,6 años,Salud,Nutrición y Dietética,Nutrición y Dietética,0.0163934426229508,0.6410256410256411,11.1388888888889,0.4403669724770642,0.6951219512195121,s/i,
84,Universidades,UNIVERSIDAD DE LOS LAGOS,5 años,Salud,Nutrición y Dietética,Nutrición y Alimentación,0.0,0.6615384615384615,12.625,0.5569620253164557,0.7246376811594203,s/i,
83,Universidades,UNIVERSIDAD DE PLAYA ANCHA DE CIENCIAS DE LA EDUCACION,5 años,Salud,Nutrición y Dietética,Nutrición y Dietética,0.0058479532163742,0.8181818181818182,s/i,0.4552238805970149,0.6328125,De $1 millón a $1 millón 100 mil,1050000
78,Universidades,UNIVERSIDAD DE TALCA,6 años,Salud,Nutrición y Dietética,Nutrición y Dietética,0.0,0.9,11.5526315789474,0.3859649122807017,0.6466666666666666,De $1 millón 100 mil a $1 millón 200 mil,1150000
80,Universidades,UNIVERSIDAD DE TARAPACA,6 años,Salud,Nutrición y Dietética,Nutrición y Dietética,0.015267175572519,0.7352941176470589,13.888888888888866,0.4947368421052631,0.6542056074766355,De $1 millón 100 mil a $1 millón 200 mil,1150000
72,Universidades,UNIVERSIDAD DE VALPARAISO,6 años,Salud,Nutrición y Dietética,Nutrición y Dietética,0.0714285714285714,0.7746478873239436,12.4736842105263,0.5391304347826087,0.5617977528089888,De $1 millón 200 mil a $1 millón 300 mil,1250000
22,Universidades,UNIVERSIDAD DE VIÑA DEL MAR,4 años,Salud,Nutrición y Dietética,Nutrición y Dietética,0.0139860139860139,s/i,s/i,0.3333333333333333,0.5357142857142857,De $1 millón a $1 millón 100 mil,1050000
75,Universidades,UNIVERSIDAD DEL BIO-BIO,5 años,Salud,Nutrición y Dietética,Nutrición y Dietética,0.0542168674698795,0.9444444444444444,12.0545454545455,0.437037037037037,0.6511627906976745,De $1 millón a $1 millón 100 mil,1050000
45,Universidades,UNIVERSIDAD DEL DESARROLLO,6 años,Salud,Nutrición y Dietética,Nutrición y Dietética,0.0460992907801418,0.8,12.048387096774167,0.4572649572649572,0.5714285714285714,De $1 millón 100 mil a $1 millón 200 mil,1150000
2,Universidades,UNIVERSIDAD FINIS TERRAE,5 años,Salud,Nutrición y Dietética,Nutrición y Dietética,0.0245901639344262,0.9078947368421053,11.131578947368379,0.3981481481481481,0.672566371681416,De $1 millón 300 mil a $1 millón 400 mil,1350000
10,Universidades,UNIVERSIDAD MAYOR,5 años,Salud,Nutrición y Dietética,Nutrición y Dietética,0.0151975683890577,0.8157894736842105,12.017857142857153,0.4787234042553192,0.7131147540983607,De $1 millón 200 mil a $1 millón 300 mil,1250000
39,Universidades,UNIVERSIDAD SAN SEBASTIAN,5 años,Salud,Nutrición y Dietética,Nutrición y Dietética,0.015850144092219,0.7943037974683544,11.915151515151502,0.4700854700854701,0.596529284164859,De $1 millón a $1 millón 100 mil,1050000
13,Universidades,UNIVERSIDAD SANTO TOMAS,4 años,Salud,Nutrición y Dietética,Nutrición y Dietética,0.0127118644067796,0.8722826086956522,13.222748815165875,0.4792817679558011,0.5929824561403508,De $1 millón 100 mil a $1 millón 200 mil,1150000
54,Universidades,UNIVERSIDAD TECNOLOGICA DE CHILE INACAP,No,Salud,Nutrición y Dietética,Nutrición y Dietética,0.0078740157480314,s/i,14.173469387755109,0.3117977528089887,0.525679758308157,De $1 millón a $1 millón 100 mil,1050000
20,Universidades,UNIVERSIDAD ANDRES BELLO,6 años,Salud,Obstetricia y Puericultura,Obstetricia,0.008130081300813,0.9543568464730291,12.103244837758117,0.6347305389221557,0.8090909090909091,De $1 millón 500 mil a $1 millón 600 mil,1550000
90,Universidades,UNIVERSIDAD AUSTRAL DE CHILE,6 años,Salud,Obstetricia y Puericultura,Obstetricia y Puericultura,0.0074626865671641,0.9491525423728814,11.9393939393939,0.7734375,0.9493670886075948,De $1 millón 600 mil a $1 millón 700 mil,1650000
31,Universidades,UNIVERSIDAD AUTONOMA DE CHILE,5 años,Salud,Obstetricia y Puericultura,Obstetricia y Puericultura,0.0094488188976377,0.9453125,11.642857142857142,0.5867620751341681,0.8266129032258065,De $1 millón 500 mil a $1 millón 600 mil,1550000
50,Universidades,UNIVERSIDAD BERNARDO O'HIGGINS,5 años,Salud,Obstetricia y Puericultura,Obstetricia y Puericultura,0.005089058524173,1,11.568093385214,0.4968152866242038,0.7570093457943925,s/i,
73,Universidades,UNIVERSIDAD DE ANTOFAGASTA,5 años,Salud,Obstetricia y Puericultura,Obstetricia y Puericultura,0.0081967213114754,0.9393939393939394,15.3142857142857,0.8157894736842105,0.9615384615384616,De $1 millón 800 mil a $1 millón 900 mil,1850000
70,Universidades,UNIVERSIDAD DE CHILE,7 años,Salud,Obstetricia y Puericultura,Obstetricia y Puericultura,0.0091743119266055,0.9444444444444444,13.1623931623932,0.7920792079207921,0.9090909090909092,De $1 millón 600 mil a $1 millón 700 mil,1650000
87,Universidades,UNIVERSIDAD DE CONCEPCION,7 años,Salud,Obstetricia y Puericultura,Obstetricia y Puericultura,0.028,0.9326923076923077,12.784946236559097,0.6814159292035398,0.8669724770642202,De $1 millón 500 mil a $1 millón 600 mil,1550000
76,Universidades,UNIVERSIDAD DE LA FRONTERA,5 años,Salud,Obstetricia y Puericultura,Obstetricia y Puericultura,0.0057142857142857,0.9591836734693877,10.275,0.7941176470588235,0.8449612403100775,De $1 millón 600 mil a $1 millón 700 mil,1650000
34,Universidades,UNIVERSIDAD DE LOS ANDES,6 años,Salud,Obstetricia y Puericultura,Obstetricia y Puericultura,0.0128205128205128,0.7777777777777778,11.7636363636364,0.7258064516129032,,s/i,
71,Universidades,UNIVERSIDAD DE SANTIAGO DE CHILE,7 años,Salud,Obstetricia y Puericultura,Obstetricia y Puericultura,0.0254237288135593,0.8979591836734694,13.8125,0.8648648648648649,0.96875,De $1 millón 700 mil a $1 millón 800 mil,1750000
80,Universidades,UNIVERSIDAD DE TARAPACA,6 años,Salud,Obstetricia y Puericultura,Obstetricia y Puericultura,0.0114285714285714,0.90625,13.1041666666667,0.7315436241610739,0.9124087591240876,De $1 millón 600 mil a $1 millón 700 mil,1650000
72,Universidades,UNIVERSIDAD DE VALPARAISO,6 años,Salud,Obstetricia y Puericultura,Obstetricia y Puericultura,0.0181818181818181,0.9145299145299145,11.927835051546401,0.8594249201277955,0.929245283018868,De $1 millón 700 mil a $1 millón 800 mil,1750000
3,Universidades,UNIVERSIDAD DIEGO PORTALES,6 años,Salud,Obstetricia y Puericultura,Obstetricia y Neonatología,0.0,0.9636363636363636,11.6363636363636,0.8057142857142857,0.8881118881118881,De $1 millón 700 mil a $1 millón 800 mil,1750000
10,Universidades,UNIVERSIDAD MAYOR,5 años,Salud,Obstetricia y Puericultura,Obstetricia y Puericultura,0.0246913580246913,0.970873786407767,11.707317073170728,0.73224043715847,0.86328125,De $1 millón 600 mil a $1 millón 700 mil,1650000
39,Universidades,UNIVERSIDAD SAN SEBASTIAN,5 años,Salud,Obstetricia y Puericultura,Obstetricia,0.0168471720818291,0.9350348027842227,13.090566037735815,0.6639455782312925,0.8144329896907216,De $1 millón 600 mil a $1 millón 700 mil,1650000
86,Universidades,PONTIFICIA UNIVERSIDAD CATOLICA DE CHILE,7 años,Salud,Odontología,Odontología,0.057471264367816,0.9014084507042254,13.3265306122449,0.6443514644351465,0.8023952095808383,De $1 millón 700 mil a $1 millón 800 mil,1750000
20,Universidades,UNIVERSIDAD ANDRES BELLO,6 años,Salud,Odontología,Odontología,0.0391595033428844,0.8615751789976134,15.448979591836707,0.5431952662721894,0.7109375,De $1 millón 700 mil a $1 millón 800 mil,1750000
81,Universidades,UNIVERSIDAD ARTURO PRAT,5 años,Salud,Odontología,Odontología,0.0,0.7555555555555555,s/i,0.8076923076923077,,s/i,
90,Universidades,UNIVERSIDAD AUSTRAL DE CHILE,6 años,Salud,Odontología,Odontología,0.0426829268292682,0.88,14.178571428571402,0.6223776223776224,0.8085106382978723,De $1 millón 600 mil a $1 millón 700 mil,1650000
31,Universidades,UNIVERSIDAD AUTONOMA DE CHILE,5 años,Salud,Odontología,Odontología,0.0315186246418338,0.9158878504672897,14.924242424242419,0.6086956521739131,0.6954545454545454,De $1 millón 700 mil a $1 millón 800 mil,1750000
73,Universidades,UNIVERSIDAD DE ANTOFAGASTA,5 años,Salud,Odontología,Odontología,0.005524861878453,0.9074074074074074,15.7222222222222,0.7132867132867133,0.8050847457627118,De $1 millón 700 mil a $1 millón 800 mil,1750000
70,Universidades,UNIVERSIDAD DE CHILE,7 años,Salud,Odontología,Odontología,0.03971119133574,0.9426229508196722,16.8455882352941,0.808695652173913,0.9147727272727272,De $2 millones 300 mil a $2 millones 400 mil,2350000
87,Universidades,UNIVERSIDAD DE CONCEPCION,7 años,Salud,Odontología,Odontología,0.066079295154185,0.8873239436619719,14.543209876543198,0.5969387755102041,0.6495726495726496,De $1 millón 800 mil a $1 millón 900 mil,1850000
76,Universidades,UNIVERSIDAD DE LA FRONTERA,5 años,Salud,Odontología,Odontología,0.0611111111111111,0.8987341772151899,15.493670886076002,0.5886075949367089,0.7395833333333334,De $1 millón 500 mil a $1 millón 600 mil,1550000
74,Universidades,UNIVERSIDAD DE LA SERENA,5 años,Salud,Odontología,Odontología,0.027027027027027,0.9333333333333333,15.7070707070707,0.7282608695652174,,s/i,
34,Universidades,UNIVERSIDAD DE LOS ANDES,6 años,Salud,Odontología,Odontología,0.0365853658536585,0.8461538461538461,13.9701492537313,0.4924623115577889,0.6649214659685864,De $1 millón 700 mil a $1 millón 800 mil,1750000
78,Universidades,UNIVERSIDAD DE TALCA,6 años,Salud,Odontología,Odontología,0.03125,0.9154929577464789,13.4615384615385,0.6746575342465754,0.7412935323383084,De $1 millón 800 mil a $1 millón 900 mil,1850000
72,Universidades,UNIVERSIDAD DE VALPARAISO,6 años,Salud,Odontología,Odontología,0.0717488789237668,0.9230769230769231,15.1041666666667,0.8762886597938144,0.8802816901408451,De $1 millón 900 mil a $2 millones,1950000
22,Universidades,UNIVERSIDAD DE VIÑA DEL MAR,4 años,Salud,Odontología,Odontología,0.0316205533596837,0.8356164383561644,16.2372881355932,0.6470588235294118,0.7218543046357616,De $1 millón 500 mil a $1 millón 600 mil,1550000
9,Universidades,UNIVERSIDAD DEL ALBA,3 años,Salud,Odontología,Odontología,0.0390625,s/i,15.037037037037036,0.691358024691358,0.6818181818181818,s/i,
45,Universidades,UNIVERSIDAD DEL DESARROLLO,6 años,Salud,Odontología,Odontología,0.0440366972477064,0.9095477386934674,14.617187499999986,0.625,0.727027027027027,De $1 millón 700 mil a $1 millón 800 mil,1750000
3,Universidades,UNIVERSIDAD DIEGO PORTALES,6 años,Salud,Odontología,Odontología,0.0201612903225806,0.9491525423728814,14.3783783783784,0.5870646766169154,0.7368421052631579,De $1 millón 700 mil a $1 millón 800 mil,1750000
2,Universidades,UNIVERSIDAD FINIS TERRAE,5 años,Salud,Odontología,Odontología,0.0539419087136929,0.953125,s/i,0.5602094240837696,0.7696629213483146,De $1 millón 500 mil a $1 millón 600 mil,1550000
10,Universidades,UNIVERSIDAD MAYOR,5 años,Salud,Odontología,Odontología,0.0482456140350877,0.9426751592356688,13.734939759036111,0.5750636132315522,0.6731301939058172,De $1 millón 700 mil a $1 millón 800 mil,1750000
39,Universidades,UNIVERSIDAD SAN SEBASTIAN,5 años,Salud,Odontología,Odontología,0.0681399631675874,0.8472222222222222,15.263157894736839,0.6035714285714285,0.7179902755267423,De $1 millón 600 mil a $1 millón 700 mil,1650000
38,Universidades,UNIVERSIDAD ADVENTISTA DE CHILE,3 años,Educación,Pedagogía en Artes y Música,Pedagogía en Música,0.024390243902439,0.9117647058823529,s/i,0.8,,s/i,
69,Universidades,UNIVERSIDAD ALBERTO HURTADO,5 años,Educación,Pedagogía en Artes y Música,Pedagogía en Música y Pedagogía en Artes Visuales,0.0425531914893617,0.8666666666666667,12.34545454545455,0.7970297029702971,0.8440366972477065,De $1 millón a $1 millón 100 mil,1050000
42,Universidades,UNIVERSIDAD CATOLICA CARDENAL RAUL SILVA HENRIQUEZ,4 años,Educación,Pedagogía en Artes y Música,Pedagogía en Educación Artística,0.0,s/i,s/i,0.7285714285714285,0.8225806451612904,De $1 millón a $1 millón 100 mil,1050000
87,Universidades,UNIVERSIDAD DE CONCEPCION,7 años,Educación,Pedagogía en Artes y Música,Pedagogía en Educación Musical y Artes Plásticas,0.0787401574803149,0.9074074074074074,12.020833333333336,0.7981651376146789,0.8717948717948718,De $1 millón 100 mil a $1 millón 200 mil,1150000
74,Universidades,UNIVERSIDAD DE LA SERENA,5 años,Educación,Pedagogía en Artes y Música,Pedagogía en Educación Musical,0.0344827586206896,0.7567567567567568,11.964285714285742,0.8732394366197183,0.8571428571428571,s/i,
84,Universidades,UNIVERSIDAD DE LOS LAGOS,5 años,Educación,Pedagogía en Artes y Música,Pedagogía Educación Media en Artes,0.0,0.8727272727272727,10.96875,0.64,0.8225806451612904,De $1 millón 100 mil a $1 millón 200 mil,1150000
83,Universidades,UNIVERSIDAD DE PLAYA ANCHA DE CIENCIAS DE LA EDUCACION,5 años,Educación,Pedagogía en Artes y Música,Pedagogía en Artes Plásticas y Pedagogía en Educación Musical,0.0277777777777777,0.7222222222222222,11.88636363636365,0.6915887850467289,0.7350427350427351,De $900 mil a $1 millón,950000
10,Universidades,UNIVERSIDAD MAYOR,5 años,Educación,Pedagogía en Artes y Música,Pedagogía en Artes Musicales,0.1868131868131868,s/i,11.037037037037036,0.6153846153846154,0.7763157894736842,De $1 millón a $1 millón 100 mil,1050000
82,Universidades,UNIVERSIDAD METROPOLITANA DE CIENCIAS DE LA EDUCACION,4 años,Educación,Pedagogía en Artes y Música,"Pedagogía en Música, Pedagogía en Artes Visuales y Pedagogía en Artes Plásticas",0.0533333333333333,0.8452380952380952,12.233333333333333,0.7619047619047619,0.8187919463087249,De $1 millón a $1 millón 100 mil,1050000
86,Universidades,PONTIFICIA UNIVERSIDAD CATOLICA DE CHILE,7 años,Educación,Pedagogía en Ciencias,"Pedagogía en Educación Media en Ciencias Naturales y Biología, Física y Química",0.0263157894736842,0.8787878787878788,9.666666666666666,0.8867924528301887,0.9090909090909092,s/i,
89,Universidades,PONTIFICIA UNIVERSIDAD CATOLICA DE VALPARAISO,7 años,Educación,Pedagogía en Ciencias,"Pedagogía en Biología, Física, Química y Ciencias Naturales",0.1085271317829457,s/i,11.020833333333309,0.8421052631578947,0.8737864077669902,De $1 millón 100 mil a $1 millón 200 mil,1150000
92,Universidades,UNIVERSIDAD CATOLICA DEL MAULE,5 años,Educación,Pedagogía en Ciencias,"Pedagogía en Ciencias mención Biología, Física, Química",0.1153846153846153,0.9259259259259259,9.67741935483871,0.8181818181818182,,De $1 millón 100 mil a $1 millón 200 mil,1150000
70,Universidades,UNIVERSIDAD DE CHILE,7 años,Educación,Pedagogía en Ciencias,Pedagogía en Educación Media en Biología y Química,0.1746031746031746,0.8076923076923077,12.6969696969697,0.9464285714285714,,s/i,
87,Universidades,UNIVERSIDAD DE CONCEPCION,7 años,Educación,Pedagogía en Ciencias,Pedagogía en Ciencias Naturales,0.1484375,0.7142857142857143,12.01408450704224,0.8793103448275862,0.8701298701298701,De $1 millón 200 mil a $1 millón 300 mil,1250000
76,Universidades,UNIVERSIDAD DE LA FRONTERA,5 años,Educación,Pedagogía en Ciencias,Pedagogía en Ciencias,0.0188679245283018,0.7241379310344828,s/i,0.9183673469387756,0.9333333333333332,s/i,
74,Universidades,UNIVERSIDAD DE LA SERENA,5 años,Educación,Pedagogía en Ciencias,"Pedagogía en Biología, Química y Ciencias Naturales",0.032258064516129,0.7317073170731707,s/i,0.9090909090909092,,s/i,
83,Universidades,UNIVERSIDAD DE PLAYA ANCHA DE CIENCIAS DE LA EDUCACION,5 años,Educación,Pedagogía en Ciencias,"Pedagogía en Biología, Física, Química y Ciencias",0.088235294117647,s/i,s/i,0.9152542372881356,0.9183673469387756,s/i,
71,Universidades,UNIVERSIDAD DE SANTIAGO DE CHILE,7 años,Educación,Pedagogía en Ciencias,"Pedagogía en Química y Biología, y en Física y Matemáticas",0.029126213592233,0.7555555555555555,11.727272727272727,0.958041958041958,0.9285714285714286,De $1 millón 200 mil a $1 millón 300 mil,1250000
82,Universidades,UNIVERSIDAD METROPOLITANA DE CIENCIAS DE LA EDUCACION,4 años,Educación,Pedagogía en Ciencias,"Pedagogía en Biología, Física y Química",0.1012658227848101,0.9615384615384616,13.685714285714297,0.9015544041450776,0.9144736842105264,De $1 millón 300 mil a $1 millón 400 mil,1350000
86,Universidades,PONTIFICIA UNIVERSIDAD CATOLICA DE CHILE,7 años,Educación,Pedagogía en Educación Básica,Pedagogía en Educación General Básica,0.0237226277372262,0.8660287081339713,10.6542056074766,0.928416485900217,0.9470899470899472,De $1 millón 200 mil a $1 millón 300 mil,1250000
89,Universidades,PONTIFICIA UNIVERSIDAD CATOLICA DE VALPARAISO,7 años,Educación,Pedagogía en Educación Básica,Pedagogía en Educación Básica,0.0307692307692307,0.873015873015873,9.31707317073171,0.905982905982906,0.8560606060606061,De $1 millón 100 mil a $1 millón 200 mil,1150000
69,Universidades,UNIVERSIDAD ALBERTO HURTADO,5 años,Educación,Pedagogía en Educación Básica,Educación Básica,0.0521739130434782,0.8,11.2972972972973,0.9081632653061223,0.95,s/i,
20,Universidades,UNIVERSIDAD ANDRES BELLO,6 años,Educación,Pedagogía en Educación Básica,Educación General Básica,0.0169491525423728,s/i,s/i,0.8269230769230769,0.8181818181818182,De $1 millón 100 mil a $1 millón 200 mil,1150000
90,Universidades,UNIVERSIDAD AUSTRAL DE CHILE,6 años,Educación,Pedagogía en Educación Básica,Pedagogía en Educación Básica,0.0476190476190476,0.9038461538461539,11.632352941176427,0.9222222222222224,0.9428571428571428,De $1 millón 200 mil a $1 millón 300 mil,1250000
31,Universidades,UNIVERSIDAD AUTONOMA DE CHILE,5 años,Educación,Pedagogía en Educación Básica,Pedagogía en Educación Básica,0.0149253731343283,0.9272727272727272,9.630769230769234,0.9042553191489362,0.9441340782122905,De $1 millón 100 mil a $1 millón 200 mil,1150000
42,Universidades,UNIVERSIDAD CATOLICA CARDENAL RAUL SILVA HENRIQUEZ,4 años,Educación,Pedagogía en Educación Básica,Pedagogía en Educación Básica,0.0122699386503067,0.8235294117647058,10.358695652173921,0.9166666666666666,0.9583333333333334,De $1 millón 100 mil a $1 millón 200 mil,1150000
93,Universidades,UNIVERSIDAD CATOLICA DE LA SANTISIMA CONCEPCION,5 años,Educación,Pedagogía en Educación Básica,Pedagogía en Educación Básica,0.0076335877862595,0.9117647058823529,10.1555555555556,0.7786885245901639,0.7592592592592593,De $1 millón a $1 millón 100 mil,1050000
94,Universidades,UNIVERSIDAD CATOLICA DE TEMUCO,5 años,Educación,Pedagogía en Educación Básica,Pedagogía en Educación Básica,0.0079365079365079,0.8392857142857143,10.609756097560936,0.8952380952380953,0.956043956043956,De $1 millón 100 mil a $1 millón 200 mil,1150000
92,Universidades,UNIVERSIDAD CATOLICA DEL MAULE,5 años,Educación,Pedagogía en Educación Básica,Pedagogía en Educación General Básica,0.0267062314540059,0.9368421052631579,10.574803149606263,0.8906752411575563,0.9090909090909092,De $1 millón a $1 millón 100 mil,1050000
91,Universidades,UNIVERSIDAD CATOLICA DEL NORTE,6 años,Educación,Pedagogía en Educación Básica,Pedagogía en Educación Básica con especialización,0.0476190476190476,0.90625,s/i,0.942528735632184,,s/i,
73,Universidades,UNIVERSIDAD DE ANTOFAGASTA,5 años,Educación,Pedagogía en Educación Básica,Pedagogía en Educación Básica,0.0769230769230769,s/i,s/i,0.9318181818181818,0.9714285714285714,s/i,
79,Universidades,UNIVERSIDAD DE ATACAMA,4 años,Educación,Pedagogía en Educación Básica,Pedagogía en Educación General Básica,0.03125,0.9259259259259259,11.1290322580645,0.8909090909090909,0.8979591836734694,s/i,
70,Universidades,UNIVERSIDAD DE CHILE,7 años,Educación,Pedagogía en Educación Básica,Pedagogía en Educación Básica,0.0,0.8222222222222222,11.0833333333333,0.8712871287128713,0.96,s/i,
87,Universidades,UNIVERSIDAD DE CONCEPCION,7 años,Educación,Pedagogía en Educación Básica,Educación General Básica,0.0261437908496732,0.9622641509433962,11.578947368421028,0.8810408921933085,0.8877551020408163,De $1 millón 100 mil a $1 millón 200 mil,1150000
74,Universidades,UNIVERSIDAD DE LA SERENA,5 años,Educación,Pedagogía en Educación Básica,Pedagogía en Educación General Básica,0.042016806722689,0.9454545454545454,10.745454545454537,0.9306930693069309,0.9043478260869564,De $1 millón 100 mil a $1 millón 200 mil,1150000
19,Universidades,UNIVERSIDAD DE LAS AMERICAS,5 años,Educación,Pedagogía en Educación Básica,Pedagogía en Educación Básica,0.0109890109890109,0.8571428571428571,10.457142857142857,0.9,0.8411214953271028,De $1 millón a $1 millón 100 mil,1050000
34,Universidades,UNIVERSIDAD DE LOS ANDES,6 años,Educación,Pedagogía en Educación Básica,Pedagogía Básica con menciones y Bilingúe inglés/español,0.0,0.9382716049382716,10.3478260869565,0.9418604651162792,,De $1 millón 200 mil a $1 millón 300 mil,1250000
895,Universidades,UNIVERSIDAD DE O'HIGGINS,4 años,Educación,Pedagogía en Educación Básica,Pedagogía en Educación Básica,0.0121951219512195,0.9113924050632911,10.3725490196078,0.9382716049382716,,s/i,
83,Universidades,UNIVERSIDAD DE PLAYA ANCHA DE CIENCIAS DE LA EDUCACION,5 años,Educación,Pedagogía en Educación Básica,Pedagogía en Educación Básica,0.0634920634920634,0.8536585365853658,12.120000000000015,0.8854166666666666,0.8790322580645161,De $1 millón a $1 millón 100 mil,1050000
71,Universidades,UNIVERSIDAD DE SANTIAGO DE CHILE,7 años,Educación,Pedagogía en Educación Básica,Pedagogía en Educación General Básica,0.0394736842105263,0.8809523809523809,11.8,0.9166666666666666,0.953125,De $1 millón 100 mil a $1 millón 200 mil,1150000
78,Universidades,UNIVERSIDAD DE TALCA,6 años,Educación,Pedagogía en Educación Básica,Pedagogía en Educación General Básica,0.0,0.8620689655172413,s/i,0.8571428571428571,,s/i,
80,Universidades,UNIVERSIDAD DE TARAPACA,6 años,Educación,Pedagogía en Educación Básica,Pedagogía en Educación Básica,0.0592105263157894,0.9333333333333333,s/i,0.9478260869565216,0.9484536082474226,s/i,
75,Universidades,UNIVERSIDAD DEL BIO-BIO,5 años,Educación,Pedagogía en Educación Básica,Pedagogía en Educación General Básica,0.0047619047619047,0.8888888888888888,8.62903225806452,0.8695652173913043,0.8881118881118881,De $1 millón a $1 millón 100 mil,1050000
45,Universidades,UNIVERSIDAD DEL DESARROLLO,6 años,Educación,Pedagogía en Educación Básica,Pedagogía Básica,0.0,0.8333333333333334,11.444444444444423,0.9047619047619048,0.8275862068965517,De $1 millón 300 mil a $1 millón 400 mil,1350000
3,Universidades,UNIVERSIDAD DIEGO PORTALES,6 años,Educación,Pedagogía en Educación Básica,Pedagogía en Educación General Básica,0.024390243902439,0.864406779661017,9.34722222222222,0.9319727891156464,0.9069767441860463,De $1 millón 100 mil a $1 millón 200 mil,1150000
82,Universidades,UNIVERSIDAD METROPOLITANA DE CIENCIAS DE LA EDUCACION,4 años,Educación,Pedagogía en Educación Básica,Pedagogía en Educación Básica,0.0085836909871244,0.89,s/i,0.8916256157635468,0.9473684210526316,s/i,
86,Universidades,PONTIFICIA UNIVERSIDAD CATOLICA DE CHILE,7 años,Educación,Pedagogía en Educación de Párvulos,Pedagogía en Educación Parvularia,0.0117647058823529,0.8947368421052632,11.518518518518533,0.7931034482758621,0.8531073446327684,De $1 millón 100 mil a $1 millón 200 mil,1150000
89,Universidades,PONTIFICIA UNIVERSIDAD CATOLICA DE VALPARAISO,7 años,Educación,Pedagogía en Educación de Párvulos,Educación Parvularia,0.0380952380952381,0.9375,9.14285714285714,0.5795454545454546,0.6623376623376623,De $900 mil a $1 millón,950000
69,Universidades,UNIVERSIDAD ALBERTO HURTADO,5 años,Educación,Pedagogía en Educación de Párvulos,Educación Parvularia,0.0545454545454545,0.7962962962962963,s/i,0.7142857142857143,,s/i,
20,Universidades,UNIVERSIDAD ANDRES BELLO,6 años,Educación,Pedagogía en Educación de Párvulos,Educación Parvularia,0.037037037037037,0.788235294117647,9.775000000000002,0.75,0.7559055118110236,De $900 mil a $1 millón,950000
81,Universidades,UNIVERSIDAD ARTURO PRAT,5 años,Educación,Pedagogía en Educación de Párvulos,Educación Parvularia,0.0236966824644549,0.8947368421052632,s/i,0.6694214876033058,0.7272727272727273,s/i,
31,Universidades,UNIVERSIDAD AUTONOMA DE CHILE,5 años,Educación,Pedagogía en Educación de Párvulos,Pedagogía en Educación Parvularia,0.0132978723404255,0.9612903225806452,8.434782608695654,0.5710059171597633,0.6840490797546013,De $900 mil a $1 millón,950000
7,Universidades,UNIVERSIDAD BOLIVARIANA,No,Educación,Pedagogía en Educación de Párvulos,Pedagogía en Educación Parvularia,0.0170807453416149,s/i,s/i,0.8425531914893617,0.8832335329341318,De $1 millón a $1 millón 100 mil,1050000
42,Universidades,UNIVERSIDAD CATOLICA CARDENAL RAUL SILVA HENRIQUEZ,4 años,Educación,Pedagogía en Educación de Párvulos,Educación Parvularia,0.0,0.8571428571428571,10.4583333333333,0.6929824561403509,0.7904761904761904,De $900 mil a $1 millón,950000
93,Universidades,UNIVERSIDAD CATOLICA DE LA SANTISIMA CONCEPCION,5 años,Educación,Pedagogía en Educación de Párvulos,Educación de Párvulos,0.0620689655172413,0.8571428571428571,9.622950819672129,0.6390977443609023,0.6511627906976745,De $1 millón a $1 millón 100 mil,1050000
94,Universidades,UNIVERSIDAD CATOLICA DE TEMUCO,5 años,Educación,Pedagogía en Educación de Párvulos,Educación de Párvulos,0.0174672489082969,0.8405797101449275,9,0.5566502463054187,0.7424242424242424,De $1 millón a $1 millón 100 mil,1050000
92,Universidades,UNIVERSIDAD CATOLICA DEL MAULE,5 años,Educación,Pedagogía en Educación de Párvulos,Educación Parvularia,0.0,0.8681318681318682,s/i,0.6379310344827587,0.8301886792452831,De $1 millón a $1 millón 100 mil,1050000
73,Universidades,UNIVERSIDAD DE ANTOFAGASTA,5 años,Educación,Pedagogía en Educación de Párvulos,Pedagogía en Educación Parvularia,0.0707964601769911,0.68,10.8974358974359,0.8461538461538461,0.9326923076923076,De $1 millón 100 mil a $1 millón 200 mil,1150000
79,Universidades,UNIVERSIDAD DE ATACAMA,4 años,Educación,Pedagogía en Educación de Párvulos,Pedagogía en Educación Parvularia,0.0307692307692307,0.9,s/i,0.8448275862068966,0.796875,s/i,
87,Universidades,UNIVERSIDAD DE CONCEPCION,7 años,Educación,Pedagogía en Educación de Párvulos,Educación Parvularia,0.028169014084507,0.9347826086956522,12.0967741935484,0.6153846153846154,0.7217391304347827,De $1 millón a $1 millón 100 mil,1050000
74,Universidades,UNIVERSIDAD DE LA SERENA,5 años,Educación,Pedagogía en Educación de Párvulos,Pedagogía en Educación Parvularia,0.0609756097560975,0.9019607843137255,10.7878787878788,0.4915254237288136,0.6385542168674698,s/i,
19,Universidades,UNIVERSIDAD DE LAS AMERICAS,5 años,Educación,Pedagogía en Educación de Párvulos,Educación Parvularia,0.0277777777777777,0.7659574468085106,s/i,0.6158940397350994,0.7582417582417582,De $900 mil a $1 millón,950000
34,Universidades,UNIVERSIDAD DE LOS ANDES,6 años,Educación,Pedagogía en Educación de Párvulos,Educación de Párvulos,0.0813953488372093,0.9459459459459459,s/i,0.8589743589743589,0.8518518518518519,s/i,
84,Universidades,UNIVERSIDAD DE LOS LAGOS,5 años,Educación,Pedagogía en Educación de Párvulos,Educación Parvularia,0.0047619047619047,0.86,9.58139534883721,0.4438202247191011,0.6287878787878788,De $900 mil a $1 millón,950000
895,Universidades,UNIVERSIDAD DE O'HIGGINS,4 años,Educación,Pedagogía en Educación de Párvulos,Pedagogía en Educación Parvularia,0.0,0.8690476190476191,10.5806451612903,0.782608695652174,,s/i,
83,Universidades,UNIVERSIDAD DE PLAYA ANCHA DE CIENCIAS DE LA EDUCACION,5 años,Educación,Pedagogía en Educación de Párvulos,Educación Parvularia,0.140625,0.9047619047619048,s/i,0.6460176991150443,0.7171717171717171,s/i,
78,Universidades,UNIVERSIDAD DE TALCA,6 años,Educación,Pedagogía en Educación de Párvulos,Pedagogía en Educación Parvularia con mención,0.0512820512820512,0.7894736842105263,s/i,0.696969696969697,,s/i,
80,Universidades,UNIVERSIDAD DE TARAPACA,6 años,Educación,Pedagogía en Educación de Párvulos,Educación Parvularia,0.0321428571428571,0.9148936170212766,8.999999999999996,0.5284090909090909,0.6229508196721312,s/i,
72,Universidades,UNIVERSIDAD DE VALPARAISO,6 años,Educación,Pedagogía en Educación de Párvulos,Educación Parvularia,0.0340136054421768,0.9259259259259259,10.9142857142857,0.6541353383458647,0.6868686868686869,s/i,
22,Universidades,UNIVERSIDAD DE VIÑA DEL MAR,4 años,Educación,Pedagogía en Educación de Párvulos,Educación Parvularia,0.0223367697594501,s/i,s/i,0.6619217081850534,0.7647058823529411,De $900 mil a $1 millón,950000
75,Universidades,UNIVERSIDAD DEL BIO-BIO,5 años,Educación,Pedagogía en Educación de Párvulos,Pedagogía en Educación Parvularia,0.0295566502463054,0.9,s/i,0.4817073170731707,0.5859375,De $900 mil a $1 millón,950000
45,Universidades,UNIVERSIDAD DEL DESARROLLO,6 años,Educación,Pedagogía en Educación de Párvulos,Pedagogía en Educación de Párvulos,0.036697247706422,0.82,s/i,0.8315789473684211,0.8924731182795699,De $1 millón a $1 millón 100 mil,1050000
3,Universidades,UNIVERSIDAD DIEGO PORTALES,6 años,Educación,Pedagogía en Educación de Párvulos,Pedagogía en Educación Parvularia,0.02803738317757,0.9318181818181818,9.48888888888889,0.81,0.8041237113402062,De $1 millón a $1 millón 100 mil,1050000
10,Universidades,UNIVERSIDAD MAYOR,5 años,Educación,Pedagogía en Educación de Párvulos,Pedagogía en Educación Parvularia y Básica para Primer Ciclo,0.1780821917808219,0.7777777777777778,s/i,0.8676470588235294,0.9333333333333332,s/i,
82,Universidades,UNIVERSIDAD METROPOLITANA DE CIENCIAS DE LA EDUCACION,4 años,Educación,Pedagogía en Educación de Párvulos,Pedagogía en Educación Parvularia,0.0176470588235294,0.8615384615384616,10.8571428571429,0.7450980392156863,0.8306451612903226,De $1 millón a $1 millón 100 mil,1050000
17,Universidades,UNIVERSIDAD SEK,3 años,Educación,Pedagogía en Educación de Párvulos,Pedagogía en Educación Parvularia,0.0114503816793893,s/i,s/i,0.8613861386138614,0.9112903225806452,De $1 millón a $1 millón 100 mil,1050000
89,Universidades,PONTIFICIA UNIVERSIDAD CATOLICA DE VALPARAISO,7 años,Educación,Pedagogía en Educación Diferencial,Pedagogía en Educación Especial,0.0124223602484472,0.8918918918918919,9.95945945945946,0.9271523178807948,0.9074074074074074,De $1 millón 100 mil a $1 millón 200 mil,1150000
11,Universidades,UNIVERSIDAD ACADEMIA DE HUMANISMO CRISTIANO,4 años,Educación,Pedagogía en Educación Diferencial,Pedagogía en Educación Diferencial,0.0128755364806866,s/i,s/i,0.9715447154471544,0.9294117647058824,De $1 millón 200 mil a $1 millón 300 mil,1250000
69,Universidades,UNIVERSIDAD ALBERTO HURTADO,5 años,Educación,Pedagogía en Educación Diferencial,Pedagogía en Educación Diferencial,0.024390243902439,0.8461538461538461,12.25,0.9367088607594936,0.9846153846153848,s/i,
90,Universidades,UNIVERSIDAD AUSTRAL DE CHILE,6 años,Educación,Pedagogía en Educación Diferencial,Pedagogía en Educación Diferencial,0.0225563909774436,0.92,10.1724137931034,0.7560975609756098,0.8691588785046729,De $1 millón 100 mil a $1 millón 200 mil,1150000
50,Universidades,UNIVERSIDAD BERNARDO O'HIGGINS,5 años,Educación,Pedagogía en Educación Diferencial,Pedagogía en Educación Diferencial,0.0,s/i,s/i,0.9761904761904762,0.9166666666666666,s/i,
7,Universidades,UNIVERSIDAD BOLIVARIANA,No,Educación,Pedagogía en Educación Diferencial,Pedagogía en Educación Diferencial,0.0174216027874564,s/i,s/i,0.9011406844106464,0.89171974522293,De $1 millón 100 mil a $1 millón 200 mil,1150000
42,Universidades,UNIVERSIDAD CATOLICA CARDENAL RAUL SILVA HENRIQUEZ,4 años,Educación,Pedagogía en Educación Diferencial,Pedagogía en Educación Diferencial,0.0,0.9279279279279279,10.1217391304348,0.974025974025974,0.9446640316205532,De $1 millón 100 mil a $1 millón 200 mil,1150000
93,Universidades,UNIVERSIDAD CATOLICA DE LA SANTISIMA CONCEPCION,5 años,Educación,Pedagogía en Educación Diferencial,Pedagogía en Educación Diferencial,0.0305676855895196,0.9425287356321839,9.53030303030303,0.8450704225352113,0.8539823008849557,De $1 millón 100 mil a $1 millón 200 mil,1150000
94,Universidades,UNIVERSIDAD CATOLICA DE TEMUCO,5 años,Educación,Pedagogía en Educación Diferencial,Pedagogía en Educación Diferencial,0.0148148148148148,0.875,10.425,0.9140625,0.9407114624505928,De $1 millón 200 mil a $1 millón 300 mil,1250000
92,Universidades,UNIVERSIDAD CATOLICA DEL MAULE,5 años,Educación,Pedagogía en Educación Diferencial,Pedagogía en Educación Especial,0.0758620689655172,0.967741935483871,10.26086956521738,0.9071428571428573,0.9464285714285714,De $1 millón 100 mil a $1 millón 200 mil,1150000
4,Universidades,UNIVERSIDAD CENTRAL DE CHILE,5 años,Educación,Pedagogía en Educación Diferencial,Pedagogía en Educación Diferencial e Integral de Necesidades Educativas Especiales,0.0287162162162162,0.9156626506024096,10.607142857142845,0.9188311688311688,0.9327217125382264,De $1 millón 100 mil a $1 millón 200 mil,1150000
87,Universidades,UNIVERSIDAD DE CONCEPCION,7 años,Educación,Pedagogía en Educación Diferencial,Educación Diferencial,0.0328467153284671,0.9397590361445783,10.981818181818193,0.8340248962655602,0.8558951965065502,De $1 millón 100 mil a $1 millón 200 mil,1150000
74,Universidades,UNIVERSIDAD DE LA SERENA,5 años,Educación,Pedagogía en Educación Diferencial,Pedagogía en Educación Diferencial,0.0133333333333333,0.9047619047619048,11.238095238095202,0.9064748201438848,0.963963963963964,s/i,
19,Universidades,UNIVERSIDAD DE LAS AMERICAS,5 años,Educación,Pedagogía en Educación Diferencial,Pedagogía en Educación Diferencial,0.003875968992248,0.8588235294117647,s/i,0.8541666666666666,0.8597785977859779,De $1 millón a $1 millón 100 mil,1050000
84,Universidades,UNIVERSIDAD DE LOS LAGOS,5 años,Educación,Pedagogía en Educación Diferencial,Educación Diferencial,0.0,0.9090909090909091,9.875000000000004,0.8823529411764706,0.8974358974358975,De $1 millón 100 mil a $1 millón 200 mil,1150000
895,Universidades,UNIVERSIDAD DE O'HIGGINS,4 años,Educación,Pedagogía en Educación Diferencial,Pedagogía en Educación Especial con mención,0.0,0.9532710280373832,10.6923076923077,0.9672131147540984,,s/i,
83,Universidades,UNIVERSIDAD DE PLAYA ANCHA DE CIENCIAS DE LA EDUCACION,5 años,Educación,Pedagogía en Educación Diferencial,Pedagogía en Educación Diferencial,0.0653061224489796,0.9166666666666666,9.939759036144585,0.9389671361502347,0.9257425742574258,De $1 millón 100 mil a $1 millón 200 mil,1150000
3,Universidades,UNIVERSIDAD DIEGO PORTALES,6 años,Educación,Pedagogía en Educación Diferencial,Pedagogía en Educación Diferencial,0.0378787878787878,0.8311688311688312,9.36,0.975206611570248,0.9426751592356688,De $1 millón 100 mil a $1 millón 200 mil,1150000
10,Universidades,UNIVERSIDAD MAYOR,5 años,Educación,Pedagogía en Educación Diferencial,Pedagogía en Educación Diferencial,0.3310344827586207,0.9722222222222222,11.1111111111111,0.9130434782608696,0.9320388349514565,De $1 millón 100 mil a $1 millón 200 mil,1150000
82,Universidades,UNIVERSIDAD METROPOLITANA DE CIENCIAS DE LA EDUCACION,4 años,Educación,Pedagogía en Educación Diferencial,Pedagogía en Educación Diferencial y en Educación Especial,0.0116959064327485,0.8809523809523809,11.8611111111111,0.9361022364217252,0.9548192771084336,De $1 millón 100 mil a $1 millón 200 mil,1150000
39,Universidades,UNIVERSIDAD SAN SEBASTIAN,5 años,Educación,Pedagogía en Educación Diferencial,Pedagogía en Educación Diferencial,0.0235707121364092,0.8839285714285714,10.046728971962617,0.8818398096748612,0.914442700156986,De $1 millón 100 mil a $1 millón 200 mil,1150000
13,Universidades,UNIVERSIDAD SANTO TOMAS,4 años,Educación,Pedagogía en Educación Diferencial,Educación Diferencial,0.0038167938931297,0.9130434782608695,s/i,0.900497512437811,0.9136125654450262,De $1 millón 100 mil a $1 millón 200 mil,1150000
17,Universidades,UNIVERSIDAD SEK,3 años,Educación,Pedagogía en Educación Diferencial,Pedagogía en Educación Diferencial,0.0231788079470198,s/i,s/i,0.9405204460966544,0.9343696027633852,De $1 millón 200 mil a $1 millón 300 mil,1250000
89,Universidades,PONTIFICIA UNIVERSIDAD CATOLICA DE VALPARAISO,7 años,Educación,Pedagogía en Educación Física,Pedagogía en Educación Física,0.1291866028708134,0.9529411764705882,10.1204819277108,0.553763440860215,0.6051282051282051,De $1 millón a $1 millón 100 mil,1050000
20,Universidades,UNIVERSIDAD ANDRES BELLO,6 años,Educación,Pedagogía en Educación Física,Educación Física para la Educación General Básica,0.0699708454810495,0.8482142857142857,10.91111111111109,0.5778546712802768,0.6615853658536586,De $1 millón 100 mil a $1 millón 200 mil,1150000
81,Universidades,UNIVERSIDAD ARTURO PRAT,5 años,Educación,Pedagogía en Educación Física,Pedagogía en Educación Física,0.0833333333333333,0.7692307692307693,s/i,0.7049180327868853,0.84,De $1 millón 200 mil a $1 millón 300 mil,1250000
90,Universidades,UNIVERSIDAD AUSTRAL DE CHILE,6 años,Educación,Pedagogía en Educación Física,"Pedagogía en Educación Física, Deportes y Recreación",0.0886075949367088,0.782051282051282,12.785714285714315,0.5492957746478874,0.6447368421052632,s/i,
31,Universidades,UNIVERSIDAD AUTONOMA DE CHILE,5 años,Educación,Pedagogía en Educación Física,Pedagogía en Educación Física,0.0358126721763085,0.8992248062015504,9.411764705882353,0.5236686390532544,0.6442577030812325,De $1 millón a $1 millón 100 mil,1050000
50,Universidades,UNIVERSIDAD BERNARDO O'HIGGINS,5 años,Educación,Pedagogía en Educación Física,"Pedagogía en Educación Física, Deporte y Recreación",0.0352941176470588,0.8148148148148148,s/i,0.671875,0.6741573033707865,De $900 mil a $1 millón,950000
42,Universidades,UNIVERSIDAD CATOLICA CARDENAL RAUL SILVA HENRIQUEZ,4 años,Educación,Pedagogía en Educación Física,Pedagogía en Educación Física,0.0222222222222222,0.8135593220338984,10.6021505376344,0.549407114624506,0.6818181818181818,De $1 millón a $1 millón 100 mil,1050000
93,Universidades,UNIVERSIDAD CATOLICA DE LA SANTISIMA CONCEPCION,5 años,Educación,Pedagogía en Educación Física,Pedagogía en Educación Física,0.0718232044198895,0.9066666666666666,11.5147058823529,0.44375,0.5705128205128205,De $1 millón a $1 millón 100 mil,1050000
94,Universidades,UNIVERSIDAD CATOLICA DE TEMUCO,5 años,Educación,Pedagogía en Educación Física,Pedagogía en Educación Física,0.0425531914893617,0.8666666666666667,s/i,0.5583333333333333,0.6349206349206349,De $1 millón a $1 millón 100 mil,1050000
92,Universidades,UNIVERSIDAD CATOLICA DEL MAULE,5 años,Educación,Pedagogía en Educación Física,Pedagogía en Educación Física,0.032,0.9069767441860465,11.0933333333333,0.5643153526970954,0.6604651162790698,De $1 millón a $1 millón 100 mil,1050000
4,Universidades,UNIVERSIDAD CENTRAL DE CHILE,5 años,Educación,Pedagogía en Educación Física,Pedagogía en Educación Física,0.0760869565217391,0.9186046511627907,11.711538461538435,0.5432098765432098,0.631578947368421,De $1 millón a $1 millón 100 mil,1050000
73,Universidades,UNIVERSIDAD DE ANTOFAGASTA,5 años,Educación,Pedagogía en Educación Física,Pedagogía en Educación Física,0.0296296296296296,0.8043478260869565,12.1470588235294,0.8225806451612904,0.8333333333333334,De $1 millón 200 mil a $1 millón 300 mil,1250000
79,Universidades,UNIVERSIDAD DE ATACAMA,4 años,Educación,Pedagogía en Educación Física,Pedagogía en Educación Física,0.03125,0.8378378378378378,s/i,0.8023255813953488,0.918918918918919,s/i,
87,Universidades,UNIVERSIDAD DE CONCEPCION,7 años,Educación,Pedagogía en Educación Física,Pedagogía en Educación Física,0.0277777777777777,0.9041095890410958,11.6666666666667,0.5584415584415584,0.6466165413533834,De $1 millón a $1 millón 100 mil,1050000
76,Universidades,UNIVERSIDAD DE LA FRONTERA,5 años,Educación,Pedagogía en Educación Física,"Pedagogía en Educación Física, Deportes y Recreación",0.0121212121212121,0.8426966292134831,11.45,0.5222929936305732,0.6842105263157895,De $1 millón a $1 millón 100 mil,1050000
19,Universidades,UNIVERSIDAD DE LAS AMERICAS,5 años,Educación,Pedagogía en Educación Física,Pedagogía en Educación Física,0.0178571428571428,0.8245614035087719,s/i,0.5625,0.7038834951456311,De $1 millón a $1 millón 100 mil,1050000
84,Universidades,UNIVERSIDAD DE LOS LAGOS,5 años,Educación,Pedagogía en Educación Física,Pedagogía en Educación Media Mención Educación Física,0.0320855614973262,0.8426966292134831,10.190476190476156,0.3701298701298701,0.5683453237410072,De $900 mil a $1 millón,950000
83,Universidades,UNIVERSIDAD DE PLAYA ANCHA DE CIENCIAS DE LA EDUCACION,5 años,Educación,Pedagogía en Educación Física,Pedagogía en Educación Física,0.0402298850574712,0.9104477611940298,12.162162162162165,0.5921052631578947,0.68,De $900 mil a $1 millón,950000
71,Universidades,UNIVERSIDAD DE SANTIAGO DE CHILE,7 años,Educación,Pedagogía en Educación Física,Pedagogía en Educación Física,0.0493827160493827,0.8292682926829268,11.8,0.5942028985507246,0.7101449275362319,s/i,
80,Universidades,UNIVERSIDAD DE TARAPACA,6 años,Educación,Pedagogía en Educación Física,Pedagogía en Educación Física,0.027027027027027,0.8888888888888888,s/i,0.6238532110091743,0.6707317073170732,s/i,
22,Universidades,UNIVERSIDAD DE VIÑA DEL MAR,4 años,Educación,Pedagogía en Educación Física,Pedagogía en Educación Física,0.0462962962962962,s/i,s/i,0.4175824175824176,0.5970149253731343,De $900 mil a $1 millón,950000
75,Universidades,UNIVERSIDAD DEL BIO-BIO,5 años,Educación,Pedagogía en Educación Física,Pedagogía en Educación Física,0.0165745856353591,0.9090909090909091,10.32,0.4294478527607362,0.6014492753623188,De $1 millón a $1 millón 100 mil,1050000
10,Universidades,UNIVERSIDAD MAYOR,5 años,Educación,Pedagogía en Educación Física,"Pedagogía en Educación Física, Deportes y Recreación",0.1953125,0.9464285714285714,10.7457627118644,0.5941422594142259,0.6848739495798319,De $1 millón a $1 millón 100 mil,1050000
82,Universidades,UNIVERSIDAD METROPOLITANA DE CIENCIAS DE LA EDUCACION,4 años,Educación,Pedagogía en Educación Física,"Pedagogía en Educación Física, Deportes y Recreación",0.0714285714285714,0.9183673469387755,s/i,0.6743295019157088,0.6742857142857143,De $1 millón 100 mil a $1 millón 200 mil,1150000
39,Universidades,UNIVERSIDAD SAN SEBASTIAN,5 años,Educación,Pedagogía en Educación Física,Pedagogía en Educación Física,0.088235294117647,0.8444444444444444,11.148936170212753,0.4367088607594936,0.6238095238095238,De $1 millón a $1 millón 100 mil,1050000
13,Universidades,UNIVERSIDAD SANTO TOMAS,4 años,Educación,Pedagogía en Educación Física,Pedagogía en Educación Física,0.043010752688172,0.8133333333333334,10.514285714285695,0.603448275862069,0.7586206896551724,De $900 mil a $1 millón,950000
70,Universidades,UNIVERSIDAD DE CHILE,7 años,Educación,Pedagogía en Educación Media,Pedagogía en Educación Media en Asignaturas Científico Humanistas,0.047457627118644,s/i,s/i,0.7975708502024291,0.8441558441558441,De $1 millón 200 mil a $1 millón 300 mil,1250000
82,Universidades,UNIVERSIDAD METROPOLITANA DE CIENCIAS DE LA EDUCACION,4 años,Educación,Pedagogía en Filosofía y Religión,Pedagogía en Filosofía,0.109375,s/i,s/i,0.6666666666666666,0.7346938775510204,s/i,
89,Universidades,PONTIFICIA UNIVERSIDAD CATOLICA DE VALPARAISO,7 años,Educación,"Pedagogía en Historia, Geografía y Ciencias Sociales","Pedagogía en Historia, Geografía y Ciencias Sociales",0.1597222222222222,0.8305084745762712,10.727272727272727,0.6842105263157895,0.794392523364486,De $1 millón a $1 millón 100 mil,1050000
69,Universidades,UNIVERSIDAD ALBERTO HURTADO,5 años,Educación,"Pedagogía en Historia, Geografía y Ciencias Sociales",Pedagogía en Historia y Ciencias Sociales,0.009009009009009,0.8,11.6206896551724,0.85,0.8333333333333334,s/i,
31,Universidades,UNIVERSIDAD AUTONOMA DE CHILE,5 años,Educación,"Pedagogía en Historia, Geografía y Ciencias Sociales","Pedagogía en Historia, Geografía y Ciencias Sociales",0.0224719101123595,0.7894736842105263,10.0384615384615,0.6419753086419753,0.8533333333333334,De $1 millón a $1 millón 100 mil,1050000
42,Universidades,UNIVERSIDAD CATOLICA CARDENAL RAUL SILVA HENRIQUEZ,4 años,Educación,"Pedagogía en Historia, Geografía y Ciencias Sociales",Pedagogía en Historia y Geografía,0.0128205128205128,s/i,s/i,0.72,0.7857142857142857,De $1 millón a $1 millón 100 mil,1050000
87,Universidades,UNIVERSIDAD DE CONCEPCION,7 años,Educación,"Pedagogía en Historia, Geografía y Ciencias Sociales",Pedagogía en Historia y Geografía,0.1478873239436619,0.8780487804878049,11.3488372093023,0.75,0.8055555555555556,De $1 millón 100 mil a $1 millón 200 mil,1150000
76,Universidades,UNIVERSIDAD DE LA FRONTERA,5 años,Educación,"Pedagogía en Historia, Geografía y Ciencias Sociales","Pedagogía en Historia, Geografía y Educación Cívica",0.0714285714285714,0.9302325581395349,11.6333333333333,0.6507936507936508,0.864406779661017,De $1 millón 100 mil a $1 millón 200 mil,1150000
74,Universidades,UNIVERSIDAD DE LA SERENA,5 años,Educación,"Pedagogía en Historia, Geografía y Ciencias Sociales",Pedagogía en Historia y Geografía,0.0338983050847457,0.8,10.742857142857147,0.7870370370370371,0.8522727272727273,s/i,
83,Universidades,UNIVERSIDAD DE PLAYA ANCHA DE CIENCIAS DE LA EDUCACION,5 años,Educación,"Pedagogía en Historia, Geografía y Ciencias Sociales",Pedagogía en Historia y Geografía,0.0163934426229508,s/i,12.972222222222214,0.76,0.8275862068965517,De $1 millón a $1 millón 100 mil,1050000
71,Universidades,UNIVERSIDAD DE SANTIAGO DE CHILE,7 años,Educación,"Pedagogía en Historia, Geografía y Ciencias Sociales",Pedagogía en Historia y Ciencias Sociales,0.0344827586206896,0.8958333333333334,11.5882352941176,0.863013698630137,0.913793103448276,De $1 millón 200 mil a $1 millón 300 mil,1250000
80,Universidades,UNIVERSIDAD DE TARAPACA,6 años,Educación,"Pedagogía en Historia, Geografía y Ciencias Sociales",Pedagogía en Historia y Geografía,0.0476190476190476,s/i,s/i,0.696969696969697,,s/i,
72,Universidades,UNIVERSIDAD DE VALPARAISO,6 años,Educación,"Pedagogía en Historia, Geografía y Ciencias Sociales",Pedagogía en Historia y Ciencias Sociales,0.1111111111111111,s/i,13.173076923076902,0.6216216216216216,0.8333333333333334,De $1 millón a $1 millón 100 mil,1050000
75,Universidades,UNIVERSIDAD DEL BIO-BIO,5 años,Educación,"Pedagogía en Historia, Geografía y Ciencias Sociales",Pedagogía en Historia y Geografía,0.0583333333333333,0.725,s/i,0.6601941747572816,0.7530864197530864,De $1 millón 100 mil a $1 millón 200 mil,1150000
3,Universidades,UNIVERSIDAD DIEGO PORTALES,6 años,Educación,"Pedagogía en Historia, Geografía y Ciencias Sociales",Pedagogía en Historia y Ciencias Sociales,0.0934579439252336,s/i,s/i,0.8181818181818182,0.8382352941176471,s/i,
82,Universidades,UNIVERSIDAD METROPOLITANA DE CIENCIAS DE LA EDUCACION,4 años,Educación,"Pedagogía en Historia, Geografía y Ciencias Sociales","Pedagogía en Historia, Geografía y Educación Cívica",0.0,0.875,s/i,0.7986577181208053,0.8703703703703703,De $1 millón 100 mil a $1 millón 200 mil,1150000
89,Universidades,PONTIFICIA UNIVERSIDAD CATOLICA DE VALPARAISO,7 años,Educación,Pedagogía en Idiomas,Pedagogía en Inglés,0.0344827586206896,0.8777777777777778,12.326923076923098,0.768,0.7969924812030075,De $1 millón a $1 millón 100 mil,1050000
69,Universidades,UNIVERSIDAD ALBERTO HURTADO,5 años,Educación,Pedagogía en Idiomas,Pedagogía en Inglés,0.0273972602739726,0.8823529411764706,12.0740740740741,0.751937984496124,0.8170731707317073,De $1 millón a $1 millón 100 mil,1050000
20,Universidades,UNIVERSIDAD ANDRES BELLO,6 años,Educación,Pedagogía en Idiomas,Pedagogía en Inglés,0.0149253731343283,0.8805970149253731,10.72,0.5765765765765766,0.6716417910447762,De $1 millón a $1 millón 100 mil,1050000
81,Universidades,UNIVERSIDAD ARTURO PRAT,5 años,Educación,Pedagogía en Idiomas,Pedagogía en Inglés,0.0,0.6875,s/i,0.6268656716417911,0.74,s/i,
90,Universidades,UNIVERSIDAD AUSTRAL DE CHILE,6 años,Educación,Pedagogía en Idiomas,Pedagogía en Comunicación en Lengua Inglesa,0.0289855072463768,0.9137931034482759,11.714285714285692,0.4915254237288136,0.6176470588235294,De $1 millón a $1 millón 100 mil,1050000
31,Universidades,UNIVERSIDAD AUTONOMA DE CHILE,5 años,Educación,Pedagogía en Idiomas,Pedagogía en Inglés,0.0041493775933609,0.8833333333333333,10.05,0.5144230769230769,0.7389380530973452,De $900 mil a $1 millón,950000
50,Universidades,UNIVERSIDAD BERNARDO O'HIGGINS,5 años,Educación,Pedagogía en Idiomas,Pedagogía en Inglés,0.0204081632653061,0.8275862068965517,s/i,0.5384615384615384,0.7692307692307693,s/i,
42,Universidades,UNIVERSIDAD CATOLICA CARDENAL RAUL SILVA HENRIQUEZ,4 años,Educación,Pedagogía en Idiomas,Pedagogía en Inglés,0.0192307692307692,0.8205128205128205,10.3333333333333,0.6770833333333334,0.7708333333333334,De $1 millón a $1 millón 100 mil,1050000
93,Universidades,UNIVERSIDAD CATOLICA DE LA SANTISIMA CONCEPCION,5 años,Educación,Pedagogía en Idiomas,Pedagogía en Educación Media en Inglés,0.032051282051282,0.9012345679012346,13.68,0.3741007194244604,0.6601941747572816,De $1 millón a $1 millón 100 mil,1050000
94,Universidades,UNIVERSIDAD CATOLICA DE TEMUCO,5 años,Educación,Pedagogía en Idiomas,Pedagogía en Inglés,0.008695652173913,0.7638888888888888,12.923076923076902,0.5392156862745098,0.6666666666666666,De $1 millón a $1 millón 100 mil,1050000
92,Universidades,UNIVERSIDAD CATOLICA DEL MAULE,5 años,Educación,Pedagogía en Idiomas,Pedagogía en Inglés,0.0145985401459854,0.872093023255814,11.7894736842105,0.5862068965517241,0.7301587301587301,s/i,
91,Universidades,UNIVERSIDAD CATOLICA DEL NORTE,6 años,Educación,Pedagogía en Idiomas,Pedagogía en Inglés,0.0348837209302325,0.9473684210526315,s/i,0.7619047619047619,0.8351648351648352,De $1 millón 200 mil a $1 millón 300 mil,1250000
79,Universidades,UNIVERSIDAD DE ATACAMA,4 años,Educación,Pedagogía en Idiomas,Licenciatura en Inglés y Pedagogía en Inglés,0.0746268656716417,0.7878787878787878,s/i,0.7454545454545455,,s/i,
87,Universidades,UNIVERSIDAD DE CONCEPCION,7 años,Educación,Pedagogía en Idiomas,Pedagogía en Inglés,0.050314465408805,0.8505747126436781,11.777777777777766,0.6126760563380281,0.7959183673469388,De $900 mil a $1 millón,950000
76,Universidades,UNIVERSIDAD DE LA FRONTERA,5 años,Educación,Pedagogía en Idiomas,Pedagogía en Inglés,0.0344827586206896,0.8787878787878788,11.1612903225806,0.4935064935064935,0.6464646464646465,De $900 mil a $1 millón,950000
74,Universidades,UNIVERSIDAD DE LA SERENA,5 años,Educación,Pedagogía en Idiomas,Pedagogía en Inglés,0.0172413793103448,0.7924528301886793,11.440000000000037,0.6836734693877551,0.6741573033707865,s/i,
83,Universidades,UNIVERSIDAD DE PLAYA ANCHA DE CIENCIAS DE LA EDUCACION,5 años,Educación,Pedagogía en Idiomas,Pedagogía en Inglés,0.0402298850574712,0.782051282051282,12.139999999999985,0.5625,0.7071428571428572,De $900 mil a $1 millón,950000
71,Universidades,UNIVERSIDAD DE SANTIAGO DE CHILE,7 años,Educación,Pedagogía en Idiomas,Pedagogía en Inglés,0.036036036036036,0.9333333333333333,11.7916666666667,0.8350515463917526,0.8367346938775511,De $1 millón a $1 millón 100 mil,1050000
78,Universidades,UNIVERSIDAD DE TALCA,6 años,Educación,Pedagogía en Idiomas,Pedagogía en Educación Media en Inglés y Alemán,0.0,0.9230769230769231,s/i,0.4727272727272727,0.7368421052631579,s/i,
80,Universidades,UNIVERSIDAD DE TARAPACA,6 años,Educación,Pedagogía en Idiomas,Pedagogía en Inglés,0.05,0.8529411764705882,s/i,0.6744186046511628,0.8064516129032258,s/i,
75,Universidades,UNIVERSIDAD DEL BIO-BIO,5 años,Educación,Pedagogía en Idiomas,Pedagogía en Inglés,0.0163934426229508,0.8275862068965517,11.4883720930233,0.5636363636363636,0.6782608695652174,De $900 mil a $1 millón,950000
3,Universidades,UNIVERSIDAD DIEGO PORTALES,6 años,Educación,Pedagogía en Idiomas,Pedagogía en Inglés,0.0068493150684931,0.9056603773584906,11.5238095238095,0.8345864661654135,0.8558558558558559,s/i,
10,Universidades,UNIVERSIDAD MAYOR,5 años,Educación,Pedagogía en Idiomas,Pedagogía en Inglés para Educación Básica y Media,0.125,s/i,11,0.7160493827160493,0.8452380952380952,De $1 millón 100 mil a $1 millón 200 mil,1150000
82,Universidades,UNIVERSIDAD METROPOLITANA DE CIENCIAS DE LA EDUCACION,4 años,Educación,Pedagogía en Idiomas,"Pedagogía en Inglés, Francés y/o Alemán",0.0099502487562189,0.92,11.694915254237305,0.7452229299363057,0.8403361344537815,De $1 millón 100 mil a $1 millón 200 mil,1150000
39,Universidades,UNIVERSIDAD SAN SEBASTIAN,5 años,Educación,Pedagogía en Idiomas,Pedagogía en Educación Media en Inglés,0.036144578313253,0.8303571428571429,11.928571428571402,0.5169082125603864,0.6752136752136753,De $1 millón a $1 millón 100 mil,1050000
13,Universidades,UNIVERSIDAD SANTO TOMAS,4 años,Educación,Pedagogía en Idiomas,Pedagogía en Inglés,0.0416666666666666,s/i,s/i,0.7,,De $1 millón a $1 millón 100 mil,1050000
89,Universidades,PONTIFICIA UNIVERSIDAD CATOLICA DE VALPARAISO,7 años,Educación,"Pedagogía en Lenguaje, Comunicación y/o Castellano",Pedagogía en Castellano,0.0921985815602836,0.9142857142857143,11.090909090909086,0.75,0.782051282051282,De $1 millón 100 mil a $1 millón 200 mil,1150000
69,Universidades,UNIVERSIDAD ALBERTO HURTADO,5 años,Educación,"Pedagogía en Lenguaje, Comunicación y/o Castellano",Pedagogía en Lengua Castellana y Comunicación,0.0392156862745098,0.6956521739130435,11.04,0.9230769230769232,0.9230769230769232,s/i,
90,Universidades,UNIVERSIDAD AUSTRAL DE CHILE,6 años,Educación,"Pedagogía en Lenguaje, Comunicación y/o Castellano",Pedagogía en Lenguaje y Comunicación,0.0684931506849315,0.8723404255319149,11.41176470588233,0.6885245901639344,,s/i,
31,Universidades,UNIVERSIDAD AUTONOMA DE CHILE,5 años,Educación,"Pedagogía en Lenguaje, Comunicación y/o Castellano",Pedagogía en Castellano y en Lengua Castellana y Comunicación,0.0408163265306122,0.7837837837837838,s/i,0.7608695652173914,0.8793103448275862,De $1 millón 100 mil a $1 millón 200 mil,1150000
42,Universidades,UNIVERSIDAD CATOLICA CARDENAL RAUL SILVA HENRIQUEZ,4 años,Educación,"Pedagogía en Lenguaje, Comunicación y/o Castellano",Pedagogía en Castellano,0.0348837209302325,0.8148148148148148,10.4193548387097,0.9493670886075948,0.9152542372881356,s/i,
93,Universidades,UNIVERSIDAD CATOLICA DE LA SANTISIMA CONCEPCION,5 años,Educación,"Pedagogía en Lenguaje, Comunicación y/o Castellano",Pedagogía en Educación Media en Lenguaje y Comunicación,0.0656565656565656,0.8666666666666667,11.3,0.75,0.8333333333333334,De $1 millón 100 mil a $1 millón 200 mil,1150000
94,Universidades,UNIVERSIDAD CATOLICA DE TEMUCO,5 años,Educación,"Pedagogía en Lenguaje, Comunicación y/o Castellano",Pedagogía en Lengua Castellana y Comunicación,0.0,0.7727272727272727,10.52,0.7605633802816901,0.9298245614035088,s/i,
92,Universidades,UNIVERSIDAD CATOLICA DEL MAULE,5 años,Educación,"Pedagogía en Lenguaje, Comunicación y/o Castellano",Pedagogía en Lengua Castellana y Comunicación,0.03954802259887,0.8596491228070176,10.5952380952381,0.7797619047619048,0.8206896551724138,De $1 millón 100 mil a $1 millón 200 mil,1150000
73,Universidades,UNIVERSIDAD DE ANTOFAGASTA,5 años,Educación,"Pedagogía en Lenguaje, Comunicación y/o Castellano",Pedagogía en Lenguaje y Comunicación,0.125,0.6666666666666666,s/i,0.96,0.94,s/i,
87,Universidades,UNIVERSIDAD DE CONCEPCION,7 años,Educación,"Pedagogía en Lenguaje, Comunicación y/o Castellano",Pedagogía en Español,0.0816326530612244,0.9333333333333333,11.923076923076902,0.7727272727272727,0.8235294117647058,De $1 millón 100 mil a $1 millón 200 mil,1150000
76,Universidades,UNIVERSIDAD DE LA FRONTERA,5 años,Educación,"Pedagogía en Lenguaje, Comunicación y/o Castellano",Pedagogía en Castellano y Comunicación,0.0439560439560439,0.875,10.4814814814815,0.8823529411764706,0.8552631578947368,s/i,
74,Universidades,UNIVERSIDAD DE LA SERENA,5 años,Educación,"Pedagogía en Lenguaje, Comunicación y/o Castellano",Pedagogía en Castellano y Filosofía,0.0963855421686747,0.9454545454545454,11.269230769230738,0.8378378378378378,0.9310344827586208,s/i,
895,Universidades,UNIVERSIDAD DE O'HIGGINS,4 años,Educación,"Pedagogía en Lenguaje, Comunicación y/o Castellano",Pedagogía en Lenguaje y Comunicación,0.0,0.8846153846153846,10.7,0.8548387096774194,,s/i,
83,Universidades,UNIVERSIDAD DE PLAYA ANCHA DE CIENCIAS DE LA EDUCACION,5 años,Educación,"Pedagogía en Lenguaje, Comunicación y/o Castellano",Pedagogía en Castellano,0.0319148936170212,0.8431372549019608,11.037735849056638,0.83125,0.8771929824561403,De $1 millón 100 mil a $1 millón 200 mil,1150000
71,Universidades,UNIVERSIDAD DE SANTIAGO DE CHILE,7 años,Educación,"Pedagogía en Lenguaje, Comunicación y/o Castellano",Pedagogía en Castellano,0.0,0.851063829787234,12.46875,0.8701298701298701,0.9777777777777776,De $1 millón 300 mil a $1 millón 400 mil,1350000
80,Universidades,UNIVERSIDAD DE TARAPACA,6 años,Educación,"Pedagogía en Lenguaje, Comunicación y/o Castellano",Pedagogía en Castellano y Comunicación,0.0161290322580645,0.8529411764705882,s/i,0.9019607843137256,,s/i,
75,Universidades,UNIVERSIDAD DEL BIO-BIO,5 años,Educación,"Pedagogía en Lenguaje, Comunicación y/o Castellano",Pedagogía en Castellano y Comunicación,0.073170731707317,0.85,12.5277777777778,0.7685185185185185,0.8169014084507042,De $1 millón 100 mil a $1 millón 200 mil,1150000
3,Universidades,UNIVERSIDAD DIEGO PORTALES,6 años,Educación,"Pedagogía en Lenguaje, Comunicación y/o Castellano",Pedagogía en Lengua Castellana y Comunicación,0.0422535211267605,s/i,s/i,0.8833333333333333,0.864406779661017,s/i,
82,Universidades,UNIVERSIDAD METROPOLITANA DE CIENCIAS DE LA EDUCACION,4 años,Educación,"Pedagogía en Lenguaje, Comunicación y/o Castellano",Pedagogía en Castellano,0.0484848484848484,0.8536585365853658,12.7619047619048,0.9432624113475178,0.9292035398230089,De $1 millón 200 mil a $1 millón 300 mil,1250000
86,Universidades,PONTIFICIA UNIVERSIDAD CATOLICA DE CHILE,7 años,Educación,Pedagogía en Matemáticas y Computación,Pedagogía en Educación Mediaen Matemática,0.0568181818181818,0.875,s/i,0.9487179487179488,0.921875,s/i,
89,Universidades,PONTIFICIA UNIVERSIDAD CATOLICA DE VALPARAISO,7 años,Educación,Pedagogía en Matemáticas y Computación,Pedagogía en Matemáticas,0.0588235294117647,0.8611111111111112,9.66666666666667,0.875968992248062,0.927007299270073,De $1 millón 100 mil a $1 millón 200 mil,1150000
69,Universidades,UNIVERSIDAD ALBERTO HURTADO,5 años,Educación,Pedagogía en Matemáticas y Computación,Pedagogía en Matemáticas,0.0151515151515151,0.6785714285714286,s/i,0.9,,s/i,
42,Universidades,UNIVERSIDAD CATOLICA CARDENAL RAUL SILVA HENRIQUEZ,4 años,Educación,Pedagogía en Matemáticas y Computación,Pedagogía en Matemáticas e Informática Educativa,0.0,s/i,s/i,0.9491525423728814,,s/i,
93,Universidades,UNIVERSIDAD CATOLICA DE LA SANTISIMA CONCEPCION,5 años,Educación,Pedagogía en Matemáticas y Computación,Pedagogía en Educación Media en Matemática,0.0816326530612244,s/i,11.4285714285714,0.8045977011494253,0.9178082191780822,s/i,
92,Universidades,UNIVERSIDAD CATOLICA DEL MAULE,5 años,Educación,Pedagogía en Matemáticas y Computación,Pedagogía en Matemática y Computación,0.0202020202020202,0.8536585365853658,10.2564102564103,0.9247311827956988,0.9636363636363636,De $1 millón 100 mil a $1 millón 200 mil,1150000
70,Universidades,UNIVERSIDAD DE CHILE,7 años,Educación,Pedagogía en Matemáticas y Computación,Pedagogía Educación Media en Matemática y Física,0.0517241379310344,0.7843137254901961,12.2291666666667,0.9702970297029704,0.9690721649484536,De $1 millón 300 mil a $1 millón 400 mil,1350000
87,Universidades,UNIVERSIDAD DE CONCEPCION,7 años,Educación,Pedagogía en Matemáticas y Computación,Pedagogía en Matemática y Computación y en Matemáticas y Educación Tecnológica,0.1196581196581196,0.8571428571428571,12.224137931034473,0.9230769230769232,0.946236559139785,De $1 millón 300 mil a $1 millón 400 mil,1350000
74,Universidades,UNIVERSIDAD DE LA SERENA,5 años,Educación,Pedagogía en Matemáticas y Computación,Pedagogía en Matemáticas y Computación,0.0285714285714285,0.7333333333333333,11.342857142857127,0.9107142857142856,,s/i,
71,Universidades,UNIVERSIDAD DE SANTIAGO DE CHILE,7 años,Educación,Pedagogía en Matemáticas y Computación,Pedagogía en Matemática y Computación,0.0760869565217391,0.6666666666666666,13.7575757575758,0.9487179487179488,1.0,De $1 millón 300 mil a $1 millón 400 mil,1350000
75,Universidades,UNIVERSIDAD DEL BIO-BIO,5 años,Educación,Pedagogía en Matemáticas y Computación,Pedagogía en Educación Matemática,0.0454545454545454,0.52,s/i,0.8421052631578947,0.9148936170212766,De $1 millón 200 mil a $1 millón 300 mil,1250000
82,Universidades,UNIVERSIDAD METROPOLITANA DE CIENCIAS DE LA EDUCACION,4 años,Educación,Pedagogía en Matemáticas y Computación,Pedagogía en Matemática,0.0482758620689655,0.7241379310344828,12.436363636363598,0.9416666666666668,0.971153846153846,De $1 millón 300 mil a $1 millón 400 mil,1350000
86,Universidades,PONTIFICIA UNIVERSIDAD CATOLICA DE CHILE,7 años,Ciencias Sociales,Periodismo,Periodismo - Dirección Audiovisual - Publicidad,0.0260223048327137,0.9428571428571428,11.0240963855422,0.8625,0.889344262295082,De $1 millón 500 mil a $1 millón 600 mil,1550000
89,Universidades,PONTIFICIA UNIVERSIDAD CATOLICA DE VALPARAISO,7 años,Ciencias Sociales,Periodismo,Periodismo,0.0372340425531914,0.8617021276595744,9.66216216216216,0.6918238993710691,0.8243243243243243,De $1 millón 200 mil a $1 millón 300 mil,1250000
23,Universidades,UNIVERSIDAD ADOLFO IBAÑEZ,6 años,Ciencias Sociales,Periodismo,Periodismo,0.0176470588235294,s/i,11.157142857142846,0.7894736842105263,0.7793103448275862,De $1 millón 500 mil a $1 millón 600 mil,1550000
69,Universidades,UNIVERSIDAD ALBERTO HURTADO,5 años,Ciencias Sociales,Periodismo,Periodismo,0.032258064516129,0.8059701492537313,11.631578947368434,0.7153284671532847,0.8484848484848485,s/i,
20,Universidades,UNIVERSIDAD ANDRES BELLO,6 años,Ciencias Sociales,Periodismo,Periodismo,0.0091324200913242,0.8333333333333334,9.86206896551724,0.5139664804469274,0.6936416184971098,De $1 millón 100 mil a $1 millón 200 mil,1150000
90,Universidades,UNIVERSIDAD AUSTRAL DE CHILE,6 años,Ciencias Sociales,Periodismo,Periodismo,0.0227272727272727,0.8478260869565217,11.8275862068966,0.6301369863013698,0.6507936507936508,s/i,
93,Universidades,UNIVERSIDAD CATOLICA DE LA SANTISIMA CONCEPCION,5 años,Ciencias Sociales,Periodismo,Periodismo,0.0575539568345323,0.8987341772151899,12.9487179487179,0.6456692913385826,0.8172043010752689,De $1 millón 100 mil a $1 millón 200 mil,1150000
91,Universidades,UNIVERSIDAD CATOLICA DEL NORTE,6 años,Ciencias Sociales,Periodismo,Periodismo,0.0197368421052631,0.972972972972973,10.9032258064516,0.7307692307692307,0.75,De $1 millón 400 mil a $1 millón 500 mil,1450000
4,Universidades,UNIVERSIDAD CENTRAL DE CHILE,5 años,Ciencias Sociales,Periodismo,Periodismo,0.0285714285714285,0.8928571428571429,12.5806451612903,0.6373626373626373,0.8115942028985508,s/i,
26,Universidades,"UNIVERSIDAD DE ARTES, CIENCIAS Y COMUNICACION - UNIACC",3 años,Ciencias Sociales,Periodismo,Periodismo,0.0375,0.7272727272727273,12.466666666666649,0.5526315789473685,0.7948717948717948,s/i,
70,Universidades,UNIVERSIDAD DE CHILE,7 años,Ciencias Sociales,Periodismo,Periodismo,0.0520833333333333,0.94,12.6715328467153,0.7658730158730159,0.852017937219731,De $1 millón 300 mil a $1 millón 400 mil,1350000
87,Universidades,UNIVERSIDAD DE CONCEPCION,7 años,Ciencias Sociales,Periodismo,Periodismo,0.023076923076923,0.9,12.206896551724098,0.7017543859649122,0.6826923076923077,De $1 millón 100 mil a $1 millón 200 mil,1150000
76,Universidades,UNIVERSIDAD DE LA FRONTERA,5 años,Ciencias Sociales,Periodismo,Periodismo,0.0256410256410256,0.9696969696969697,s/i,0.5,0.6481481481481481,s/i,
74,Universidades,UNIVERSIDAD DE LA SERENA,5 años,Ciencias Sociales,Periodismo,Periodismo,0.0521739130434782,0.8947368421052632,13.3921568627451,0.5555555555555556,0.6428571428571429,De $1 millón 200 mil a $1 millón 300 mil,1250000
19,Universidades,UNIVERSIDAD DE LAS AMERICAS,5 años,Ciencias Sociales,Periodismo,Periodismo,0.0,0.7380952380952381,s/i,0.6363636363636364,,s/i,
34,Universidades,UNIVERSIDAD DE LOS ANDES,6 años,Ciencias Sociales,Periodismo,Periodismo,0.0607734806629834,0.9411764705882353,10.3055555555556,0.7283950617283951,0.8176100628930818,De $1 millón 500 mil a $1 millón 600 mil,1550000
83,Universidades,UNIVERSIDAD DE PLAYA ANCHA DE CIENCIAS DE LA EDUCACION,5 años,Ciencias Sociales,Periodismo,Periodismo,0.031578947368421,0.8064516129032258,13.1315789473684,0.725,0.7808219178082192,s/i,
71,Universidades,UNIVERSIDAD DE SANTIAGO DE CHILE,7 años,Ciencias Sociales,Periodismo,Periodismo,0.0514705882352941,0.8387096774193549,11.4166666666667,0.7254901960784313,0.75,De $1 millón 200 mil a $1 millón 300 mil,1250000
22,Universidades,UNIVERSIDAD DE VIÑA DEL MAR,4 años,Ciencias Sociales,Periodismo,Periodismo,0.0229007633587786,s/i,s/i,0.3368421052631579,0.5,s/i,
45,Universidades,UNIVERSIDAD DEL DESARROLLO,6 años,Ciencias Sociales,Periodismo,Periodismo,0.0149812734082397,0.8785046728971962,10.90425531914895,0.7573221757322176,0.8599033816425121,De $1 millón 500 mil a $1 millón 600 mil,1550000
3,Universidades,UNIVERSIDAD DIEGO PORTALES,6 años,Ciencias Sociales,Periodismo,Periodismo,0.0557491289198606,0.9225806451612903,10.6942148760331,0.7443609022556391,0.8652482269503546,De $1 millón 300 mil a $1 millón 400 mil,1350000
2,Universidades,UNIVERSIDAD FINIS TERRAE,5 años,Ciencias Sociales,Periodismo,Periodismo,0.021505376344086,0.8125,11.8125,0.6144578313253012,0.8,De $1 millón 300 mil a $1 millón 400 mil,1350000
10,Universidades,UNIVERSIDAD MAYOR,5 años,Ciencias Sociales,Periodismo,Periodismo,0.0357142857142857,s/i,s/i,0.4523809523809524,0.6304347826086957,s/i,
13,Universidades,UNIVERSIDAD SANTO TOMAS,4 años,Ciencias Sociales,Periodismo,Periodismo,0.0135135135135135,s/i,s/i,0.6909090909090909,0.7796610169491526,De $1 millón 300 mil a $1 millón 400 mil,1350000
86,Universidades,PONTIFICIA UNIVERSIDAD CATOLICA DE CHILE,7 años,Educación,Programas de Formación Pedagógica,Programa de Formación Pedagógica para Licenciados,0.0671641791044776,s/i,s/i,0.8288043478260869,0.875,De $1 millón 300 mil a $1 millón 400 mil,1350000
69,Universidades,UNIVERSIDAD ALBERTO HURTADO,5 años,Educación,Programas de Formación Pedagógica,Pedagogía para Profesionales,0.0331125827814569,s/i,s/i,0.8918918918918919,,s/i,
20,Universidades,UNIVERSIDAD ANDRES BELLO,6 años,Educación,Programas de Formación Pedagógica,Pedagogía en Educación Media para Licenciados,0.0420757363253856,s/i,s/i,0.7696476964769647,0.8416030534351145,De $1 millón 100 mil a $1 millón 200 mil,1150000
34,Universidades,UNIVERSIDAD DE LOS ANDES,6 años,Educación,Programas de Formación Pedagógica,Programa de Pedagogía en Educación Media,0.0263157894736842,s/i,s/i,0.8607594936708861,0.8913043478260869,De $1 millón 500 mil a $1 millón 600 mil,1550000
45,Universidades,UNIVERSIDAD DEL DESARROLLO,6 años,Educación,Programas de Formación Pedagógica,Programas de Formación Pedagógica para Licenciados y Profesionales,0.072289156626506,s/i,s/i,0.8222222222222222,0.810126582278481,s/i,
86,Universidades,PONTIFICIA UNIVERSIDAD CATOLICA DE CHILE,7 años,Ciencias Sociales,Psicología,Psicología,0.0979020979020979,0.954248366013072,11.6292682926829,0.696078431372549,0.8514644351464435,De $1 millón 400 mil a $1 millón 500 mil,1450000
89,Universidades,PONTIFICIA UNIVERSIDAD CATOLICA DE VALPARAISO,7 años,Ciencias Sociales,Psicología,Psicología,0.0176211453744493,0.9327731092436975,10.8953488372093,0.6243386243386243,0.7932960893854749,De $1 millón 100 mil a $1 millón 200 mil,1150000
11,Universidades,UNIVERSIDAD ACADEMIA DE HUMANISMO CRISTIANO,4 años,Ciencias Sociales,Psicología,Psicología,0.0227272727272727,0.8952879581151832,12.555555555555575,0.5751295336787565,0.6666666666666666,De $1 millón 100 mil a $1 millón 200 mil,1150000
23,Universidades,UNIVERSIDAD ADOLFO IBAÑEZ,6 años,Ciencias Sociales,Psicología,Psicología,0.044776119402985,0.9337016574585635,12.011494252873542,0.6560283687943262,0.8141891891891891,De $1 millón 500 mil a $1 millón 600 mil,1550000
38,Universidades,UNIVERSIDAD ADVENTISTA DE CHILE,3 años,Ciencias Sociales,Psicología,Psicología,0.0138888888888888,0.7962962962962963,11.15,0.5528455284552846,0.796875,De $1 millón a $1 millón 100 mil,1050000
69,Universidades,UNIVERSIDAD ALBERTO HURTADO,5 años,Ciencias Sociales,Psicología,Psicología,0.0236220472440944,0.9520958083832335,11.9387755102041,0.6392961876832844,0.8072289156626506,De $1 millón 100 mil a $1 millón 200 mil,1150000
20,Universidades,UNIVERSIDAD ANDRES BELLO,6 años,Ciencias Sociales,Psicología,Psicología,0.0120253164556962,0.8671128107074569,10.668965517241368,0.5186656076250993,0.72,De $1 millón 200 mil a $1 millón 300 mil,1250000
81,Universidades,UNIVERSIDAD ARTURO PRAT,5 años,Ciencias Sociales,Psicología,Psicología,0.0,0.8518518518518519,10.634920634920631,0.494047619047619,0.8397790055248618,De $1 millón 100 mil a $1 millón 200 mil,1150000
90,Universidades,UNIVERSIDAD AUSTRAL DE CHILE,6 años,Ciencias Sociales,Psicología,Psicología,0.0341614906832298,0.9240506329113924,11.673611111111143,0.5971223021582733,0.7567567567567568,De $1 millón 200 mil a $1 millón 300 mil,1250000
31,Universidades,UNIVERSIDAD AUTONOMA DE CHILE,5 años,Ciencias Sociales,Psicología,Psicología,0.0133171912832929,0.9210191082802548,10.702517162471388,0.5315315315315315,0.7512915129151292,De $1 millón 100 mil a $1 millón 200 mil,1150000
50,Universidades,UNIVERSIDAD BERNARDO O'HIGGINS,5 años,Ciencias Sociales,Psicología,Psicología,0.0071428571428571,0.9126984126984127,11.488888888888917,0.4975845410628019,0.6411483253588517,De $1 millón a $1 millón 100 mil,1050000
7,Universidades,UNIVERSIDAD BOLIVARIANA,No,Ciencias Sociales,Psicología,Psicología,0.0070921985815602,s/i,11.32500000000002,0.7254901960784313,,s/i,
42,Universidades,UNIVERSIDAD CATOLICA CARDENAL RAUL SILVA HENRIQUEZ,4 años,Ciencias Sociales,Psicología,Psicología,0.0077821011673151,0.9083969465648855,10.4864864864865,0.4782608695652174,0.7615176151761518,De $1 millón 100 mil a $1 millón 200 mil,1150000
94,Universidades,UNIVERSIDAD CATOLICA DE TEMUCO,5 años,Ciencias Sociales,Psicología,Psicología,0.0047619047619047,0.9367088607594937,10.7555555555556,0.6042780748663101,0.8370786516853933,De $1 millón 100 mil a $1 millón 200 mil,1150000
92,Universidades,UNIVERSIDAD CATOLICA DEL MAULE,5 años,Ciencias Sociales,Psicología,Psicología,0.0,0.959731543624161,10.905263157894698,0.7164948453608248,0.8,De $1 millón 100 mil a $1 millón 200 mil,1150000
91,Universidades,UNIVERSIDAD CATOLICA DEL NORTE,6 años,Ciencias Sociales,Psicología,Psicología,0.0296610169491525,0.9375,11.2916666666667,0.7268292682926829,0.8848167539267016,De $1 millón 300 mil a $1 millón 400 mil,1350000
4,Universidades,UNIVERSIDAD CENTRAL DE CHILE,5 años,Ciencias Sociales,Psicología,Psicología,0.0206185567010309,0.9111111111111111,11.109756097560947,0.6169354838709677,0.7532467532467533,De $1 millón 200 mil a $1 millón 300 mil,1250000
46,Universidades,UNIVERSIDAD DE ACONCAGUA,No,Ciencias Sociales,Psicología,Psicología,0.0112359550561797,0.6129032258064516,13.295652173913052,0.8020833333333334,0.8985507246376812,De $1 millón 100 mil a $1 millón 200 mil,1150000
73,Universidades,UNIVERSIDAD DE ANTOFAGASTA,5 años,Ciencias Sociales,Psicología,Psicología,0.0277777777777777,0.8913043478260869,12.6129032258065,0.5859872611464968,0.8525641025641025,De $1 millón 300 mil a $1 millón 400 mil,1350000
79,Universidades,UNIVERSIDAD DE ATACAMA,4 años,Ciencias Sociales,Psicología,Psicología,0.04,0.8974358974358975,11.9365079365079,0.896774193548387,0.8758620689655172,s/i,
70,Universidades,UNIVERSIDAD DE CHILE,7 años,Ciencias Sociales,Psicología,Psicología,0.0459363957597173,0.9327731092436975,15.658064516129,0.7468354430379747,0.776255707762557,De $1 millón 300 mil a $1 millón 400 mil,1350000
87,Universidades,UNIVERSIDAD DE CONCEPCION,7 años,Ciencias Sociales,Psicología,Psicología,0.0826086956521739,0.896551724137931,10.7058823529412,0.5502392344497608,0.7616580310880829,De $1 millón 100 mil a $1 millón 200 mil,1150000
76,Universidades,UNIVERSIDAD DE LA FRONTERA,5 años,Ciencias Sociales,Psicología,Psicología,0.1121951219512195,0.881578947368421,10.6,0.5238095238095238,0.7528089887640449,De $1 millón 100 mil a $1 millón 200 mil,1150000
74,Universidades,UNIVERSIDAD DE LA SERENA,5 años,Ciencias Sociales,Psicología,Psicología,0.042016806722689,0.9814814814814815,11.4642857142857,0.7572815533980582,0.8245614035087719,De $1 millón 100 mil a $1 millón 200 mil,1150000
19,Universidades,UNIVERSIDAD DE LAS AMERICAS,5 años,Ciencias Sociales,Psicología,Psicología,0.0191919191919191,0.8887652947719689,11.846547314577998,0.5286885245901639,0.7369727047146402,De $1 millón 100 mil a $1 millón 200 mil,1150000
34,Universidades,UNIVERSIDAD DE LOS ANDES,6 años,Ciencias Sociales,Psicología,Psicología,0.0114068441064638,0.9540229885057471,11.485436893203902,0.5274261603375527,0.8464730290456431,De $1 millón 500 mil a $1 millón 600 mil,1550000
84,Universidades,UNIVERSIDAD DE LOS LAGOS,5 años,Ciencias Sociales,Psicología,Psicología,0.0042194092827004,0.8933823529411765,11.406976744186055,0.4365482233502538,0.7348066298342542,De $1 millón a $1 millón 100 mil,1050000
77,Universidades,UNIVERSIDAD DE MAGALLANES,5 años,Ciencias Sociales,Psicología,Psicología,0.0109890109890109,0.8636363636363636,11.8846153846154,0.547945205479452,,De $1 millón 100 mil a $1 millón 200 mil,1150000
895,Universidades,UNIVERSIDAD DE O'HIGGINS,4 años,Ciencias Sociales,Psicología,Psicología,0.0,0.9242424242424242,10.8275862068966,0.5882352941176471,,s/i,
83,Universidades,UNIVERSIDAD DE PLAYA ANCHA DE CIENCIAS DE LA EDUCACION,5 años,Ciencias Sociales,Psicología,Psicología,0.0127388535031847,0.8636363636363636,12.1134020618557,0.7536231884057971,0.8115942028985508,s/i,
71,Universidades,UNIVERSIDAD DE SANTIAGO DE CHILE,7 años,Ciencias Sociales,Psicología,Psicología,0.0137614678899082,0.8904109589041096,11.978021978022001,0.7668393782383419,0.8857142857142857,De $1 millón 300 mil a $1 millón 400 mil,1350000
78,Universidades,UNIVERSIDAD DE TALCA,6 años,Ciencias Sociales,Psicología,Psicología,0.026865671641791,0.9319727891156463,10.978021978022,0.6843853820598007,0.8122743682310469,De $1 millón 100 mil a $1 millón 200 mil,1150000
80,Universidades,UNIVERSIDAD DE TARAPACA,6 años,Ciencias Sociales,Psicología,Psicología,0.0144230769230769,0.9693877551020408,12.685393258426984,0.5975232198142415,0.7123287671232876,De $1 millón 100 mil a $1 millón 200 mil,1150000
72,Universidades,UNIVERSIDAD DE VALPARAISO,6 años,Ciencias Sociales,Psicología,Psicología,0.0283018867924528,0.9291338582677166,11.688073394495397,0.8279569892473119,0.8278145695364238,De $1 millón 100 mil a $1 millón 200 mil,1150000
22,Universidades,UNIVERSIDAD DE VIÑA DEL MAR,4 años,Ciencias Sociales,Psicología,Psicología,0.0129533678756476,0.7937219730941704,11.457943925233671,0.4404761904761904,0.6932270916334662,De $1 millón 100 mil a $1 millón 200 mil,1150000
9,Universidades,UNIVERSIDAD DEL ALBA,3 años,Ciencias Sociales,Psicología,Psicología,0.0075471698113207,0.7551020408163265,11.263565891472878,0.5771812080536913,0.7950310559006211,De $1 millón 100 mil a $1 millón 200 mil,1150000
75,Universidades,UNIVERSIDAD DEL BIO-BIO,5 años,Ciencias Sociales,Psicología,Psicología,0.0223463687150838,0.96875,10.7659574468085,0.621301775147929,0.816793893129771,De $1 millón a $1 millón 100 mil,1050000
45,Universidades,UNIVERSIDAD DEL DESARROLLO,6 años,Ciencias Sociales,Psicología,Psicología,0.0172413793103448,0.908256880733945,11.581196581196593,0.5933098591549296,0.7981651376146789,De $1 millón 300 mil a $1 millón 400 mil,1350000
3,Universidades,UNIVERSIDAD DIEGO PORTALES,6 años,Ciencias Sociales,Psicología,Psicología,0.0464135021097046,0.9521739130434783,12.0113636363636,0.6910377358490566,0.7750611246943765,De $1 millón 300 mil a $1 millón 400 mil,1350000
2,Universidades,UNIVERSIDAD FINIS TERRAE,5 años,Ciencias Sociales,Psicología,Psicología,0.0224719101123595,0.9508196721311475,11,0.6666666666666666,0.8260869565217391,s/i,
1,Universidades,UNIVERSIDAD GABRIELA MISTRAL,4 años,Ciencias Sociales,Psicología,Psicología,0.0,0.9023255813953488,s/i,0.65,0.7058823529411765,De $1 millón 400 mil a $1 millón 500 mil,1450000
10,Universidades,UNIVERSIDAD MAYOR,5 años,Ciencias Sociales,Psicología,Psicología,0.0419047619047619,0.9278350515463918,10.672514619883048,0.4851936218678815,0.7397260273972602,De $1 millón 100 mil a $1 millón 200 mil,1150000
39,Universidades,UNIVERSIDAD SAN SEBASTIAN,5 años,Ciencias Sociales,Psicología,Psicología,0.0117647058823529,0.8827160493827161,11.027093596059117,0.5341488277268094,0.7289603960396039,De $1 millón 100 mil a $1 millón 200 mil,1150000
13,Universidades,UNIVERSIDAD SANTO TOMAS,4 años,Ciencias Sociales,Psicología,Psicología,0.0124838570813603,0.9153005464480874,12.146341463414629,0.6291192330736968,0.7988546886184682,De $1 millón 100 mil a $1 millón 200 mil,1150000
20,Universidades,UNIVERSIDAD ANDRES BELLO,6 años,Educación,Psicopedagogía,Psicopedagogía,0.0571428571428571,0.8571428571428571,8.833333333333334,0.5460992907801419,0.6111111111111112,De $900 mil a $1 millón,950000
22,Universidades,UNIVERSIDAD DE VIÑA DEL MAR,4 años,Educación,Psicopedagogía,Psicopedagogía,0.0618556701030927,s/i,s/i,0.5967741935483871,0.6219512195121951,De $900 mil a $1 millón,950000
10,Universidades,UNIVERSIDAD MAYOR,5 años,Educación,Psicopedagogía,Psicopedagogía,0.08,s/i,8.80645161290323,0.5873015873015873,0.7966101694915254,s/i,
54,Universidades,UNIVERSIDAD TECNOLOGICA DE CHILE INACAP,No,Educación,Psicopedagogía,Psicopedagogía,0.0693581780538302,s/i,12.490196078431367,0.5770750988142292,0.6906693711967545,De $900 mil a $1 millón,950000
86,Universidades,PONTIFICIA UNIVERSIDAD CATOLICA DE CHILE,7 años,Ciencias Sociales,Publicidad,Publicidad,0.0,s/i,s/i,0.8166666666666667,,s/i,
20,Universidades,UNIVERSIDAD ANDRES BELLO,6 años,Ciencias Sociales,Publicidad,Publicidad,0.0217391304347826,0.8472222222222222,s/i,0.5887096774193549,0.7480314960629921,De $1 millón 200 mil a $1 millón 300 mil,1250000
31,Universidades,UNIVERSIDAD AUTONOMA DE CHILE,5 años,Ciencias Sociales,Publicidad,Publicista y Comunicación Integral,0.0,0.9019607843137255,9.52631578947368,0.7185185185185186,0.7777777777777778,s/i,
4,Universidades,UNIVERSIDAD CENTRAL DE CHILE,5 años,Ciencias Sociales,Publicidad,Publicidad,0.0,0.9591836734693877,s/i,0.6744186046511628,0.7291666666666666,De $1 millón 200 mil a $1 millón 300 mil,1250000
26,Universidades,"UNIVERSIDAD DE ARTES, CIENCIAS Y COMUNICACION - UNIACC",3 años,Ciencias Sociales,Publicidad,Publicidad,0.024390243902439,s/i,s/i,0.7222222222222222,,s/i,
34,Universidades,UNIVERSIDAD DE LOS ANDES,6 años,Ciencias Sociales,Publicidad,Publicidad,0.0178571428571428,0.9142857142857143,s/i,0.7708333333333334,,s/i,
71,Universidades,UNIVERSIDAD DE SANTIAGO DE CHILE,7 años,Ciencias Sociales,Publicidad,Publicidad,0.0188679245283018,0.9459459459459459,10.421875,0.7037037037037037,0.8191489361702128,De $1 millón 200 mil a $1 millón 300 mil,1250000
45,Universidades,UNIVERSIDAD DEL DESARROLLO,6 años,Ciencias Sociales,Publicidad,Publicidad,0.0107142857142857,0.9239130434782609,9.51219512195122,0.7379032258064516,0.8257261410788381,De $1 millón 600 mil a $1 millón 700 mil,1650000
3,Universidades,UNIVERSIDAD DIEGO PORTALES,6 años,Ciencias Sociales,Publicidad,Publicidad,0.0263929618768328,0.9206349206349206,8.99305555555556,0.7755775577557755,0.8571428571428571,De $1 millón 400 mil a $1 millón 500 mil,1450000
2,Universidades,UNIVERSIDAD FINIS TERRAE,5 años,Ciencias Sociales,Publicidad,Publicidad,0.0329670329670329,0.8921568627450981,9.45454545454546,0.7073170731707317,0.8461538461538461,s/i,
89,Universidades,PONTIFICIA UNIVERSIDAD CATOLICA DE VALPARAISO,7 años,Tecnología,Química Industrial,Química Industrial,0.2181818181818181,0.7586206896551724,s/i,0.6818181818181818,,s/i,
86,Universidades,PONTIFICIA UNIVERSIDAD CATOLICA DE CHILE,7 años,Salud,Química y Farmacia,Química y Farmacia,0.043103448275862,0.9583333333333334,14.6530612244898,0.9813953488372092,0.9777777777777776,De $2 millones 300 mil a $2 millones 400 mil,2350000
20,Universidades,UNIVERSIDAD ANDRES BELLO,6 años,Salud,Química y Farmacia,Química y Farmacia,0.0069204152249134,0.910941475826972,15.639999999999997,0.975206611570248,1.0,De $2 millones 200 mil a $2 millones 300 mil,2250000
90,Universidades,UNIVERSIDAD AUSTRAL DE CHILE,6 años,Salud,Química y Farmacia,Química y Farmacia,0.0,0.8738738738738738,15.8510638297872,1.0,0.9523809523809524,De $2 millones 300 mil a $2 millones 400 mil,2350000
31,Universidades,UNIVERSIDAD AUTONOMA DE CHILE,5 años,Salud,Química y Farmacia,Química y Farmacia,0.03125,0.931899641577061,11.07894736842107,0.9919354838709676,,s/i,
91,Universidades,UNIVERSIDAD CATOLICA DEL NORTE,6 años,Salud,Química y Farmacia,Química y Farmacia,0.0105263157894736,0.921875,14.1666666666667,0.9714285714285714,,s/i,
70,Universidades,UNIVERSIDAD DE CHILE,7 años,Salud,Química y Farmacia,Química y Farmacia,0.031055900621118,0.9447852760736196,15.95,0.99288256227758,0.9823788546255506,De $2 millones 300 mil a $2 millones 400 mil,2350000
87,Universidades,UNIVERSIDAD DE CONCEPCION,7 años,Salud,Química y Farmacia,Química y Farmacia,0.0309278350515463,0.967032967032967,16.3584905660377,0.9766081871345028,0.993103448275862,De $2 millones 300 mil a $2 millones 400 mil,2350000
76,Universidades,UNIVERSIDAD DE LA FRONTERA,5 años,Salud,Química y Farmacia,Química y Farmacia,0.0259740259740259,0.8260869565217391,12.0888888888889,0.9866666666666668,,s/i,
71,Universidades,UNIVERSIDAD DE SANTIAGO DE CHILE,7 años,Salud,Química y Farmacia,Química y Farmacia,0.0,0.92,12.4848484848485,0.9925373134328358,0.9894736842105264,s/i,
72,Universidades,UNIVERSIDAD DE VALPARAISO,6 años,Salud,Química y Farmacia,Química y Farmacia,0.074074074074074,0.9021739130434783,14.34375,0.993103448275862,0.9908256880733946,De $2 millones 200 mil a $2 millones 300 mil,2250000
39,Universidades,UNIVERSIDAD SAN SEBASTIAN,5 años,Salud,Química y Farmacia,Química y Farmacia,0.0224358974358974,0.9054325955734407,12.257575757575788,0.9817518248175182,0.9836065573770492,De $2 millones 200 mil a $2 millones 300 mil,2250000
86,Universidades,PONTIFICIA UNIVERSIDAD CATOLICA DE CHILE,7 años,Ciencias Básicas,"Química, Licenciado en Química",Química,0.1969696969696969,0.9512195121951219,15.037037037037,0.7333333333333333,0.6944444444444444,s/i,
70,Universidades,UNIVERSIDAD DE CHILE,7 años,Ciencias Básicas,"Química, Licenciado en Química",Química y Licenciatura en Ciencias mención en Química,0.4814814814814814,0.7761194029850746,16.393939393939434,0.4406779661016949,0.5348837209302325,s/i,
71,Universidades,UNIVERSIDAD DE SANTIAGO DE CHILE,7 años,Ciencias Básicas,"Química, Licenciado en Química",Química y Licenciatura en Química,0.5909090909090909,0.7741935483870968,s/i,0.6060606060606061,,s/i,
11,Universidades,UNIVERSIDAD ACADEMIA DE HUMANISMO CRISTIANO,4 años,Arte y Arquitectura,Realizador de Cine y Televisión,Cine y Artes Visuales,0.0533333333333333,0.84,s/i,0.5128205128205128,,s/i,
70,Universidades,UNIVERSIDAD DE CHILE,7 años,Arte y Arquitectura,Realizador de Cine y Televisión,Cine y Televisión,0.0339805825242718,0.9125,12,0.4277777777777777,0.5109489051094891,De $1 millón a $1 millón 100 mil,1050000
72,Universidades,UNIVERSIDAD DE VALPARAISO,6 años,Arte y Arquitectura,Realizador de Cine y Televisión,Cine,0.0266666666666666,0.88,10.6666666666667,0.4038461538461538,0.391304347826087,s/i,
45,Universidades,UNIVERSIDAD DEL DESARROLLO,6 años,Arte y Arquitectura,Realizador de Cine y Televisión,Cine,0.0444444444444444,0.8888888888888888,11.5833333333333,0.5432098765432098,0.6792452830188679,s/i,
10,Universidades,UNIVERSIDAD MAYOR,5 años,Arte y Arquitectura,Realizador de Cine y Televisión,Cine,0.0123456790123456,0.9,14.651162790697684,0.5483870967741935,0.6530612244897959,s/i,
31,Universidades,UNIVERSIDAD AUTONOMA DE CHILE,5 años,Ciencias Sociales,Relaciones Públicas,Relaciones Públicas y Comunicación Estratrégica,0.0113636363636363,s/i,s/i,0.4142857142857143,0.5316455696202531,s/i,
19,Universidades,UNIVERSIDAD DE LAS AMERICAS,5 años,Ciencias Sociales,Relaciones Públicas,Relaciones Públicas,0.0375,0.6666666666666666,s/i,0.5806451612903226,,s/i,
13,Universidades,UNIVERSIDAD SANTO TOMAS,4 años,Ciencias Sociales,Relaciones Públicas,Relaciones Públicas,0.0266666666666666,s/i,s/i,0.7049180327868853,0.6615384615384615,De $1 millón 100 mil a $1 millón 200 mil,1150000
86,Universidades,PONTIFICIA UNIVERSIDAD CATOLICA DE CHILE,7 años,Ciencias Sociales,Sociología,Sociología,0.0588235294117647,0.8378378378378378,11.9868421052632,0.672316384180791,0.8397435897435898,De $1 millón 500 mil a $1 millón 600 mil,1550000
11,Universidades,UNIVERSIDAD ACADEMIA DE HUMANISMO CRISTIANO,4 años,Ciencias Sociales,Sociología,Sociología,0.0338983050847457,s/i,s/i,0.5862068965517241,,s/i,
69,Universidades,UNIVERSIDAD ALBERTO HURTADO,5 años,Ciencias Sociales,Sociología,Sociología,0.1097560975609756,0.6944444444444444,s/i,0.7534246575342466,0.803921568627451,s/i,
20,Universidades,UNIVERSIDAD ANDRES BELLO,6 años,Ciencias Sociales,Sociología,Sociología,0.0421052631578947,s/i,s/i,0.4571428571428571,0.65,s/i,
42,Universidades,UNIVERSIDAD CATOLICA CARDENAL RAUL SILVA HENRIQUEZ,4 años,Ciencias Sociales,Sociología,Sociología,0.0317460317460317,s/i,s/i,0.3392857142857143,0.5666666666666667,s/i,
4,Universidades,UNIVERSIDAD CENTRAL DE CHILE,5 años,Ciencias Sociales,Sociología,Sociología,0.0476190476190476,0.8043478260869565,s/i,0.5774647887323944,0.6964285714285714,De $1 millón 200 mil a $1 millón 300 mil,1250000
70,Universidades,UNIVERSIDAD DE CHILE,7 años,Ciencias Sociales,Sociología,Sociología,0.1986062717770035,0.9223300970873787,13.6438356164384,0.7818930041152263,0.903846153846154,De $1 millón 600 mil a $1 millón 700 mil,1650000
87,Universidades,UNIVERSIDAD DE CONCEPCION,7 años,Ciencias Sociales,Sociología,Sociología,0.1138211382113821,0.8913043478260869,13.1935483870968,0.4673913043478261,0.6153846153846154,De $1 millón 100 mil a $1 millón 200 mil,1150000
76,Universidades,UNIVERSIDAD DE LA FRONTERA,5 años,Ciencias Sociales,Sociología,Sociología,0.1276595744680851,0.56,s/i,0.4473684210526316,0.6857142857142857,s/i,
72,Universidades,UNIVERSIDAD DE VALPARAISO,6 años,Ciencias Sociales,Sociología,Sociología,0.0807453416149068,0.6530612244897959,14.7352941176471,0.5853658536585366,0.6666666666666666,De $1 millón 300 mil a $1 millón 400 mil,1350000
3,Universidades,UNIVERSIDAD DIEGO PORTALES,6 años,Ciencias Sociales,Sociología,Sociología,0.0569620253164556,0.7837837837837838,10.8260869565217,0.5821917808219178,0.7635135135135135,De $1 millón 300 mil a $1 millón 400 mil,1350000
94,Universidades,UNIVERSIDAD CATOLICA DE TEMUCO,5 años,Agropecuaria,Técnico Agropecuario,Técnico Universitario en Producción Agropecuaria,0.2459016393442623,0.7837837837837838,5.71875,0.358974358974359,0.3863636363636363,s/i,
46,Universidades,UNIVERSIDAD DE ACONCAGUA,No,Agropecuaria,Técnico Agropecuario,Técnico de Nivel Superior en Agronomía,0.1463414634146341,s/i,s/i,0.6764705882352942,0.8055555555555556,s/i,
81,Universidades,UNIVERSIDAD ARTURO PRAT,5 años,Educación,Técnico Asistente del Educador de Párvulos,Técnico de Nivel Superior Asistente de Educación de Párvulos,0.4489164086687306,0.7457627118644068,4.742857142857143,0.2937853107344633,0.3742690058479532,De $600 mil a $700 mil,650000
93,Universidades,UNIVERSIDAD CATOLICA DE LA SANTISIMA CONCEPCION,5 años,Educación,Técnico Asistente del Educador de Párvulos,Técnico Universitario en Educación de Párvulos,0.0814717477003942,0.6653386454183267,4.563758389261746,0.1359404096834264,0.2472118959107806,De $600 mil a $700 mil,650000
94,Universidades,UNIVERSIDAD CATOLICA DE TEMUCO,5 años,Educación,Técnico Asistente del Educador de Párvulos,Técnico Universitario en Educación Parvularia,0.3951612903225806,0.7532467532467533,5.32352941176471,0.2,0.2580645161290322,De $700 mil a $800 mil,750000
73,Universidades,UNIVERSIDAD DE ANTOFAGASTA,5 años,Educación,Técnico Asistente del Educador de Párvulos,Técnico de Nivel Superior en Asistente de Párvulos,0.1162790697674418,s/i,s/i,0.4594594594594595,0.475,s/i,
84,Universidades,UNIVERSIDAD DE LOS LAGOS,5 años,Educación,Técnico Asistente del Educador de Párvulos,Técnico Universitario en Educación Parvularia,0.2197802197802197,0.7425742574257426,5.666666666666668,0.2206896551724138,0.2914438502673797,De $600 mil a $700 mil,650000
77,Universidades,UNIVERSIDAD DE MAGALLANES,5 años,Educación,Técnico Asistente del Educador de Párvulos,Técnico de Nivel Superior en Educación Parvularia,0.0555555555555555,0.625,s/i,0.3888888888888889,0.5681818181818182,s/i,
81,Universidades,UNIVERSIDAD ARTURO PRAT,5 años,Administración y Comercio,Técnico en Administración de Empresas,"Técnico de Nivel Superior Administración de Empresas, Marketing y Gestión Comercial",0.6550868486352357,0.7541899441340782,4.898305084745763,0.532608695652174,0.5725190839694656,De $1 millón a $1 millón 100 mil,1050000
31,Universidades,UNIVERSIDAD AUTONOMA DE CHILE,5 años,Administración y Comercio,Técnico en Administración de Empresas,Técnico Universitario en Administración de Empresas,0.4027777777777778,s/i,s/i,0.4651162790697674,0.5942028985507246,De $900 mil a $1 millón,950000
93,Universidades,UNIVERSIDAD CATOLICA DE LA SANTISIMA CONCEPCION,5 años,Administración y Comercio,Técnico en Administración de Empresas,Técnico Universitario en Administración,0.7259842519685039,0.6875,4.714285714285716,0.373015873015873,0.4599056603773584,De $800 mil a $900 mil,850000
94,Universidades,UNIVERSIDAD CATOLICA DE TEMUCO,5 años,Administración y Comercio,Técnico en Administración de Empresas,Técnico Universitario en Administración de Empresas,0.2720588235294117,0.8409090909090909,5.75,0.4842105263157895,0.6185567010309279,De $800 mil a $900 mil,850000
4,Universidades,UNIVERSIDAD CENTRAL DE CHILE,5 años,Administración y Comercio,Técnico en Administración de Empresas,Técnico de Nivel Superior en Administración de Empresas,0.3065693430656934,s/i,s/i,0.6470588235294118,0.7425742574257426,De $1 millón a $1 millón 100 mil,1050000
46,Universidades,UNIVERSIDAD DE ACONCAGUA,No,Administración y Comercio,Técnico en Administración de Empresas,Técnico de Nivel Superior en Administración de Empresas,0.323943661971831,s/i,s/i,0.6666666666666666,0.7096774193548387,De $800 mil a $900 mil,850000
73,Universidades,UNIVERSIDAD DE ANTOFAGASTA,5 años,Administración y Comercio,Técnico en Administración de Empresas,Técnico de Nivel Superior en Administración de Empresas,0.5034965034965035,0.8518518518518519,s/i,0.7258064516129032,0.625,De $1 millón a $1 millón 100 mil,1050000
79,Universidades,UNIVERSIDAD DE ATACAMA,4 años,Administración y Comercio,Técnico en Administración de Empresas,Técnico Universitario y Tecnólogo en Administración de Empresas,0.646875,0.7094594594594594,5.054054054054053,0.5059523809523809,0.5767790262172284,De $1 millón a $1 millón 100 mil,1050000
19,Universidades,UNIVERSIDAD DE LAS AMERICAS,5 años,Administración y Comercio,Técnico en Administración de Empresas,Técnico de Nivel Superior en Administración de Empresas,0.3312693498452012,0.5277777777777778,4.961206896551724,0.6582278481012658,0.625,De $1 millón a $1 millón 100 mil,1050000
84,Universidades,UNIVERSIDAD DE LOS LAGOS,5 años,Administración y Comercio,Técnico en Administración de Empresas,Técnico Universitario en Administración de Empresas,0.4698492462311557,0.79,6.069306930693067,0.6120689655172413,0.6832740213523132,De $900 mil a $1 millón,950000
77,Universidades,UNIVERSIDAD DE MAGALLANES,5 años,Administración y Comercio,Técnico en Administración de Empresas,Técnico en Administración,0.2777777777777778,0.6470588235294118,s/i,0.65,0.7142857142857143,s/i,
3,Universidades,UNIVERSIDAD DIEGO PORTALES,6 años,Administración y Comercio,Técnico en Administración de Empresas,Técnico de Nivel Superior en Administración de Empresas,0.7821782178217822,s/i,s/i,0.6346153846153846,0.8461538461538461,s/i,
88,Universidades,UNIVERSIDAD TECNICA FEDERICO SANTA MARIA,6 años,Administración y Comercio,Técnico en Administración de Empresas,Técnico Universitario en Administración de Empresas,0.691358024691358,0.7142857142857143,5.804347826086959,0.4423076923076923,,s/i,
81,Universidades,UNIVERSIDAD ARTURO PRAT,5 años,Administración y Comercio,Técnico en Administración de Recursos Humanos y Personal,Técnico de Nivel Superior en Administración y Gestión de Personal,0.6743119266055045,s/i,s/i,0.6103896103896104,0.7142857142857143,De $1 millón a $1 millón 100 mil,1050000
83,Universidades,UNIVERSIDAD DE PLAYA ANCHA DE CIENCIAS DE LA EDUCACION,5 años,Administración y Comercio,Técnico en Administración de Recursos Humanos y Personal,Técnico en Administración de Recursos Humanos y Personal,0.2385321100917431,0.7551020408163265,4.839999999999999,0.5362318840579711,0.66,s/i,
84,Universidades,UNIVERSIDAD DE LOS LAGOS,5 años,Tecnología,Técnico en Alimentos,Técnico Universitario en Industria Alimentaria y en Gestión y Desarrollo de Productos Alimentarios,0.1639344262295081,0.717948717948718,5.212765957446805,0.5641025641025641,0.6024096385542169,De $900 mil a $1 millón,950000
81,Universidades,UNIVERSIDAD ARTURO PRAT,5 años,Administración y Comercio,Técnico en Comercio Exterior,Técnico de Nivel Superior en Comercio Exterior,0.6036036036036037,0.72,s/i,0.5172413793103449,0.7017543859649122,De $1 millón a $1 millón 100 mil,1050000
81,Universidades,UNIVERSIDAD ARTURO PRAT,5 años,Tecnología,Técnico en Computación e Informática,Técnico de Nivel Superior en Computación e Informática,0.1212121212121212,0.5789473684210527,5.666666666666668,0.35,,s/i,
84,Universidades,UNIVERSIDAD DE LOS LAGOS,5 años,Tecnología,Técnico en Computación e Informática,Técnico Universitario en Informática,0.3726708074534161,0.7285714285714285,5.634615384615383,0.39,0.53125,De $800 mil a $900 mil,850000
88,Universidades,UNIVERSIDAD TECNICA FEDERICO SANTA MARIA,6 años,Tecnología,Técnico en Computación e Informática,Técnico Universitario en Informática,0.2913043478260869,0.7007299270072993,7.032786885245904,0.5895953757225434,0.7548387096774194,De $1 millón 700 mil a $1 millón 800 mil,1750000
93,Universidades,UNIVERSIDAD CATOLICA DE LA SANTISIMA CONCEPCION,5 años,Tecnología,Técnico en Construcción y Obras Civiles,Técnico Universitario en Construcción,0.6557377049180327,0.539568345323741,5.373333333333333,0.5157894736842106,0.5053763440860215,De $900 mil a $1 millón,950000
94,Universidades,UNIVERSIDAD CATOLICA DE TEMUCO,5 años,Tecnología,Técnico en Construcción y Obras Civiles,Técnico Universitario en Construcción y Obras Civiles,0.3076923076923077,s/i,5.22222222222222,0.3333333333333333,0.44,s/i,
4,Universidades,UNIVERSIDAD CENTRAL DE CHILE,5 años,Tecnología,Técnico en Construcción y Obras Civiles,Técnico de Nivel Superior en Construcción,0.4166666666666667,s/i,s/i,0.6222222222222222,0.5882352941176471,s/i,
19,Universidades,UNIVERSIDAD DE LAS AMERICAS,5 años,Tecnología,Técnico en Construcción y Obras Civiles,Técnico de Nivel Superior en Construcción,0.4471544715447154,s/i,s/i,0.7,,s/i,
84,Universidades,UNIVERSIDAD DE LOS LAGOS,5 años,Tecnología,Técnico en Construcción y Obras Civiles,Técnico Universitario en Construcción,0.5348837209302325,0.7204301075268817,5.93846153846154,0.392156862745098,0.5564516129032258,De $900 mil a $1 millón,950000
88,Universidades,UNIVERSIDAD TECNICA FEDERICO SANTA MARIA,6 años,Tecnología,Técnico en Construcción y Obras Civiles,Técnico Universitario en Construcción,0.6756756756756757,0.7281553398058253,5.690140845070421,0.3559322033898305,0.4354066985645933,De $1 millón a $1 millón 100 mil,1050000
3,Universidades,UNIVERSIDAD DIEGO PORTALES,6 años,Administración y Comercio,Técnico en Contabilidad Tributaria,Técnico de Nivel Superior en Contabilidad y Derecho Tributario,0.8695652173913043,s/i,s/i,0.7702702702702703,0.872093023255814,s/i,
81,Universidades,UNIVERSIDAD ARTURO PRAT,5 años,Educación,"Técnico en Deporte, Recreación y Preparación Física",Técnico de Nivel Superior en Actividad Física y del Deporte,0.123076923076923,0.6756756756756757,s/i,0.3846153846153846,,s/i,
93,Universidades,UNIVERSIDAD CATOLICA DE LA SANTISIMA CONCEPCION,5 años,Educación,"Técnico en Deporte, Recreación y Preparación Física",Técnico Universitario en Actividad Física y Salud,0.1228070175438596,0.7454545454545455,s/i,0.2790697674418604,,s/i,
94,Universidades,UNIVERSIDAD CATOLICA DE TEMUCO,5 años,Educación,"Técnico en Deporte, Recreación y Preparación Física",Técnico Universitario en Preparación Física,0.3835616438356164,s/i,s/i,0.1428571428571428,0.1956521739130435,s/i,
4,Universidades,UNIVERSIDAD CENTRAL DE CHILE,5 años,Educación,"Técnico en Deporte, Recreación y Preparación Física",Personal Trainer,0.1485148514851485,s/i,s/i,0.410958904109589,0.46,s/i,
19,Universidades,UNIVERSIDAD DE LAS AMERICAS,5 años,Educación,"Técnico en Deporte, Recreación y Preparación Física",Técnico de Nivel Superior en Actividad Física y Deportes,0.1928934010152284,0.8571428571428571,6.315789473684209,0.3741007194244604,0.4968553459119497,De $700 mil a $800 mil,750000
84,Universidades,UNIVERSIDAD DE LOS LAGOS,5 años,Educación,"Técnico en Deporte, Recreación y Preparación Física",Técnico Deportivo Universitario,0.3716814159292035,0.7904761904761904,5.742424242424244,0.2222222222222222,0.2336448598130841,De $700 mil a $800 mil,750000
79,Universidades,UNIVERSIDAD DE ATACAMA,4 años,Tecnología,Técnico en Electricidad y Electricidad Industrial,Técnico Universitario y Tecnólogo en Electricidad,0.5151515151515151,0.8390804597701149,5.08108108108108,0.84,0.8240740740740741,De $1 millón 800 mil a $1 millón 900 mil,1850000
84,Universidades,UNIVERSIDAD DE LOS LAGOS,5 años,Tecnología,Técnico en Electricidad y Electricidad Industrial,Técnico Universitario en Electricidad y Automatización,0.0649350649350649,0.6578947368421053,5.461538461538463,0.5740740740740741,,s/i,
88,Universidades,UNIVERSIDAD TECNICA FEDERICO SANTA MARIA,6 años,Tecnología,Técnico en Electricidad y Electricidad Industrial,Técnico Universitario en Electricidad,0.350597609561753,0.7222222222222222,6.682926829268299,0.6909090909090909,0.7741935483870968,De $1 millón 300 mil a $1 millón 400 mil,1350000
88,Universidades,UNIVERSIDAD TECNICA FEDERICO SANTA MARIA,6 años,Tecnología,Técnico en Electrónica y Electrónica Industrial,Técnico Universitario en Electrónica,0.371900826446281,0.6153846153846154,7.285714285714287,0.6494845360824743,0.8484848484848485,De $1 millón 200 mil a $1 millón 300 mil,1250000
88,Universidades,UNIVERSIDAD TECNICA FEDERICO SANTA MARIA,6 años,Tecnología,Técnico en Energía,Técnico Universitario en Energía Renovable,0.453125,s/i,s/i,0.6,,s/i,
38,Universidades,UNIVERSIDAD ADVENTISTA DE CHILE,3 años,Salud,Técnico en Enfermería,Técnico de Nivel Superior en Enfermería,0.1184210526315789,s/i,s/i,0.3958333333333333,,s/i,
81,Universidades,UNIVERSIDAD ARTURO PRAT,5 años,Salud,Técnico en Enfermería,Técnico de Nivel Superior Enfermería,0.1259842519685039,0.7515923566878981,6.830188679245284,0.5063829787234042,0.7111111111111111,De $800 mil a $900 mil,850000
7,Universidades,UNIVERSIDAD BOLIVARIANA,No,Salud,Técnico en Enfermería,Técnico de Nivel Superior en Enfermería,0.0621468926553672,s/i,s/i,0.8969072164948454,0.8681318681318682,s/i,
93,Universidades,UNIVERSIDAD CATOLICA DE LA SANTISIMA CONCEPCION,5 años,Salud,Técnico en Enfermería,Técnico Universitario en Enfermería,0.072072072072072,0.6710526315789473,5.40414507772021,0.4612068965517241,0.5377906976744186,De $700 mil a $800 mil,750000
4,Universidades,UNIVERSIDAD CENTRAL DE CHILE,5 años,Salud,Técnico en Enfermería,Técnico de Nivel Superior en Enfermería,0.1171171171171171,s/i,6.058823529411766,0.6703296703296703,0.6774193548387096,De $800 mil a $900 mil,850000
46,Universidades,UNIVERSIDAD DE ACONCAGUA,No,Salud,Técnico en Enfermería,Técnico de Nivel Superior en Enfermería,0.0352941176470588,0.74,7.887096774193547,0.6444444444444445,0.7,De $800 mil a $900 mil,850000
76,Universidades,UNIVERSIDAD DE LA FRONTERA,5 años,Salud,Técnico en Enfermería,Técnico Universitario en Enfermería,0.0298507462686567,0.7575757575757576,5.444444444444446,0.6875,,s/i,
19,Universidades,UNIVERSIDAD DE LAS AMERICAS,5 años,Salud,Técnico en Enfermería,Técnico de Nivel Superior en Enfermería,0.0805500982318271,0.7333333333333333,5.801136363636365,0.6864406779661016,0.7211155378486056,De $900 mil a $1 millón,950000
77,Universidades,UNIVERSIDAD DE MAGALLANES,5 años,Salud,Técnico en Enfermería,Técnico de Nivel Superior en Enfermería,0.0616438356164383,0.647887323943662,5.415584415584417,0.7422680412371134,0.875,s/i,
93,Universidades,UNIVERSIDAD CATOLICA DE LA SANTISIMA CONCEPCION,5 años,Tecnología,"Técnico en Instrumentación, Automatización y Control Industrial",Técnico Universitario en Automatización Industrial,0.5695364238410596,0.5892857142857143,s/i,0.6021505376344086,0.6276595744680851,De $1 millón a $1 millón 100 mil,1050000
79,Universidades,UNIVERSIDAD DE ATACAMA,4 años,Tecnología,"Técnico en Instrumentación, Automatización y Control Industrial",Técnico Universitario y Tecnólogo en Instrumentación y Automatización,0.4740740740740741,0.7425742574257426,6.632352941176471,0.7894736842105263,0.7878787878787878,De $1 millón 700 mil a $1 millón 800 mil,1750000
88,Universidades,UNIVERSIDAD TECNICA FEDERICO SANTA MARIA,6 años,Tecnología,"Técnico en Instrumentación, Automatización y Control Industrial",Técnico Universitario en Automatización y Control Industrial,0.5714285714285714,0.5806451612903226,s/i,0.4736842105263157,0.6504854368932039,De $1 millón 300 mil a $1 millón 400 mil,1350000
93,Universidades,UNIVERSIDAD CATOLICA DE LA SANTISIMA CONCEPCION,5 años,Administración y Comercio,Técnico en Logística,Técnico Universitario en Logística,0.6666666666666666,0.6645161290322581,4.3,0.4484536082474227,0.572139303482587,De $900 mil a $1 millón,950000
83,Universidades,UNIVERSIDAD DE PLAYA ANCHA DE CIENCIAS DE LA EDUCACION,5 años,Administración y Comercio,Técnico en Logística,Técnico en Administración Logística,0.101010101010101,0.7428571428571429,7.639999999999995,0.4166666666666667,0.5208333333333334,s/i,
88,Universidades,UNIVERSIDAD TECNICA FEDERICO SANTA MARIA,6 años,Tecnología,Técnico en Mantenimiento Industrial,Técnico Universitario Industrial y en Mantenimiento Aeronáutico,0.3265306122448979,0.7439613526570048,7.142857142857145,0.7448979591836735,0.8634361233480177,De $1 millón 400 mil a $1 millón 500 mil,1450000
88,Universidades,UNIVERSIDAD TECNICA FEDERICO SANTA MARIA,6 años,Tecnología,Técnico en Mecánica Automotriz,Técnico Universitario en Mecánica Automotriz,0.2931726907630522,0.6280487804878049,6.519999999999999,0.53,0.6878612716763006,De $1 millón 200 mil a $1 millón 300 mil,1250000
79,Universidades,UNIVERSIDAD DE ATACAMA,4 años,Tecnología,Técnico en Mecánica Industrial,Técnico Universitario y Tecnólogo en Mantención Mecánica de Equipos Industriales,0.3675675675675676,0.6923076923076923,5.422535211267607,0.7920792079207921,0.8688524590163934,De $1 millón 600 mil a $1 millón 700 mil,1650000
88,Universidades,UNIVERSIDAD TECNICA FEDERICO SANTA MARIA,6 años,Tecnología,Técnico en Mecánica Industrial,Técnico Universitario en Mecánica Industrial,0.5190839694656488,0.640625,6.219512195121954,0.5981308411214953,0.6964285714285714,De $1 millón 200 mil a $1 millón 300 mil,1250000
88,Universidades,UNIVERSIDAD TECNICA FEDERICO SANTA MARIA,6 años,Tecnología,Técnico en Mecatrónica,Técnico Universitario en Robótica y Mecatrónica,0.5106382978723404,s/i,s/i,0.2666666666666666,0.4193548387096774,s/i,
88,Universidades,UNIVERSIDAD TECNICA FEDERICO SANTA MARIA,6 años,Tecnología,Técnico en Medio Ambiente (Control y Gestión),Técnico Universitario en Control Medio Ambiente,0.5694444444444444,s/i,s/i,0.3333333333333333,0.453125,s/i,
79,Universidades,UNIVERSIDAD DE ATACAMA,4 años,Tecnología,Técnico en Metalurgia,Técnico Universitario y Tecnólogo en Metalurgia,0.2654867256637168,0.7358490566037735,6.049999999999998,0.6739130434782609,0.762589928057554,De $1 millón 700 mil a $1 millón 800 mil,1750000
4,Universidades,UNIVERSIDAD CENTRAL DE CHILE,5 años,Tecnología,Técnico en Minería,Técnico de Nivel Superior en Minería,0.2407407407407407,s/i,s/i,0.782608695652174,0.75,s/i,
79,Universidades,UNIVERSIDAD DE ATACAMA,4 años,Tecnología,Técnico en Minería,Técnico Universitario en Minas,0.5169491525423728,0.59375,5.309090909090911,0.5886524822695035,0.5988023952095808,De $1 millón 300 mil a $1 millón 400 mil,1350000
88,Universidades,UNIVERSIDAD TECNICA FEDERICO SANTA MARIA,6 años,Tecnología,Técnico en Minería,Técnico Universitario en Minería y Metalurgia,0.28125,0.69,6.950000000000002,0.5703125,0.6779661016949152,De $1 millón 600 mil a $1 millón 700 mil,1650000
71,Universidades,UNIVERSIDAD DE SANTIAGO DE CHILE,7 años,Ciencias Básicas,Técnico en Química (Análisis e Industrial),Técnico Universitario en Análisis Químico y Físico,0.1896551724137931,s/i,s/i,0.8645833333333334,0.8555555555555555,De $1 millón 100 mil a $1 millón 200 mil,1150000
88,Universidades,UNIVERSIDAD TECNICA FEDERICO SANTA MARIA,6 años,Ciencias Básicas,Técnico en Química (Análisis e Industrial),Técnico Universitario en Química,0.4137931034482758,s/i,s/i,0.5760869565217391,0.7252747252747253,De $1 millón a $1 millón 100 mil,1050000
88,Universidades,UNIVERSIDAD TECNICA FEDERICO SANTA MARIA,6 años,Tecnología,Técnico en Telecomunicaciones,Técnico Universitario en Telecomunicaciones y Redes,0.2755102040816326,0.660377358490566,s/i,0.5909090909090909,0.6056338028169014,s/i,
93,Universidades,UNIVERSIDAD CATOLICA DE LA SANTISIMA CONCEPCION,5 años,Tecnología,Técnico en Topografía,Técnico Universitario en Topografía,0.3442622950819672,0.6,s/i,0.6,0.717948717948718,s/i,
94,Universidades,UNIVERSIDAD CATOLICA DE TEMUCO,5 años,Tecnología,Técnico en Topografía,Técnico Universitario en Topografía y Geomensura,0.1428571428571428,s/i,s/i,0.2448979591836734,0.3673469387755102,s/i,
81,Universidades,UNIVERSIDAD ARTURO PRAT,5 años,Humanidades,Técnico en Traducción e Interpretariado,Técnico de Nivel Superior Traductor Bilingüe Inglés-Español,0.0775193798449612,0.6046511627906976,6.633333333333334,0.4029850746268656,0.4806201550387597,De $800 mil a $900 mil,850000
76,Universidades,UNIVERSIDAD DE LA FRONTERA,5 años,Administración y Comercio,Técnico en Turismo y Hotelería,Técnico Guía de Turismo Aventura y en Turismo,0.0238095238095238,0.8518518518518519,5.363636363636363,0.1296296296296296,0.3333333333333333,s/i,
78,Universidades,UNIVERSIDAD DE TALCA,6 años,Agropecuaria,Técnico en Vitivinicultura y/o Enología,"Tecnología en Vinificación y Enología, y en Viticultura",0.0317460317460317,0.575,s/i,0.4666666666666667,0.3783783783783784,s/i,
19,Universidades,UNIVERSIDAD DE LAS AMERICAS,5 años,Agropecuaria,Técnico Veterinario,Técnico de Nivel Superior Veterinario,0.3105590062111801,0.7437722419928826,6.446601941747573,0.4304347826086956,0.5038167938931297,s/i,
89,Universidades,PONTIFICIA UNIVERSIDAD CATOLICA DE VALPARAISO,7 años,Salud,Tecnología Médica,Tecnología Médica,0.0,0.7582417582417582,11.930232558139501,0.7286432160804021,0.8666666666666667,s/i,
20,Universidades,UNIVERSIDAD ANDRES BELLO,6 años,Salud,Tecnología Médica,Tecnología Médica,0.0213310580204778,0.832391713747646,12.395465994962203,0.6402010050251257,0.8534704370179949,De $1 millón 700 mil a $1 millón 800 mil,1750000
90,Universidades,UNIVERSIDAD AUSTRAL DE CHILE,6 años,Salud,Tecnología Médica,Tecnología Médica,0.0187265917602996,0.7985611510791367,14.622448979591832,0.7456140350877193,0.8411764705882353,De $1 millón 500 mil a $1 millón 600 mil,1550000
50,Universidades,UNIVERSIDAD BERNARDO O'HIGGINS,5 años,Salud,Tecnología Médica,Tecnología Médica,0.0156739811912225,0.9512195121951219,12.977528089887603,0.52734375,0.7590361445783133,s/i,
93,Universidades,UNIVERSIDAD CATOLICA DE LA SANTISIMA CONCEPCION,5 años,Salud,Tecnología Médica,Tecnología Médica,0.0125,0.9375,12.1558441558442,0.6982758620689655,0.8625954198473282,s/i,
94,Universidades,UNIVERSIDAD CATOLICA DE TEMUCO,5 años,Salud,Tecnología Médica,Tecnología Médica,0.0086206896551724,0.8648648648648649,13.9189189189189,0.5076923076923077,0.6529411764705882,s/i,
4,Universidades,UNIVERSIDAD CENTRAL DE CHILE,5 años,Salud,Tecnología Médica,Tecnología Médica,0.0145985401459854,0.8421052631578947,13.78,0.7647058823529411,0.9217391304347826,De $1 millón 800 mil a $1 millón 900 mil,1850000
73,Universidades,UNIVERSIDAD DE ANTOFAGASTA,5 años,Salud,Tecnología Médica,Tecnología Médica,0.0212765957446808,0.9,14,0.7661290322580645,0.8913043478260869,De $1 millón 500 mil a $1 millón 600 mil,1550000
70,Universidades,UNIVERSIDAD DE CHILE,7 años,Salud,Tecnología Médica,Tecnología Médica,0.0283018867924528,0.9134615384615384,12.5730337078652,0.88268156424581,0.9242424242424242,De $1 millón 800 mil a $1 millón 900 mil,1850000
87,Universidades,UNIVERSIDAD DE CONCEPCION,7 años,Salud,Tecnología Médica,Tecnología Médica,0.0375586854460093,0.9041095890410958,11.3880597014925,0.6984924623115578,0.8181818181818182,De $1 millón 500 mil a $1 millón 600 mil,1550000
76,Universidades,UNIVERSIDAD DE LA FRONTERA,5 años,Salud,Tecnología Médica,Tecnología Médica,0.0146341463414634,0.9032258064516129,10.666666666666702,0.6783625730994152,0.6785714285714286,De $1 millón 700 mil a $1 millón 800 mil,1750000
78,Universidades,UNIVERSIDAD DE TALCA,6 años,Salud,Tecnología Médica,Tecnología Médica,0.0316742081447963,0.8505747126436781,12.1960784313725,0.8133971291866029,0.8562874251497006,De $1 millón 400 mil a $1 millón 500 mil,1450000
80,Universidades,UNIVERSIDAD DE TARAPACA,6 años,Salud,Tecnología Médica,Tecnología Médica,0.0111111111111111,0.873015873015873,12.603174603174573,0.776824034334764,0.8640350877192983,De $1 millón 700 mil a $1 millón 800 mil,1750000
72,Universidades,UNIVERSIDAD DE VALPARAISO,6 años,Salud,Tecnología Médica,Tecnología Médica,0.0350404312668463,0.8943089430894309,11.625000000000009,0.7530120481927711,0.888,De $1 millón 700 mil a $1 millón 800 mil,1750000
22,Universidades,UNIVERSIDAD DE VIÑA DEL MAR,4 años,Salud,Tecnología Médica,Tecnología Médica,0.0049504950495049,0.8108108108108109,13.365853658536603,0.7354838709677419,0.9393939393939394,s/i,
9,Universidades,UNIVERSIDAD DEL ALBA,3 años,Salud,Tecnología Médica,Tecnología Médica,0.0151515151515151,0.7210884353741497,12.795454545454534,0.8222222222222222,,s/i,
45,Universidades,UNIVERSIDAD DEL DESARROLLO,6 años,Salud,Tecnología Médica,Tecnología Médica,0.0379146919431279,0.9130434782608695,11.5,0.6972972972972973,0.8366013071895425,De $2 millones a $2 millones 100 mil,2050000
3,Universidades,UNIVERSIDAD DIEGO PORTALES,6 años,Salud,Tecnología Médica,Tecnología Médica,0.0108303249097472,0.8832116788321168,13.356321839080502,0.7732793522267206,0.883177570093458,De $1 millón 800 mil a $1 millón 900 mil,1850000
10,Universidades,UNIVERSIDAD MAYOR,5 años,Salud,Tecnología Médica,Tecnología Médica,0.0149253731343283,0.9027777777777778,12.855670103092784,0.8120805369127517,0.8811881188118812,De $1 millón 600 mil a $1 millón 700 mil,1650000
39,Universidades,UNIVERSIDAD SAN SEBASTIAN,5 años,Salud,Tecnología Médica,Tecnología Médica,0.0386819484240687,0.8927911275415896,13.481967213114796,0.6724137931034483,0.8151447661469933,De $1 millón 700 mil a $1 millón 800 mil,1750000
13,Universidades,UNIVERSIDAD SANTO TOMAS,4 años,Salud,Tecnología Médica,Tecnología Médica,0.0078125,0.9262820512820513,13.221621621621601,0.7652671755725191,0.8805970149253731,De $1 millón 500 mil a $1 millón 600 mil,1550000
20,Universidades,UNIVERSIDAD ANDRES BELLO,6 años,Salud,Terapia Ocupacional,Terapia Ocupacional,0.0058083252662149,0.8075117370892019,11.049999999999986,0.4347345132743362,0.7018030513176144,De $1 millón 200 mil a $1 millón 300 mil,1250000
90,Universidades,UNIVERSIDAD AUSTRAL DE CHILE,6 años,Salud,Terapia Ocupacional,Terapia Ocupacional,0.0082987551867219,0.9130434782608695,11.98529411764705,0.5233644859813084,0.8103448275862069,De $1 millón 200 mil a $1 millón 300 mil,1250000
31,Universidades,UNIVERSIDAD AUTONOMA DE CHILE,5 años,Salud,Terapia Ocupacional,Terapia Ocupacional,0.0070422535211267,0.9116809116809117,10.75816993464054,0.4427402862985685,0.6963824289405685,De $1 millón 100 mil a $1 millón 200 mil,1150000
50,Universidades,UNIVERSIDAD BERNARDO O'HIGGINS,5 años,Salud,Terapia Ocupacional,Terapia Ocupacional,0.0,0.975,12.25,0.4320987654320987,0.635593220338983,s/i,
94,Universidades,UNIVERSIDAD CATOLICA DE TEMUCO,5 años,Salud,Terapia Ocupacional,Terapia Ocupacional,0.0045662100456621,0.9148936170212766,10.6779661016949,0.3027027027027027,0.6486486486486487,De $1 millón 100 mil a $1 millón 200 mil,1150000
4,Universidades,UNIVERSIDAD CENTRAL DE CHILE,5 años,Salud,Terapia Ocupacional,Terapia Ocupacional,0.010443864229765,0.9006622516556292,11.671052631578947,0.5,0.6751592356687898,De $1 millón 100 mil a $1 millón 200 mil,1150000
70,Universidades,UNIVERSIDAD DE CHILE,7 años,Salud,Terapia Ocupacional,Terapia Ocupacional,0.0,0.9104477611940298,11.3536585365854,0.7142857142857143,0.8240740740740741,De $1 millón 400 mil a $1 millón 500 mil,1450000
76,Universidades,UNIVERSIDAD DE LA FRONTERA,5 años,Salud,Terapia Ocupacional,Terapia Ocupacional,0.0,0.8085106382978723,10.475,0.457516339869281,0.6036036036036037,De $1 millón 100 mil a $1 millón 200 mil,1150000
19,Universidades,UNIVERSIDAD DE LAS AMERICAS,5 años,Salud,Terapia Ocupacional,Terapia Ocupacional,0.0020449897750511,0.8738738738738738,11.659192825112084,0.3942857142857143,0.6244897959183674,De $1 millón 200 mil a $1 millón 300 mil,1250000
34,Universidades,UNIVERSIDAD DE LOS ANDES,6 años,Salud,Terapia Ocupacional,Terapia Ocupacional,0.0119047619047619,0.9142857142857143,10.984126984127,0.5882352941176471,0.8125,De $1 millón 400 mil a $1 millón 500 mil,1450000
77,Universidades,UNIVERSIDAD DE MAGALLANES,5 años,Salud,Terapia Ocupacional,Terapia Ocupacional,0.0,0.8717948717948718,s/i,0.5507246376811594,0.8636363636363636,s/i,
895,Universidades,UNIVERSIDAD DE O'HIGGINS,4 años,Salud,Terapia Ocupacional,Terapia Ocupacional,0.0111111111111111,0.97,11.3809523809524,0.4337349397590361,,s/i,
83,Universidades,UNIVERSIDAD DE PLAYA ANCHA DE CIENCIAS DE LA EDUCACION,5 años,Salud,Terapia Ocupacional,Terapia Ocupacional,0.0043859649122807,0.9298245614035088,13.5,0.6714285714285714,0.8368794326241135,De $1 millón 200 mil a $1 millón 300 mil,1250000
71,Universidades,UNIVERSIDAD DE SANTIAGO DE CHILE,7 años,Salud,Terapia Ocupacional,Terapia Ocupacional,0.0,0.8888888888888888,10.8958333333333,0.5535714285714286,0.8,s/i,
22,Universidades,UNIVERSIDAD DE VIÑA DEL MAR,4 años,Salud,Terapia Ocupacional,Terapia Ocupacional,0.005181347150259,s/i,13.3529411764706,0.4819277108433735,0.7716535433070866,De $1 millón 200 mil a $1 millón 300 mil,1250000
10,Universidades,UNIVERSIDAD MAYOR,5 años,Salud,Terapia Ocupacional,Terapia Ocupacional,0.0121065375302663,0.8955223880597015,11.935483870967774,0.4786096256684492,0.7551724137931034,De $1 millón 200 mil a $1 millón 300 mil,1250000
39,Universidades,UNIVERSIDAD SAN SEBASTIAN,5 años,Salud,Terapia Ocupacional,Terapia Ocupacional,0.0117302052785923,0.844311377245509,10.708860759493671,0.4832775919732441,0.6809421841541756,De $1 millón 200 mil a $1 millón 300 mil,1250000
13,Universidades,UNIVERSIDAD SANTO TOMAS,4 años,Salud,Terapia Ocupacional,Terapia Ocupacional,0.0078740157480314,0.8967391304347826,12.091999999999995,0.5529685681024447,0.7481617647058824,De $1 millón 200 mil a $1 millón 300 mil,1250000
86,Universidades,PONTIFICIA UNIVERSIDAD CATOLICA DE CHILE,7 años,Ciencias Sociales,Trabajo Social,Trabajo Social,0.2244897959183673,0.875,10.451612903225804,0.7404580152671756,0.8582677165354331,De $1 millón 200 mil a $1 millón 300 mil,1250000
89,Universidades,PONTIFICIA UNIVERSIDAD CATOLICA DE VALPARAISO,7 años,Ciencias Sociales,Trabajo Social,Trabajo Social,0.0303030303030303,0.8987341772151899,12.0857142857143,0.7456140350877193,0.8695652173913043,De $1 millón 100 mil a $1 millón 200 mil,1150000
11,Universidades,UNIVERSIDAD ACADEMIA DE HUMANISMO CRISTIANO,4 años,Ciencias Sociales,Trabajo Social,Trabajo Social,0.010204081632653,0.78125,11.200000000000008,0.7264150943396226,0.8089887640449438,De $1 millón 100 mil a $1 millón 200 mil,1150000
38,Universidades,UNIVERSIDAD ADVENTISTA DE CHILE,3 años,Ciencias Sociales,Trabajo Social,Trabajo Social,0.0273972602739726,s/i,s/i,0.4677419354838709,0.6458333333333334,s/i,
69,Universidades,UNIVERSIDAD ALBERTO HURTADO,5 años,Ciencias Sociales,Trabajo Social,Trabajo Social,0.0067567567567567,0.8,11.5820895522388,0.7697841726618705,0.8604651162790697,s/i,
20,Universidades,UNIVERSIDAD ANDRES BELLO,6 años,Ciencias Sociales,Trabajo Social,Trabajo Social,0.0201729106628242,0.7105263157894737,11.057692307692294,0.6206896551724138,0.7548387096774194,De $1 millón a $1 millón 100 mil,1050000
81,Universidades,UNIVERSIDAD ARTURO PRAT,5 años,Ciencias Sociales,Trabajo Social,Trabajo Social,0.06,0.6296296296296297,s/i,0.7560975609756098,,s/i,
31,Universidades,UNIVERSIDAD AUTONOMA DE CHILE,5 años,Ciencias Sociales,Trabajo Social,Trabajo Social,0.0119521912350597,0.8770949720670391,10.493750000000002,0.4309133489461358,0.667447306791569,De $1 millón a $1 millón 100 mil,1050000
42,Universidades,UNIVERSIDAD CATOLICA CARDENAL RAUL SILVA HENRIQUEZ,4 años,Ciencias Sociales,Trabajo Social,Trabajo Social,0.0064516129032258,0.7272727272727273,10.227272727272686,0.6977777777777778,0.8309859154929577,De $1 millón 100 mil a $1 millón 200 mil,1150000
93,Universidades,UNIVERSIDAD CATOLICA DE LA SANTISIMA CONCEPCION,5 años,Ciencias Sociales,Trabajo Social,Trabajo Social,0.0177777777777777,0.8414634146341463,11.0545454545455,0.4340659340659341,0.6216216216216216,De $900 mil a $1 millón,950000
94,Universidades,UNIVERSIDAD CATOLICA DE TEMUCO,5 años,Ciencias Sociales,Trabajo Social,Trabajo Social,0.0,0.8596491228070176,11.4444444444444,0.5230769230769231,0.7107438016528925,s/i,
92,Universidades,UNIVERSIDAD CATOLICA DEL MAULE,5 años,Ciencias Sociales,Trabajo Social,Trabajo Social,0.0070921985815602,0.9438202247191011,11.11340206185567,0.6341463414634146,0.7722772277227723,De $1 millón a $1 millón 100 mil,1050000
4,Universidades,UNIVERSIDAD CENTRAL DE CHILE,5 años,Ciencias Sociales,Trabajo Social,Trabajo Social,0.0603448275862069,0.8777777777777778,10.97260273972606,0.6336633663366337,0.8979591836734694,De $1 millón 100 mil a $1 millón 200 mil,1150000
46,Universidades,UNIVERSIDAD DE ACONCAGUA,No,Ciencias Sociales,Trabajo Social,Trabajo Social,0.0079051383399209,s/i,s/i,0.7125,0.7446808510638298,De $1 millón 100 mil a $1 millón 200 mil,1150000
73,Universidades,UNIVERSIDAD DE ANTOFAGASTA,5 años,Ciencias Sociales,Trabajo Social,Trabajo Social,0.0222222222222222,0.7941176470588235,s/i,0.7627118644067796,0.8888888888888888,s/i,
26,Universidades,"UNIVERSIDAD DE ARTES, CIENCIAS Y COMUNICACION - UNIACC",3 años,Ciencias Sociales,Trabajo Social,Trabajo Social,0.0327272727272727,0.5135135135135135,s/i,0.8309859154929577,0.8421052631578947,s/i,
79,Universidades,UNIVERSIDAD DE ATACAMA,4 años,Ciencias Sociales,Trabajo Social,Trabajo Social,0.0560747663551401,0.85,12.425,0.7555555555555555,0.7948717948717948,s/i,
70,Universidades,UNIVERSIDAD DE CHILE,7 años,Ciencias Sociales,Trabajo Social,Trabajo Social,0.2547770700636942,0.8805970149253731,11.173076923076902,0.7837837837837838,0.8671875,s/i,
87,Universidades,UNIVERSIDAD DE CONCEPCION,7 años,Ciencias Sociales,Trabajo Social,Trabajo Social,0.0979591836734693,0.8923076923076924,11.328125,0.4883720930232558,0.7064676616915423,De $1 millón a $1 millón 100 mil,1050000
76,Universidades,UNIVERSIDAD DE LA FRONTERA,5 años,Ciencias Sociales,Trabajo Social,Trabajo Social,0.03125,0.7333333333333333,10.8064516129032,0.5267857142857143,0.7757009345794392,De $1 millón a $1 millón 100 mil,1050000
19,Universidades,UNIVERSIDAD DE LAS AMERICAS,5 años,Ciencias Sociales,Trabajo Social,Trabajo Social,0.0119521912350597,0.803030303030303,11.285714285714286,0.46,0.7225806451612903,s/i,
84,Universidades,UNIVERSIDAD DE LOS LAGOS,5 años,Ciencias Sociales,Trabajo Social,Trabajo Social,0.010204081632653,0.925,10.685714285714258,0.5189873417721519,0.6904761904761905,De $900 mil a $1 millón,950000
77,Universidades,UNIVERSIDAD DE MAGALLANES,5 años,Ciencias Sociales,Trabajo Social,Trabajo Social,0.0,s/i,s/i,0.6122448979591837,0.8,s/i,
80,Universidades,UNIVERSIDAD DE TARAPACA,6 años,Ciencias Sociales,Trabajo Social,Trabajo Social,0.0274509803921568,0.8554216867469879,10.693877551020416,0.5297297297297298,0.704225352112676,s/i,
72,Universidades,UNIVERSIDAD DE VALPARAISO,6 años,Ciencias Sociales,Trabajo Social,Trabajo Social,0.0283018867924528,0.8125,11.40625,0.6505376344086021,0.8301886792452831,De $1 millón 200 mil a $1 millón 300 mil,1250000
22,Universidades,UNIVERSIDAD DE VIÑA DEL MAR,4 años,Ciencias Sociales,Trabajo Social,Trabajo Social,0.0251572327044025,s/i,12.071428571428564,0.5483870967741935,0.7446808510638298,De $1 millón a $1 millón 100 mil,1050000
75,Universidades,UNIVERSIDAD DEL BIO-BIO,5 años,Ciencias Sociales,Trabajo Social,Trabajo Social,0.0278884462151394,0.794392523364486,11.941176470588227,0.5253456221198156,0.7004608294930875,De $1 millón a $1 millón 100 mil,1050000
39,Universidades,UNIVERSIDAD SAN SEBASTIAN,5 años,Ciencias Sociales,Trabajo Social,Trabajo Social,0.027065527065527,0.6774193548387096,11.014492753623202,0.6120906801007556,0.7922077922077922,De $1 millón 100 mil a $1 millón 200 mil,1150000
13,Universidades,UNIVERSIDAD SANTO TOMAS,4 años,Ciencias Sociales,Trabajo Social,Trabajo Social,0.0245358090185676,0.883177570093458,11.026086956521752,0.6655982905982906,0.7859690844233056,De $1 millón a $1 millón 100 mil,1050000
17,Universidades,UNIVERSIDAD SEK,3 años,Ciencias Sociales,Trabajo Social,Trabajo Social,0.0345911949685534,s/i,s/i,0.8044692737430168,0.8916666666666667,De $1 millón 300 mil a $1 millón 400 mil,1350000
54,Universidades,UNIVERSIDAD TECNOLOGICA DE CHILE INACAP,No,Ciencias Sociales,Trabajo Social,Trabajo Social,0.011801730920535,s/i,12.410071942446052,0.5041152263374485,0.6692381870781099,De $1 millón a $1 millón 100 mil,1050000
85,Universidades,UNIVERSIDAD TECNOLOGICA METROPOLITANA,4 años,Ciencias Sociales,Trabajo Social,Trabajo Social,0.0315315315315315,0.7424242424242424,11.546875,0.6632653061224489,0.8908045977011494,De $1 millón 100 mil a $1 millón 200 mil,1150000
89,Universidades,PONTIFICIA UNIVERSIDAD CATOLICA DE VALPARAISO,7 años,Humanidades,Traducción e Interpretación,Interpretación o Traduccción Inglés - Español,0.05,0.7468354430379747,11.4285714285714,0.5138888888888888,0.5333333333333333,s/i,
26,Universidades,"UNIVERSIDAD DE ARTES, CIENCIAS Y COMUNICACION - UNIACC",3 años,Humanidades,Traducción e Interpretación,Traducción e Interpretariado Bilingüe Inglés-Español,0.0636363636363636,0.7523809523809524,12.272727272727302,0.3809523809523809,0.4210526315789473,s/i,
87,Universidades,UNIVERSIDAD DE CONCEPCION,7 años,Humanidades,Traducción e Interpretación,Traducción/Interpretación en Idiomas Extranjeros,0.0428571428571428,0.9113924050632911,s/i,0.3608247422680412,0.5102040816326531,De $900 mil a $1 millón,950000
74,Universidades,UNIVERSIDAD DE LA SERENA,5 años,Humanidades,Traducción e Interpretación,Traducción Inglés Español y Licenciatura en Traducción,0.1,0.90625,s/i,0.3125,0.303030303030303,s/i,
19,Universidades,UNIVERSIDAD DE LAS AMERICAS,5 años,Humanidades,Traducción e Interpretación,Traducción e Intérprete en Inglés,0.0763052208835341,0.8597014925373134,10.360465116279054,0.2848837209302325,0.3723404255319149,s/i,
83,Universidades,UNIVERSIDAD DE PLAYA ANCHA DE CIENCIAS DE LA EDUCACION,5 años,Humanidades,Traducción e Interpretación,Traducción e Interpretación Inglés y Español,0.0348837209302325,0.75,s/i,0.4827586206896552,,s/i,
54,Universidades,UNIVERSIDAD TECNOLOGICA DE CHILE INACAP,No,Humanidades,Traducción e Interpretación,Traducción Inglés-Español,0.0746753246753246,s/i,14.979166666666657,0.4399141630901287,0.5160599571734475,De $900 mil a $1 millón,950000
