Cod_SS,Servicio_Salud,Cod_Estab,Establecimiento,Cod_Nivel,Nivel_Cuidado,Dias_Cama_Disponibles,Dias_Cama_Ocupados,Dias_de_Estada,Egresos_Fallecidos,Indice_Ocupacional,Indice_de_Rotacion,Letalidad,Numero_de_Egresos,Promedio_Cama_Disponibles,Promedio_Dias_de_Estada,Traslados
1,Arica y Parinacota,101100,Hospital Regional Dr. Juan Noé Crevani (Arica),401,Área Médica Adulto Cuidados Básicos,5368,2019,2644,3,"37,61","48,41","0,42",600,"14,67","3,72",110
1,Arica y Parinacota,101100,Hospital Regional Dr. Juan Noé Crevani (Arica),402,Área Médica Adulto Cuidados Medios,22108,18557,18455,189,"83,94","70,51","4,44",3619,"60,4","4,33",640
1,Arica y Parinacota,101100,Hospital Regional Dr. Juan Noé Crevani (Arica),403,Área Médico-Quirúrgico Cuidados Básicos,4938,1899,2897,0,"38,46","49,81",0,586,"13,49","4,31",86
1,Arica y Parinacota,101100,Hospital Regional Dr. Juan Noé Crevani (Arica),404,Área Médico-Quirúrgico Cuidados Medios,27360,26591,26038,22,"97,19","68,14","0,43",4863,"74,75","5,11",231
1,Arica y Parinacota,101100,Hospital Regional Dr. Juan Noé Crevani (Arica),405,Área Cuidados Intensivos Adultos,4331,2928,1501,111,"67,61","33,38","28,1",172,"11,83","3,8",223
1,Arica y Parinacota,101100,Hospital Regional Dr. Juan Noé Crevani (Arica),406,Área Cuidados Intermedios Adultos,8845,7339,4740,83,"82,97","71,54","4,8",709,"24,17","2,74",1020
1,Arica y Parinacota,101100,Hospital Regional Dr. Juan Noé Crevani (Arica),410,Área Médico-Quirúrgico Pediátrica Cuidados Medios,6532,4529,4192,1,"69,34","60,46","0,09",1061,"17,85","3,89",18
1,Arica y Parinacota,101100,Hospital Regional Dr. Juan Noé Crevani (Arica),411,Área Cuidados Intensivos Pediátricos,1463,277,402,5,"18,93","23,02","5,43",66,4,"4,37",26
1,Arica y Parinacota,101100,Hospital Regional Dr. Juan Noé Crevani (Arica),412,Área Cuidados Intermedios Pediátricos,1460,807,865,1,"55,27","40,11","0,63",128,"3,99","5,41",32
1,Arica y Parinacota,101100,Hospital Regional Dr. Juan Noé Crevani (Arica),413,Área Neonatología Cuidados Básicos,1006,368,196,0,"36,58","14,55",0,32,"2,75","4,9",8
1,Arica y Parinacota,101100,Hospital Regional Dr. Juan Noé Crevani (Arica),414,Área Neonatología Cuidados Intensivos,1433,854,235,6,"59,6","18,64","8,22",28,"3,92","3,22",45
1,Arica y Parinacota,101100,Hospital Regional Dr. Juan Noé Crevani (Arica),415,Área Neonatología Cuidados Intermedios,3051,2677,2732,0,"87,74","23,63",0,174,"8,34","13,87",23
1,Arica y Parinacota,101100,Hospital Regional Dr. Juan Noé Crevani (Arica),416,Área Obstetricia,15353,12521,11791,0,"81,55","94,26",0,3763,"41,95","2,98",191
1,Arica y Parinacota,101100,Hospital Regional Dr. Juan Noé Crevani (Arica),418,Área Psiquiatría Adulto Corta estadía,7776,7300,6852,2,"93,88","29,75","0,32",614,"21,25","10,84",18
1,Arica y Parinacota,101100,Hospital Regional Dr. Juan Noé Crevani (Arica),421,Área Psiquiatría Infanto-adolescente corta estadía,4290,4300,4225,0,"100,23","27,73",0,323,"11,72",13,2
2,Tarapacá,102100,Hospital Dr. Ernesto Torres Galdames (Iquique),401,Área Médica Adulto Cuidados Básicos,3865,3429,3703,13,"88,72","66,67","1,85",522,"10,56","5,26",182
2,Tarapacá,102100,Hospital Dr. Ernesto Torres Galdames (Iquique),402,Área Médica Adulto Cuidados Medios,20083,18423,19660,112,"91,73","63,57","3,21",3095,"54,87","5,64",393
2,Tarapacá,102100,Hospital Dr. Ernesto Torres Galdames (Iquique),403,Área Médico-Quirúrgico Cuidados Básicos,12248,11528,10442,1,"94,12","76,56","0,04",1558,"33,46","4,08",1004
2,Tarapacá,102100,Hospital Dr. Ernesto Torres Galdames (Iquique),404,Área Médico-Quirúrgico Cuidados Medios,35192,33866,35154,43,"96,23","81,7","0,55",4410,"96,15","4,47",3446
2,Tarapacá,102100,Hospital Dr. Ernesto Torres Galdames (Iquique),405,Área Cuidados Intensivos Adultos,6568,4715,2078,126,"71,79","29,14","24,09",206,"17,95","3,97",317
2,Tarapacá,102100,Hospital Dr. Ernesto Torres Galdames (Iquique),406,Área Cuidados Intermedios Adultos,8082,7180,4499,42,"88,84","73,14","2,6",644,"22,08","2,79",971
2,Tarapacá,102100,Hospital Dr. Ernesto Torres Galdames (Iquique),407,Área Médica Pediátrica Cuidados Básicos,5095,3441,3414,0,"67,54","73,85",0,676,"13,92","3,32",352
2,Tarapacá,102100,Hospital Dr. Ernesto Torres Galdames (Iquique),408,Área Médica Pediátrica Cuidados Medios,4789,3642,3669,0,"76,05","66,8",0,489,"13,08","4,2",385
2,Tarapacá,102100,Hospital Dr. Ernesto Torres Galdames (Iquique),409,Área Médico-Quirúrgico Pediátrica Cuidados Básicos,1530,1325,1239,0,"86,6","80,14",0,236,"4,18","3,7",99
2,Tarapacá,102100,Hospital Dr. Ernesto Torres Galdames (Iquique),410,Área Médico-Quirúrgico Pediátrica Cuidados Medios,2130,1669,1714,0,"78,36","112,72",0,410,"5,82","2,61",246
2,Tarapacá,102100,Hospital Dr. Ernesto Torres Galdames (Iquique),411,Área Cuidados Intensivos Pediátricos,1362,948,298,7,"69,6","42,19","4,46",26,"3,72","1,9",131
2,Tarapacá,102100,Hospital Dr. Ernesto Torres Galdames (Iquique),412,Área Cuidados Intermedios Pediátricos,1551,854,350,2,"55,06","78,34","0,6",31,"4,24","1,05",301
2,Tarapacá,102100,Hospital Dr. Ernesto Torres Galdames (Iquique),413,Área Neonatología Cuidados Básicos,3619,1361,4346,0,"37,61","46,52",0,316,"9,89","9,45",144
2,Tarapacá,102100,Hospital Dr. Ernesto Torres Galdames (Iquique),414,Área Neonatología Cuidados Intensivos,2562,1877,333,10,"73,26","24,43","5,85",25,7,"1,95",146
2,Tarapacá,102100,Hospital Dr. Ernesto Torres Galdames (Iquique),415,Área Neonatología Cuidados Intermedios,5001,3710,1405,0,"74,19","33,23",0,141,"13,66","3,09",313
2,Tarapacá,102100,Hospital Dr. Ernesto Torres Galdames (Iquique),416,Área Obstetricia,11928,10434,10479,1,"87,47","197,54","0,02",3812,"32,59","1,63",2626
2,Tarapacá,102100,Hospital Dr. Ernesto Torres Galdames (Iquique),428,Área de Hospitalización de Cuidados Intensivos en Psiquiatría Adulto,10826,6839,5946,0,"63,17","28,2",0,813,"29,58","7,13",21
2,Tarapacá,102100,Hospital Dr. Ernesto Torres Galdames (Iquique),429,Área de Hospitalización de Cuidados Intensivos en Psiquiatría Infanto Adolescente,7349,6001,6035,0,"81,66","19,62",0,316,"20,08","15,32",78
3,Antofagasta,103100,Hospital Dr. Leonardo Guzmán (Antofagasta),401,Área Médica Adulto Cuidados Básicos,1826,398,391,0,"21,8","24,45",0,122,"4,99","3,2",0
3,Antofagasta,103100,Hospital Dr. Leonardo Guzmán (Antofagasta),403,Área Médico-Quirúrgico Cuidados Básicos,25151,21989,20999,18,"87,43","54,48","0,48",3312,"68,72","5,61",432
3,Antofagasta,103100,Hospital Dr. Leonardo Guzmán (Antofagasta),404,Área Médico-Quirúrgico Cuidados Medios,81790,73005,71039,384,"89,26","41,76","4,11",7642,"223,47","7,61",1690
3,Antofagasta,103100,Hospital Dr. Leonardo Guzmán (Antofagasta),405,Área Cuidados Intensivos Adultos,10412,9093,8145,203,"87,33","40,46","17,64",253,"28,45","7,08",898
3,Antofagasta,103100,Hospital Dr. Leonardo Guzmán (Antofagasta),406,Área Cuidados Intermedios Adultos,15932,13951,12993,109,"87,57","51,6","4,85",511,"43,53","5,78",1735
3,Antofagasta,103100,Hospital Dr. Leonardo Guzmán (Antofagasta),410,Área Médico-Quirúrgico Pediátrica Cuidados Medios,18085,11647,11211,4,"64,4","49,4","0,16",2155,"49,41","4,59",286
3,Antofagasta,103100,Hospital Dr. Leonardo Guzmán (Antofagasta),411,Área Cuidados Intensivos Pediátricos,1827,1105,1079,8,"60,48","34,26","4,68",19,"4,99","6,31",152
3,Antofagasta,103100,Hospital Dr. Leonardo Guzmán (Antofagasta),412,Área Cuidados Intermedios Pediátricos,2172,1461,1634,2,"67,27","48,19","0,7",49,"5,93","5,71",237
3,Antofagasta,103100,Hospital Dr. Leonardo Guzmán (Antofagasta),413,Área Neonatología Cuidados Básicos,8318,4880,4053,0,"58,67","30,1",0,612,"22,73","5,93",72
3,Antofagasta,103100,Hospital Dr. Leonardo Guzmán (Antofagasta),414,Área Neonatología Cuidados Intensivos,3412,2478,2235,19,"72,63","23,06","8,84",22,"9,32","10,4",193
3,Antofagasta,103100,Hospital Dr. Leonardo Guzmán (Antofagasta),415,Área Neonatología Cuidados Intermedios,6547,4914,4379,1,"75,06","28,51","0,2",142,"17,89","8,59",368
3,Antofagasta,103100,Hospital Dr. Leonardo Guzmán (Antofagasta),416,Área Obstetricia,23153,16471,15744,4,"71,14","86,64","0,07",4734,"63,26","2,87",747
3,Antofagasta,103100,Hospital Dr. Leonardo Guzmán (Antofagasta),428,Área de Hospitalización de Cuidados Intensivos en Psiquiatría Adulto,8592,8592,7819,0,100,"18,4",0,415,"23,48","18,1",17
3,Antofagasta,103100,Hospital Dr. Leonardo Guzmán (Antofagasta),429,Área de Hospitalización de Cuidados Intensivos en Psiquiatría Infanto Adolescente,2509,2414,2386,0,"96,21","10,65",0,68,"6,86","32,68",5
3,Antofagasta,103101,Hospital Dr. Carlos Cisternas (Calama),330,Area Pensionado,0,0,0,0,0,0,0,0,0,0,0
3,Antofagasta,103101,Hospital Dr. Carlos Cisternas (Calama),403,Área Médico-Quirúrgico Cuidados Básicos,697,359,356,1,"51,51","62,96","0,76",127,"2,08","2,72",4
3,Antofagasta,103101,Hospital Dr. Carlos Cisternas (Calama),404,Área Médico-Quirúrgico Cuidados Medios,38815,37587,36511,164,"96,84","52,16","2,96",5291,"106,05","6,6",241
3,Antofagasta,103101,Hospital Dr. Carlos Cisternas (Calama),405,Área Cuidados Intensivos Adultos,2519,2247,1999,61,"89,2","26,44","33,52",71,"6,88","10,98",111
3,Antofagasta,103101,Hospital Dr. Carlos Cisternas (Calama),406,Área Cuidados Intermedios Adultos,5293,4061,4057,27,"76,72","62,09","3,01",111,"14,46","4,52",787
3,Antofagasta,103101,Hospital Dr. Carlos Cisternas (Calama),409,Área Médico-Quirúrgico Pediátrica Cuidados Básicos,7682,2630,2743,0,"34,24","47,55",0,978,"20,99","2,75",20
3,Antofagasta,103101,Hospital Dr. Carlos Cisternas (Calama),410,Área Médico-Quirúrgico Pediátrica Cuidados Medios,2200,1306,1345,2,"59,36","86,51","0,38",386,"6,01","2,59",134
3,Antofagasta,103101,Hospital Dr. Carlos Cisternas (Calama),412,Área Cuidados Intermedios Pediátricos,1464,498,510,1,"34,02","52,75","0,47",52,4,"2,42",159
3,Antofagasta,103101,Hospital Dr. Carlos Cisternas (Calama),413,Área Neonatología Cuidados Básicos,1469,538,554,0,"36,62","43,6",0,173,"4,01","3,17",2
3,Antofagasta,103101,Hospital Dr. Carlos Cisternas (Calama),415,Área Neonatología Cuidados Intermedios,1093,348,357,0,"31,84","36,5",0,53,"2,99","3,28",56
3,Antofagasta,103101,Hospital Dr. Carlos Cisternas (Calama),416,Área Obstetricia,11685,6894,7043,1,59,"73,23","0,04",2330,"31,93","3,01",8
3,Antofagasta,103101,Hospital Dr. Carlos Cisternas (Calama),428,Área de Hospitalización de Cuidados Intensivos en Psiquiatría Adulto,1106,1103,1081,0,"99,73","37,73",0,69,"3,02","9,48",45
3,Antofagasta,103102,Hospital Dr. Marcos Macuada (Tocopilla),330,Area Pensionado,1083,0,0,0,0,0,0,0,"2,96",0,0
3,Antofagasta,103102,Hospital Dr. Marcos Macuada (Tocopilla),403,Área Médico-Quirúrgico Cuidados Básicos,12232,9164,11958,41,"74,92","26,03","4,71",870,"33,42","13,74",0
3,Antofagasta,103102,Hospital Dr. Marcos Macuada (Tocopilla),407,Área Médica Pediátrica Cuidados Básicos,1010,386,329,0,"38,22","44,93",0,124,"2,76","2,65",0
3,Antofagasta,103103,Hospital 21 de Mayo (Taltal),403,Área Médico-Quirúrgico Cuidados Básicos,7320,3798,1996,11,"51,89","30,7","1,79",614,20,"3,25",0
3,Antofagasta,103103,Hospital 21 de Mayo (Taltal),407,Área Médica Pediátrica Cuidados Básicos,732,114,108,0,"15,57",37,0,74,2,"1,46",0
3,Antofagasta,103104,Hospital de Mejillones,401,Área Médica Adulto Cuidados Básicos,3294,2000,1145,12,"60,72",22,"6,06",198,9,"5,78",0
4,Atacama,104100,Hospital San José del Carmen (Copiapó),401,Área Médica Adulto Cuidados Básicos,1550,1508,1575,2,"97,29","48,88","0,97",196,"4,23","7,61",11
4,Atacama,104100,Hospital San José del Carmen (Copiapó),402,Área Médica Adulto Cuidados Medios,20379,19768,20392,117,97,"39,57","5,31",2062,"55,68","9,26",141
4,Atacama,104100,Hospital San José del Carmen (Copiapó),403,Área Médico-Quirúrgico Cuidados Básicos,12725,9745,9790,2,"76,58","53,41","0,11",1813,"34,77","5,27",44
4,Atacama,104100,Hospital San José del Carmen (Copiapó),404,Área Médico-Quirúrgico Cuidados Medios,28763,28476,29123,60,99,"79,07","0,97",3610,"78,59","4,69",2604
4,Atacama,104100,Hospital San José del Carmen (Copiapó),405,Área Cuidados Intensivos Adultos,4445,2896,3003,94,"65,15","33,43","23,15",123,"12,14","7,4",283
4,Atacama,104100,Hospital San José del Carmen (Copiapó),406,Área Cuidados Intermedios Adultos,6589,4800,5272,72,"72,85","73,93","5,41",230,18,"3,96",1101
4,Atacama,104100,Hospital San José del Carmen (Copiapó),409,Área Médico-Quirúrgico Pediátrica Cuidados Básicos,5836,2281,2296,0,"39,08","43,08",0,627,"15,95","3,34",60
4,Atacama,104100,Hospital San José del Carmen (Copiapó),410,Área Médico-Quirúrgico Pediátrica Cuidados Medios,2215,1266,1169,0,"57,16","62,96",0,319,"6,05","3,07",62
4,Atacama,104100,Hospital San José del Carmen (Copiapó),412,Área Cuidados Intermedios Pediátricos,2196,730,766,5,"33,24","44,67","1,87",92,6,"2,86",176
4,Atacama,104100,Hospital San José del Carmen (Copiapó),413,Área Neonatología Cuidados Básicos,2928,1550,1568,0,"52,94","48,5",0,369,8,"4,04",19
4,Atacama,104100,Hospital San José del Carmen (Copiapó),414,Área Neonatología Cuidados Intensivos,1464,765,731,4,"52,25","25,25","3,96",10,4,"7,24",91
4,Atacama,104100,Hospital San José del Carmen (Copiapó),415,Área Neonatología Cuidados Intermedios,3462,1275,1304,0,"36,83","22,62",0,64,"9,46","6,09",150
4,Atacama,104100,Hospital San José del Carmen (Copiapó),416,Área Obstetricia,9622,7053,6558,0,"73,3","72,08",0,1885,"26,29","3,46",10
4,Atacama,104100,Hospital San José del Carmen (Copiapó),418,Área Psiquiatría Adulto Corta estadía,7297,3880,4532,0,"53,17","14,35",0,285,"19,94","15,85",1
4,Atacama,104100,Hospital San José del Carmen (Copiapó),421,Área Psiquiatría Infanto-adolescente corta estadía,1850,1787,1801,0,"96,59","22,75",0,111,"5,05","15,66",4
4,Atacama,104100,Hospital San José del Carmen (Copiapó),427,Área Sociosanitaria Adulto,1393,1375,597,0,"98,71","1,58",0,6,"3,81","99,5",0
4,Atacama,104101,Hospital Dr. Jerónimo Méndez Arancibia (Chañaral),401,Área Médica Adulto Cuidados Básicos,8052,2120,2148,31,"26,33","18,36","7,67",404,22,"5,32",0
4,Atacama,104101,Hospital Dr. Jerónimo Méndez Arancibia (Chañaral),407,Área Médica Pediátrica Cuidados Básicos,2562,85,87,0,"3,32","3,29",0,23,7,"3,78",0
4,Atacama,104101,Hospital Dr. Jerónimo Méndez Arancibia (Chañaral),416,Área Obstetricia,1098,0,0,0,0,0,0,0,3,0,0
4,Atacama,104101,Hospital Dr. Jerónimo Méndez Arancibia (Chañaral),427,Área Sociosanitaria Adulto,2226,1753,609,3,"78,75","1,48","33,33",9,"6,08","67,67",0
4,Atacama,104103,Hospital Provincial del Huasco Monseñor Fernando Ariztía Ruiz (Vallenar),330,Area Pensionado,958,958,972,0,100,149,0,390,"2,62","2,49",0
4,Atacama,104103,Hospital Provincial del Huasco Monseñor Fernando Ariztía Ruiz (Vallenar),401,Área Médica Adulto Cuidados Básicos,3908,3064,3273,13,"78,4","44,58","2,73",440,"10,68","6,88",36
4,Atacama,104103,Hospital Provincial del Huasco Monseñor Fernando Ariztía Ruiz (Vallenar),402,Área Médica Adulto Cuidados Medios,9028,7597,7920,71,"84,15","40,09","7,18",930,"24,67","8,01",59
4,Atacama,104103,Hospital Provincial del Huasco Monseñor Fernando Ariztía Ruiz (Vallenar),403,Área Médico-Quirúrgico Cuidados Básicos,4377,4028,4055,4,"92,03","74,42","0,45",865,"11,96","4,56",25
4,Atacama,104103,Hospital Provincial del Huasco Monseñor Fernando Ariztía Ruiz (Vallenar),404,Área Médico-Quirúrgico Cuidados Medios,6728,6170,6461,10,"91,71","50,7","1,07",886,"18,38","6,93",46
4,Atacama,104103,Hospital Provincial del Huasco Monseñor Fernando Ariztía Ruiz (Vallenar),405,Área Cuidados Intensivos Adultos,1079,597,185,25,"55,33","35,96","23,58",38,"2,95","1,75",68
4,Atacama,104103,Hospital Provincial del Huasco Monseñor Fernando Ariztía Ruiz (Vallenar),406,Área Cuidados Intermedios Adultos,2581,1882,1255,34,"72,92","79,27","6,08",234,"7,05","2,25",325
4,Atacama,104103,Hospital Provincial del Huasco Monseñor Fernando Ariztía Ruiz (Vallenar),407,Área Médica Pediátrica Cuidados Básicos,1306,518,581,0,"39,66","40,92",0,139,"3,57","3,98",7
4,Atacama,104103,Hospital Provincial del Huasco Monseñor Fernando Ariztía Ruiz (Vallenar),408,Área Médica Pediátrica Cuidados Medios,1313,788,789,0,"60,02","35,96",0,127,"3,59","6,12",2
4,Atacama,104103,Hospital Provincial del Huasco Monseñor Fernando Ariztía Ruiz (Vallenar),409,Área Médico-Quirúrgico Pediátrica Cuidados Básicos,740,237,241,0,"32,03","60,84",0,122,"2,02","1,96",1
4,Atacama,104103,Hospital Provincial del Huasco Monseñor Fernando Ariztía Ruiz (Vallenar),410,Área Médico-Quirúrgico Pediátrica Cuidados Medios,423,94,89,0,"22,22","31,15",0,35,"1,16","2,47",1
4,Atacama,104103,Hospital Provincial del Huasco Monseñor Fernando Ariztía Ruiz (Vallenar),413,Área Neonatología Cuidados Básicos,2474,890,800,0,"35,97","14,05",0,89,"6,76","8,42",6
4,Atacama,104103,Hospital Provincial del Huasco Monseñor Fernando Ariztía Ruiz (Vallenar),416,Área Obstetricia,2467,1537,1521,0,"62,3","84,27",0,564,"6,74","2,68",4
4,Atacama,104103,Hospital Provincial del Huasco Monseñor Fernando Ariztía Ruiz (Vallenar),418,Área Psiquiatría Adulto Corta estadía,2235,2145,2190,0,"95,97","57,64",0,351,"6,11","6,22",1
4,Atacama,104103,Hospital Provincial del Huasco Monseñor Fernando Ariztía Ruiz (Vallenar),427,Área Sociosanitaria Adulto,2107,2107,1770,4,100,"1,56","44,44",9,"5,76","196,67",0
4,Atacama,104104,Hospital Dr. Manuel Magalhaes Medling (Huasco),401,Área Médica Adulto Cuidados Básicos,2287,1437,1342,11,"62,83","21,44","8,21",132,"6,25","10,01",2
4,Atacama,104104,Hospital Dr. Manuel Magalhaes Medling (Huasco),407,Área Médica Pediátrica Cuidados Básicos,61,3,3,0,"4,92",12,0,2,"0,17","1,5",0
4,Atacama,104104,Hospital Dr. Manuel Magalhaes Medling (Huasco),427,Área Sociosanitaria Adulto,1678,1610,850,2,"95,95","0,65","66,67",3,"4,58","283,33",0
5,Coquimbo,105100,Hospital San Juan de Dios (La Serena),402,Área Médica Adulto Cuidados Medios,38513,35829,34221,154,"93,03","41,33","3,54",3840,"105,23","7,87",509
5,Coquimbo,105100,Hospital San Juan de Dios (La Serena),403,Área Médico-Quirúrgico Cuidados Básicos,4981,3010,3201,0,"60,43","93,32",0,1235,"13,61","2,52",35
5,Coquimbo,105100,Hospital San Juan de Dios (La Serena),404,Área Médico-Quirúrgico Cuidados Medios,21859,20897,19976,12,"95,6","62,57","0,32",3397,"59,72","5,35",340
5,Coquimbo,105100,Hospital San Juan de Dios (La Serena),405,Área Cuidados Intensivos Adultos,7684,6772,6781,170,"88,13","44,44","18,22",273,"20,99","7,27",660
5,Coquimbo,105100,Hospital San Juan de Dios (La Serena),406,Área Cuidados Intermedios Adultos,15627,13733,13091,104,"87,88","62,96","3,87",814,"42,7","4,87",1874
5,Coquimbo,105100,Hospital San Juan de Dios (La Serena),410,Área Médico-Quirúrgico Pediátrica Cuidados Medios,11072,7403,7429,1,"66,86","66,58","0,05",1926,"30,25","3,69",88
5,Coquimbo,105100,Hospital San Juan de Dios (La Serena),412,Área Cuidados Intermedios Pediátricos,2196,1430,1287,2,"65,12","59,17","0,56",137,6,"3,63",218
5,Coquimbo,105100,Hospital San Juan de Dios (La Serena),414,Área Neonatología Cuidados Intensivos,4388,2756,2416,19,"62,81","24,02","6,6",66,"11,99","8,39",222
5,Coquimbo,105100,Hospital San Juan de Dios (La Serena),415,Área Neonatología Cuidados Intermedios,6497,4314,4276,0,"66,4","26,48",0,428,"17,75","9,1",42
5,Coquimbo,105100,Hospital San Juan de Dios (La Serena),416,Área Obstetricia,10979,7535,7414,0,"68,63","64,27",0,1910,30,"3,85",18
5,Coquimbo,105101,Hospital San Pablo (Coquimbo),330,Area Pensionado,1207,893,898,0,"73,99","214,08",0,706,"3,3","1,27",0
5,Coquimbo,105101,Hospital San Pablo (Coquimbo),401,Área Médica Adulto Cuidados Básicos,1082,1021,1001,0,"94,36","42,39",0,190,"5,95","3,97",62
5,Coquimbo,105101,Hospital San Pablo (Coquimbo),402,Área Médica Adulto Cuidados Medios,32239,34580,32690,149,"107,26","45,01","3,76",3333,"88,08","8,24",632
5,Coquimbo,105101,Hospital San Pablo (Coquimbo),403,Área Médico-Quirúrgico Cuidados Básicos,8543,7650,7508,2,"89,55","58,48","0,15",1158,"23,34","5,5",207
5,Coquimbo,105101,Hospital San Pablo (Coquimbo),404,Área Médico-Quirúrgico Cuidados Medios,33470,32906,32037,42,"98,31","64,01","0,72",5031,"91,45","5,47",823
5,Coquimbo,105101,Hospital San Pablo (Coquimbo),405,Área Cuidados Intensivos Adultos,6570,5505,5034,160,"83,79","45,46","19,61",216,"17,95","6,17",600
5,Coquimbo,105101,Hospital San Pablo (Coquimbo),406,Área Cuidados Intermedios Adultos,10205,9506,9602,76,"93,15","77,72","3,51",453,"27,88","4,43",1714
5,Coquimbo,105101,Hospital San Pablo (Coquimbo),410,Área Médico-Quirúrgico Pediátrica Cuidados Medios,7828,5546,5512,2,"70,85","71,35","0,13",1438,"21,39","3,61",88
5,Coquimbo,105101,Hospital San Pablo (Coquimbo),411,Área Cuidados Intensivos Pediátricos,2159,445,385,8,"20,61","12,54","10,81",36,"5,9","5,2",38
5,Coquimbo,105101,Hospital San Pablo (Coquimbo),412,Área Cuidados Intermedios Pediátricos,2194,1118,1052,0,"50,96","49,38",0,125,"5,99","3,55",171
5,Coquimbo,105101,Hospital San Pablo (Coquimbo),413,Área Neonatología Cuidados Básicos,5124,2002,1820,3,"39,07","24,86","0,86",344,14,"5,23",4
5,Coquimbo,105101,Hospital San Pablo (Coquimbo),416,Área Obstetricia,4753,4070,4066,0,"85,63","119,66",0,1547,"12,99","2,62",7
5,Coquimbo,105101,Hospital San Pablo (Coquimbo),418,Área Psiquiatría Adulto Corta estadía,6209,6150,5994,0,"99,05","8,96",0,149,"16,96","39,43",3
5,Coquimbo,105101,Hospital San Pablo (Coquimbo),421,Área Psiquiatría Infanto-adolescente corta estadía,1110,877,820,0,"79,01","21,19",0,95,"4,53","8,54",1
5,Coquimbo,105102,Hospital Dr. Antonio Tirado Lanas de Ovalle,330,Area Pensionado,1275,1059,1060,0,"83,06","177,98",0,619,"3,48","1,71",1
5,Coquimbo,105102,Hospital Dr. Antonio Tirado Lanas de Ovalle,402,Área Médica Adulto Cuidados Medios,19397,17480,16979,169,"90,12","36,04","8,85",1814,53,"8,89",96
5,Coquimbo,105102,Hospital Dr. Antonio Tirado Lanas de Ovalle,403,Área Médico-Quirúrgico Cuidados Básicos,1427,1291,1279,1,"90,47","138,5","0,19",532,"3,9","2,37",8
5,Coquimbo,105102,Hospital Dr. Antonio Tirado Lanas de Ovalle,404,Área Médico-Quirúrgico Cuidados Medios,20792,18869,17843,45,"90,75","44,87","1,77",2437,"56,81",7,112
5,Coquimbo,105102,Hospital Dr. Antonio Tirado Lanas de Ovalle,405,Área Cuidados Intensivos Adultos,2198,1798,1844,63,"81,8","31,8","32,98",92,"6,01","9,65",99
5,Coquimbo,105102,Hospital Dr. Antonio Tirado Lanas de Ovalle,406,Área Cuidados Intermedios Adultos,6589,5527,5614,63,"83,88","65,49","5,34",348,18,"4,76",831
5,Coquimbo,105102,Hospital Dr. Antonio Tirado Lanas de Ovalle,410,Área Médico-Quirúrgico Pediátrica Cuidados Medios,7888,4407,3790,0,"55,87","38,65",0,810,"21,55","4,55",23
5,Coquimbo,105102,Hospital Dr. Antonio Tirado Lanas de Ovalle,412,Área Cuidados Intermedios Pediátricos,1113,359,363,0,"32,26","47,02",0,50,"3,04","2,54",93
5,Coquimbo,105102,Hospital Dr. Antonio Tirado Lanas de Ovalle,413,Área Neonatología Cuidados Básicos,4761,2265,2333,0,"47,57","22,83",0,268,"13,01","7,86",29
5,Coquimbo,105102,Hospital Dr. Antonio Tirado Lanas de Ovalle,415,Área Neonatología Cuidados Intermedios,1095,439,436,2,"40,09","35,76","1,87",32,"2,99","4,07",75
5,Coquimbo,105102,Hospital Dr. Antonio Tirado Lanas de Ovalle,416,Área Obstetricia,6991,3333,3323,0,"47,68","59,53",0,1132,"19,1","2,92",5
5,Coquimbo,105102,Hospital Dr. Antonio Tirado Lanas de Ovalle,418,Área Psiquiatría Adulto Corta estadía,4371,4220,4001,0,"96,55","9,71",0,113,"11,94","34,49",3
5,Coquimbo,105102,Hospital Dr. Antonio Tirado Lanas de Ovalle,421,Área Psiquiatría Infanto-adolescente corta estadía,1805,1693,1682,0,"93,8","11,56",0,54,"4,93","29,51",3
5,Coquimbo,105103,Hospital Dr. Humberto Elorza Cortés (Illapel),403,Área Médico-Quirúrgico Cuidados Básicos,5244,4030,4038,3,"76,85","105,46","0,2",1386,"14,33","2,67",125
5,Coquimbo,105103,Hospital Dr. Humberto Elorza Cortés (Illapel),404,Área Médico-Quirúrgico Cuidados Medios,7631,5538,5668,37,"72,57","53,29","3,33",930,"20,85","5,1",181
5,Coquimbo,105103,Hospital Dr. Humberto Elorza Cortés (Illapel),406,Área Cuidados Intermedios Adultos,2772,2056,1990,22,"74,17","72,75","3,99",236,"7,57","3,61",315
5,Coquimbo,105103,Hospital Dr. Humberto Elorza Cortés (Illapel),409,Área Médico-Quirúrgico Pediátrica Cuidados Básicos,952,414,407,0,"43,49","36,88",0,183,"6,26","1,76",48
5,Coquimbo,105103,Hospital Dr. Humberto Elorza Cortés (Illapel),410,Área Médico-Quirúrgico Pediátrica Cuidados Medios,2263,888,874,0,"39,24","35,73",0,330,"9,24","2,65",0
5,Coquimbo,105103,Hospital Dr. Humberto Elorza Cortés (Illapel),413,Área Neonatología Cuidados Básicos,829,537,514,0,"64,78","72,41",0,164,"2,27","3,13",0
5,Coquimbo,105103,Hospital Dr. Humberto Elorza Cortés (Illapel),416,Área Obstetricia,3577,2224,2241,0,"62,18","75,1",0,732,"9,77","3,05",2
5,Coquimbo,105104,Hospital de Salamanca,401,Área Médica Adulto Cuidados Básicos,2562,2288,2291,26,"89,31",55,"6,75",385,7,"5,95",0
5,Coquimbo,105104,Hospital de Salamanca,407,Área Médica Pediátrica Cuidados Básicos,880,93,93,0,"10,57","8,73",0,21,"2,4","4,43",0
5,Coquimbo,105104,Hospital de Salamanca,416,Área Obstetricia,592,63,63,0,"10,64","17,31",0,28,"1,62","2,25",0
5,Coquimbo,105104,Hospital de Salamanca,427,Área Sociosanitaria Adulto,2920,2756,1326,3,"94,38",1,"37,5",8,"7,98","165,75",0
5,Coquimbo,105105,Hospital San Juan de Dios (Combarbalá),401,Área Médica Adulto Cuidados Básicos,2251,2149,1916,16,"95,47","45,04","5,78",274,"6,15","6,92",3
5,Coquimbo,105105,Hospital San Juan de Dios (Combarbalá),407,Área Médica Pediátrica Cuidados Básicos,910,27,27,0,"2,97","5,63",0,14,"2,49","1,93",0
5,Coquimbo,105105,Hospital San Juan de Dios (Combarbalá),416,Área Obstetricia,706,5,5,0,"0,71","1,04",0,2,"1,93","2,5",0
5,Coquimbo,105105,Hospital San Juan de Dios (Combarbalá),427,Área Sociosanitaria Adulto,3453,3404,1718,4,"98,58","0,64","66,67",6,"9,43","286,33",0
5,Coquimbo,105106,Hospital Dr. José Arraño (Andacollo),401,Área Médica Adulto Cuidados Básicos,1788,1627,1708,16,91,"30,5","10,74",149,"4,89","11,46",0
5,Coquimbo,105106,Hospital Dr. José Arraño (Andacollo),407,Área Médica Pediátrica Cuidados Básicos,579,24,24,0,"4,15","3,79",0,6,"1,58",4,0
5,Coquimbo,105106,Hospital Dr. José Arraño (Andacollo),416,Área Obstetricia,351,6,6,0,"1,71","3,13",0,3,"0,96",2,0
5,Coquimbo,105106,Hospital Dr. José Arraño (Andacollo),427,Área Sociosanitaria Adulto,2775,2559,0,0,"92,22",0,0,0,"7,58",0,0
5,Coquimbo,105107,Hospital San Juan de Dios (Vicuña),401,Área Médica Adulto Cuidados Básicos,3840,4014,2652,21,"104,53","47,94","4,17",493,"10,49","5,27",10
5,Coquimbo,105107,Hospital San Juan de Dios (Vicuña),407,Área Médica Pediátrica Cuidados Básicos,1752,560,764,0,"31,96","10,86",0,52,"4,79","14,69",0
5,Coquimbo,105107,Hospital San Juan de Dios (Vicuña),416,Área Obstetricia,1286,82,62,0,"6,38","7,4",0,26,"3,51","2,38",0
5,Coquimbo,105107,Hospital San Juan de Dios (Vicuña),427,Área Sociosanitaria Adulto,3294,2787,2198,5,"84,61","1,78","31,25",15,9,"137,38",1
5,Coquimbo,105108,Hospital San Pedro (Los Vilos),401,Área Médica Adulto Cuidados Básicos,5075,3885,3885,28,"76,55","34,98","5,77",485,"13,87","8,01",0
5,Coquimbo,105108,Hospital San Pedro (Los Vilos),407,Área Médica Pediátrica Cuidados Básicos,2196,319,319,0,"14,53","10,5",0,63,6,"5,06",0
5,Coquimbo,105108,Hospital San Pedro (Los Vilos),416,Área Obstetricia,1830,403,403,1,"22,02","19,8","1,01",99,5,"4,07",0
5,Coquimbo,105108,Hospital San Pedro (Los Vilos),427,Área Sociosanitaria Adulto,2317,2077,2077,1,"89,64","2,37","6,67",15,"6,33","138,47",0
6,Valparaíso San Antonio,106100,Hospital Carlos Van Buren (Valparaíso),401,Área Médica Adulto Cuidados Básicos,32013,30838,30935,234,"96,33","51,29","5,22",4285,"87,47","6,9",201
6,Valparaíso San Antonio,106100,Hospital Carlos Van Buren (Valparaíso),402,Área Médica Adulto Cuidados Medios,18701,17218,17497,76,"92,07","34,58","4,3",1540,"51,1","9,9",227
6,Valparaíso San Antonio,106100,Hospital Carlos Van Buren (Valparaíso),403,Área Médico-Quirúrgico Cuidados Básicos,11722,8101,8392,26,"69,11","53,2","1,53",1391,"32,03","4,92",313
6,Valparaíso San Antonio,106100,Hospital Carlos Van Buren (Valparaíso),404,Área Médico-Quirúrgico Cuidados Medios,33333,29633,30457,168,"88,9","78,39","2,35",5025,"91,07","4,27",2114
6,Valparaíso San Antonio,106100,Hospital Carlos Van Buren (Valparaíso),405,Área Cuidados Intensivos Adultos,6034,5676,5925,106,"94,07","38,88","16,54",157,"16,49","9,24",484
6,Valparaíso San Antonio,106100,Hospital Carlos Van Buren (Valparaíso),406,Área Cuidados Intermedios Adultos,11466,10030,10390,44,"87,48","48,23","2,91",384,"31,33","6,88",1127
6,Valparaíso San Antonio,106100,Hospital Carlos Van Buren (Valparaíso),410,Área Médico-Quirúrgico Pediátrica Cuidados Medios,13970,12739,12316,2,"91,19","68,41","0,08",2483,"38,17","4,72",128
6,Valparaíso San Antonio,106100,Hospital Carlos Van Buren (Valparaíso),411,Área Cuidados Intensivos Pediátricos,2195,1107,1257,8,"50,43","39,18","3,4",44,6,"5,35",191
6,Valparaíso San Antonio,106100,Hospital Carlos Van Buren (Valparaíso),412,Área Cuidados Intermedios Pediátricos,3293,1723,1684,0,"52,32","27,45",0,60,9,"6,82",187
6,Valparaíso San Antonio,106100,Hospital Carlos Van Buren (Valparaíso),413,Área Neonatología Cuidados Básicos,2928,2265,2354,0,"77,36","43,75",0,277,8,"6,73",73
6,Valparaíso San Antonio,106100,Hospital Carlos Van Buren (Valparaíso),414,Área Neonatología Cuidados Intensivos,2205,2022,2268,5,"91,7","37,18","2,23",35,"6,02","10,13",189
6,Valparaíso San Antonio,106100,Hospital Carlos Van Buren (Valparaíso),415,Área Neonatología Cuidados Intermedios,2926,2543,2687,0,"86,91","41,9",0,81,"7,99","8,02",254
6,Valparaíso San Antonio,106100,Hospital Carlos Van Buren (Valparaíso),416,Área Obstetricia,13701,8616,8788,0,"62,89","62,91",0,2330,"37,43","3,73",25
6,Valparaíso San Antonio,106102,Hospital Dr. Eduardo Pereira Ramírez (Valparaíso),401,Área Médica Adulto Cuidados Básicos,9013,7193,6735,34,"79,81","24,89","5,55",507,"24,63","10,99",106
6,Valparaíso San Antonio,106102,Hospital Dr. Eduardo Pereira Ramírez (Valparaíso),402,Área Médica Adulto Cuidados Medios,9672,7948,7912,24,"82,18","26,98","3,37",575,"26,43","11,1",138
6,Valparaíso San Antonio,106102,Hospital Dr. Eduardo Pereira Ramírez (Valparaíso),403,Área Médico-Quirúrgico Cuidados Básicos,12911,11038,10746,15,"85,49","50,18","0,85",1423,"35,28","6,07",347
6,Valparaíso San Antonio,106102,Hospital Dr. Eduardo Pereira Ramírez (Valparaíso),404,Área Médico-Quirúrgico Cuidados Medios,15923,12995,12150,19,"81,61","47,1","0,93",1646,"43,51","5,93",403
6,Valparaíso San Antonio,106102,Hospital Dr. Eduardo Pereira Ramírez (Valparaíso),405,Área Cuidados Intensivos Adultos,2246,2153,2082,30,"95,86","33,57","14,56",45,"6,14","10,11",161
6,Valparaíso San Antonio,106102,Hospital Dr. Eduardo Pereira Ramírez (Valparaíso),406,Área Cuidados Intermedios Adultos,6086,5177,4968,33,"85,06","49,43","4,01",118,"16,63","6,04",704
6,Valparaíso San Antonio,106103,Hospital Claudio Vicuña ( San Antonio),403,Área Médico-Quirúrgico Cuidados Básicos,31204,24116,26502,59,"77,28","38,34","1,8",3080,"85,26","8,11",189
6,Valparaíso San Antonio,106103,Hospital Claudio Vicuña ( San Antonio),404,Área Médico-Quirúrgico Cuidados Medios,18355,17724,17733,161,"96,56","48,35","6,64",2114,"50,15","7,31",311
6,Valparaíso San Antonio,106103,Hospital Claudio Vicuña ( San Antonio),406,Área Cuidados Intermedios Adultos,2653,2461,2404,67,"92,76","87,88","10,52",273,"7,25","3,77",364
6,Valparaíso San Antonio,106103,Hospital Claudio Vicuña ( San Antonio),409,Área Médico-Quirúrgico Pediátrica Cuidados Básicos,5090,3547,3556,0,"69,69","46,24",0,622,"13,91","5,53",21
6,Valparaíso San Antonio,106103,Hospital Claudio Vicuña ( San Antonio),410,Área Médico-Quirúrgico Pediátrica Cuidados Medios,2205,912,910,0,"41,36","22,78",0,180,9,"4,44",25
6,Valparaíso San Antonio,106103,Hospital Claudio Vicuña ( San Antonio),413,Área Neonatología Cuidados Básicos,1826,1084,1081,0,"59,36","47,9",0,234,"4,99","4,52",5
6,Valparaíso San Antonio,106103,Hospital Claudio Vicuña ( San Antonio),416,Área Obstetricia,4373,3166,3169,0,"72,4","107,13",0,1280,"11,95","2,48",0
6,Valparaíso San Antonio,106104,Hospital Del Salvador de Valparaíso,418,Área Psiquiatría Adulto Corta estadía,14791,14658,12353,0,"99,1","8,46",0,323,"40,41","36,12",19
6,Valparaíso San Antonio,106104,Hospital Del Salvador de Valparaíso,419,Área Psiquiatría Adulto Mediana estadía,3660,3534,4471,0,"96,56","1,9",0,13,10,"235,32",6
6,Valparaíso San Antonio,106104,Hospital Del Salvador de Valparaíso,421,Área Psiquiatría Infanto-adolescente corta estadía,1996,1739,1711,0,"87,12","5,68",0,31,"5,45","55,19",0
6,Valparaíso San Antonio,106104,Hospital Del Salvador de Valparaíso,423,Área Psiquiatría Forense Adulto evaluación e inicio tto.,5524,4594,3768,0,"83,16","1,06",0,16,"15,09","235,5",0
6,Valparaíso San Antonio,106105,Hospital San José (Casablanca),401,Área Médica Adulto Cuidados Básicos,4404,3030,3504,26,"68,8","24,93","8,67",300,"12,03","11,68",0
7,Viña del Mar Quillota,107100,Hospital Dr. Gustavo Fricke (Viña del Mar),402,Área Médica Adulto Cuidados Medios,44711,41631,41481,180,"93,11","38,14","3,86",4203,"122,16","8,9",456
7,Viña del Mar Quillota,107100,Hospital Dr. Gustavo Fricke (Viña del Mar),403,Área Médico-Quirúrgico Cuidados Básicos,6550,5140,5140,0,"78,47","123,6",0,1854,"17,9","2,32",358
7,Viña del Mar Quillota,107100,Hospital Dr. Gustavo Fricke (Viña del Mar),404,Área Médico-Quirúrgico Cuidados Medios,59053,51190,51580,85,"86,68","54,13","0,97",7629,"161,35","5,91",1105
7,Viña del Mar Quillota,107100,Hospital Dr. Gustavo Fricke (Viña del Mar),405,Área Cuidados Intensivos Adultos,9934,8817,9202,235,"88,76","49,44","17,51",296,"27,14","6,86",1046
7,Viña del Mar Quillota,107100,Hospital Dr. Gustavo Fricke (Viña del Mar),406,Área Cuidados Intermedios Adultos,16633,14439,14281,99,"86,81","62,76","3,47",635,"45,45","5,01",2217
7,Viña del Mar Quillota,107100,Hospital Dr. Gustavo Fricke (Viña del Mar),408,Área Médica Pediátrica Cuidados Medios,5107,2771,2796,0,"54,26","30,89",0,369,"13,95","6,49",62
7,Viña del Mar Quillota,107100,Hospital Dr. Gustavo Fricke (Viña del Mar),410,Área Médico-Quirúrgico Pediátrica Cuidados Medios,23899,19767,18625,1,"82,71","65,22","0,02",4092,"65,3","4,37",167
7,Viña del Mar Quillota,107100,Hospital Dr. Gustavo Fricke (Viña del Mar),411,Área Cuidados Intensivos Pediátricos,2596,1708,1572,9,"65,79","24,25","5,23",33,"7,09","9,14",139
7,Viña del Mar Quillota,107100,Hospital Dr. Gustavo Fricke (Viña del Mar),412,Área Cuidados Intermedios Pediátricos,4321,2637,2281,0,"61,03","41,42",0,145,"11,81","4,66",344
7,Viña del Mar Quillota,107100,Hospital Dr. Gustavo Fricke (Viña del Mar),413,Área Neonatología Cuidados Básicos,2929,2263,2365,0,"77,26","47,61",0,320,8,"6,21",61
7,Viña del Mar Quillota,107100,Hospital Dr. Gustavo Fricke (Viña del Mar),414,Área Neonatología Cuidados Intensivos,5496,4877,4870,26,"88,74","26,7","6,48",88,"15,02","12,14",313
7,Viña del Mar Quillota,107100,Hospital Dr. Gustavo Fricke (Viña del Mar),415,Área Neonatología Cuidados Intermedios,6956,6135,5995,0,"88,2","26,68",0,220,"19,01","11,82",287
7,Viña del Mar Quillota,107100,Hospital Dr. Gustavo Fricke (Viña del Mar),416,Área Obstetricia,13269,10856,10883,0,"81,81",83,0,2977,"36,25","3,62",32
7,Viña del Mar Quillota,107101,Hospital Biprovincial Quillota Petorca,404,Área Médico-Quirúrgico Cuidados Medios,59224,58206,58155,202,"98,28","37,08","3,37",5354,"161,81","9,69",646
7,Viña del Mar Quillota,107101,Hospital Biprovincial Quillota Petorca,405,Área Cuidados Intensivos Adultos,4590,3715,4019,68,"80,94","37,56","14,44",114,"12,54","8,53",357
7,Viña del Mar Quillota,107101,Hospital Biprovincial Quillota Petorca,406,Área Cuidados Intermedios Adultos,8580,7564,7715,42,"88,16","57,54","3,11",525,"23,44","5,72",824
7,Viña del Mar Quillota,107101,Hospital Biprovincial Quillota Petorca,409,Área Médico-Quirúrgico Pediátrica Cuidados Básicos,3903,1817,1752,1,"46,55","36,85","0,25",342,"10,66","4,46",51
7,Viña del Mar Quillota,107101,Hospital Biprovincial Quillota Petorca,410,Área Médico-Quirúrgico Pediátrica Cuidados Medios,4332,2418,2423,1,"55,82","53,65","0,16",509,"11,84","3,82",126
7,Viña del Mar Quillota,107101,Hospital Biprovincial Quillota Petorca,412,Área Cuidados Intermedios Pediátricos,2161,1153,904,0,"53,35","33,2",0,80,"5,9","4,61",116
7,Viña del Mar Quillota,107101,Hospital Biprovincial Quillota Petorca,413,Área Neonatología Cuidados Básicos,2196,1615,1596,0,"73,54","48,67",0,258,6,"5,47",34
7,Viña del Mar Quillota,107101,Hospital Biprovincial Quillota Petorca,415,Área Neonatología Cuidados Intermedios,2928,1061,1082,3,"36,24","33,38","1,12",117,8,"4,05",150
7,Viña del Mar Quillota,107101,Hospital Biprovincial Quillota Petorca,416,Área Obstetricia,9115,7876,7919,2,"86,41","101,63","0,08",2500,"24,9","3,13",31
7,Viña del Mar Quillota,107101,Hospital Biprovincial Quillota Petorca,428,Área de Hospitalización de Cuidados Intensivos en Psiquiatría Adulto,3200,2817,2259,0,"88,03","8,32",0,85,"10,46","25,97",2
7,Viña del Mar Quillota,107102,Hospital de Quilpué,403,Área Médico-Quirúrgico Cuidados Básicos,17536,16805,16585,27,"95,83","75,66","0,74",2977,"47,91","4,58",648
7,Viña del Mar Quillota,107102,Hospital de Quilpué,404,Área Médico-Quirúrgico Cuidados Medios,10248,10235,10358,50,"99,87","50,04","3,57",818,28,"7,39",583
7,Viña del Mar Quillota,107102,Hospital de Quilpué,405,Área Cuidados Intensivos Adultos,2196,2037,2081,73,"92,76","50,17","24,25",105,6,"6,91",196
7,Viña del Mar Quillota,107102,Hospital de Quilpué,406,Área Cuidados Intermedios Adultos,4019,3689,3755,12,"91,79","55,37","1,97",162,"10,98","6,18",446
7,Viña del Mar Quillota,107102,Hospital de Quilpué,409,Área Médico-Quirúrgico Pediátrica Cuidados Básicos,3291,1386,1408,0,"42,11","48,38",0,345,"8,99","3,24",90
7,Viña del Mar Quillota,107102,Hospital de Quilpué,410,Área Médico-Quirúrgico Pediátrica Cuidados Medios,2196,2096,2075,0,"95,45","65,5",0,363,6,"5,28",30
7,Viña del Mar Quillota,107102,Hospital de Quilpué,413,Área Neonatología Cuidados Básicos,4381,1454,1469,0,"33,19","34,09",0,406,"11,97","3,6",2
7,Viña del Mar Quillota,107102,Hospital de Quilpué,416,Área Obstetricia,9501,6239,6274,0,"65,67","59,05",0,1525,"25,96","4,09",8
7,Viña del Mar Quillota,107103,Hospital Dr. Mario Sánchez Vergara (La Calera),401,Área Médica Adulto Cuidados Básicos,14623,10941,11006,146,"74,82","33,41","10,94",1335,"39,95","8,24",0
7,Viña del Mar Quillota,107103,Hospital Dr. Mario Sánchez Vergara (La Calera),416,Área Obstetricia,1103,203,228,0,"18,4","27,54",0,83,"3,01","2,75",0
7,Viña del Mar Quillota,107104,Hospital Santo Tomás (Limache),401,Área Médica Adulto Cuidados Básicos,20130,16175,14971,152,"80,35","24,18","11,43",1330,55,"11,26",0
7,Viña del Mar Quillota,107104,Hospital Santo Tomás (Limache),416,Área Obstetricia,610,14,16,0,"2,3","3,84",0,7,"1,82","2,29",0
7,Viña del Mar Quillota,107105,Hospital San Agustín (La Ligua),401,Área Médica Adulto Cuidados Básicos,10980,6790,6833,72,"61,84","24,43","9,82",733,30,"9,32",0
7,Viña del Mar Quillota,107105,Hospital San Agustín (La Ligua),407,Área Médica Pediátrica Cuidados Básicos,4026,365,403,0,"9,07","5,55",0,61,11,"6,61",0
7,Viña del Mar Quillota,107105,Hospital San Agustín (La Ligua),416,Área Obstetricia,4392,252,255,0,"5,74","5,08",0,61,12,"4,18",0
7,Viña del Mar Quillota,107106,Hospital Dr. Víctor Hugo Moll (Cabildo),401,Área Médica Adulto Cuidados Básicos,5490,3843,4283,35,70,"32,4","7,2",486,15,"8,81",0
7,Viña del Mar Quillota,107106,Hospital Dr. Víctor Hugo Moll (Cabildo),416,Área Obstetricia,2196,214,180,0,"9,74","6,83",0,41,6,"4,39",0
7,Viña del Mar Quillota,107107,Hospital de Petorca,401,Área Médica Adulto Cuidados Básicos,5555,4587,4666,29,"82,57","27,41","6,97",416,"15,18","11,22",0
7,Viña del Mar Quillota,107107,Hospital de Petorca,407,Área Médica Pediátrica Cuidados Básicos,682,21,19,0,"3,08","3,22",0,6,"1,86","3,17",0
7,Viña del Mar Quillota,107107,Hospital de Petorca,416,Área Obstetricia,366,4,4,0,"1,09",4,0,4,1,1,0
7,Viña del Mar Quillota,107108,Hospital Adriana Cousiño (Quintero),401,Área Médica Adulto Cuidados Básicos,7757,6688,5858,80,"86,22","34,82","10,84",738,"21,19","7,94",0
7,Viña del Mar Quillota,107108,Hospital Adriana Cousiño (Quintero),407,Área Médica Pediátrica Cuidados Básicos,1261,488,476,0,"38,7","32,8",0,113,"3,45","4,21",0
7,Viña del Mar Quillota,107108,Hospital Adriana Cousiño (Quintero),416,Área Obstetricia,702,164,165,0,"23,36","18,25",0,35,"1,92","4,71",0
7,Viña del Mar Quillota,107109,"Hospital Juana Ross de Edwards (Peñablanca, Villa Alemana)",403,Área Médico-Quirúrgico Cuidados Básicos,26428,22947,22256,208,"86,83","24,6","11,71",1776,"72,21","12,53",0
7,Viña del Mar Quillota,107110,Hospital Centro Geriátrico Paz de la Tarde (Limache),403,Área Médico-Quirúrgico Cuidados Básicos,19961,16071,16311,5,"80,51","7,3","1,26",398,"54,54","40,98",0
8,Aconcagua,108100,Hospital San Camilo de San Felipe,330,Area Pensionado,2325,986,1013,6,"42,41","152,54","0,62",404,"6,35","1,05",565
8,Aconcagua,108100,Hospital San Camilo de San Felipe,403,Área Médico-Quirúrgico Cuidados Básicos,31228,24417,24441,183,"78,19","54,65","3,92",4065,"85,32","5,24",598
8,Aconcagua,108100,Hospital San Camilo de San Felipe,404,Área Médico-Quirúrgico Cuidados Medios,8789,7661,7654,67,"87,17","58,55","4,77",1142,"24,01","5,44",264
8,Aconcagua,108100,Hospital San Camilo de San Felipe,405,Área Cuidados Intensivos Adultos,4381,3437,3416,102,"78,45","30,49","27,95",160,"11,97","9,36",205
8,Aconcagua,108100,Hospital San Camilo de San Felipe,406,Área Cuidados Intermedios Adultos,4521,3481,3429,35,77,"59,5","4,76",360,"12,35","4,67",375
8,Aconcagua,108100,Hospital San Camilo de San Felipe,409,Área Médico-Quirúrgico Pediátrica Cuidados Básicos,6277,3501,3696,1,"55,78","64,31","0,09",892,"17,15","3,35",211
8,Aconcagua,108100,Hospital San Camilo de San Felipe,410,Área Médico-Quirúrgico Pediátrica Cuidados Medios,1353,1146,1051,1,"84,7","20,83","1,3",60,"3,7","13,65",17
8,Aconcagua,108100,Hospital San Camilo de San Felipe,411,Área Cuidados Intensivos Pediátricos,779,499,520,1,"64,06","28,19","1,67",16,"2,13","8,67",44
8,Aconcagua,108100,Hospital San Camilo de San Felipe,412,Área Cuidados Intermedios Pediátricos,1487,721,858,0,"48,49","36,43",0,28,"4,06","5,8",120
8,Aconcagua,108100,Hospital San Camilo de San Felipe,413,Área Neonatología Cuidados Básicos,2189,1116,1109,0,"50,98","38,12",0,215,"5,98","4,86",13
8,Aconcagua,108100,Hospital San Camilo de San Felipe,414,Área Neonatología Cuidados Intensivos,1820,1192,1301,6,"65,49","28,96","4,17",13,"4,97","9,03",131
8,Aconcagua,108100,Hospital San Camilo de San Felipe,415,Área Neonatología Cuidados Intermedios,2190,1261,1321,0,"57,58","35,1",0,74,"5,98","6,29",136
8,Aconcagua,108100,Hospital San Camilo de San Felipe,416,Área Obstetricia,13035,8076,8068,1,"61,96","74,24","0,04",2590,"35,61","3,05",54
8,Aconcagua,108101,Hospital San Juan de Dios (Los Andes),330,Area Pensionado,1284,833,800,2,"64,88","160,48","0,36",382,"3,51","1,42",181
8,Aconcagua,108101,Hospital San Juan de Dios (Los Andes),403,Área Médico-Quirúrgico Cuidados Básicos,24979,22232,23440,140,89,"62,14","3,3",3546,"68,25","5,53",695
8,Aconcagua,108101,Hospital San Juan de Dios (Los Andes),404,Área Médico-Quirúrgico Cuidados Medios,14640,13706,13716,26,"93,62","69,13","0,94",2026,40,"4,96",739
8,Aconcagua,108101,Hospital San Juan de Dios (Los Andes),405,Área Cuidados Intensivos Adultos,2196,1149,1215,41,"52,32","43,67","15,65",95,6,"4,64",167
8,Aconcagua,108101,Hospital San Juan de Dios (Los Andes),406,Área Cuidados Intermedios Adultos,3784,2737,2266,23,"72,33","83,28","2,67",311,"10,34","2,63",550
8,Aconcagua,108101,Hospital San Juan de Dios (Los Andes),407,Área Médica Pediátrica Cuidados Básicos,2440,1482,1369,0,"60,74","51,15",0,305,"6,67","4,01",36
8,Aconcagua,108101,Hospital San Juan de Dios (Los Andes),413,Área Neonatología Cuidados Básicos,1525,726,792,0,"47,61","29,76",0,113,"4,17","6,39",11
8,Aconcagua,108101,Hospital San Juan de Dios (Los Andes),416,Área Obstetricia,5856,4349,4497,0,"74,27","106,44",0,1433,16,"2,64",270
8,Aconcagua,108102,Hospital San Francisco (Llaillay),401,Área Médica Adulto Cuidados Básicos,12748,9473,8915,82,"74,31","28,77","8,18",1002,"34,83","8,9",0
8,Aconcagua,108102,Hospital San Francisco (Llaillay),407,Área Médica Pediátrica Cuidados Básicos,0,0,0,0,0,0,0,0,0,0,0
8,Aconcagua,108104,Hospital San Antonio (Putaendo),401,Área Médica Adulto Cuidados Básicos,10707,8570,7629,108,"80,04","24,13","15,3",706,"29,25","10,81",0
8,Aconcagua,108105,Hospital Psiquiátrico Dr. Philippe Pinel (Putaendo),330,Area Pensionado,0,0,0,0,0,0,0,0,0,0,0
8,Aconcagua,108105,Hospital Psiquiátrico Dr. Philippe Pinel (Putaendo),419,Área Psiquiatría Adulto Mediana estadía,32940,30623,35436,0,"92,97","1,24",0,106,90,"316,39",6
8,Aconcagua,108105,Hospital Psiquiátrico Dr. Philippe Pinel (Putaendo),420,Área Psiquiatría Adulto Larga estadía,13855,13706,44933,4,"98,92","0,79","13,33",30,"37,86","1497,77",0
8,Aconcagua,108105,Hospital Psiquiátrico Dr. Philippe Pinel (Putaendo),423,Área Psiquiatría Forense Adulto evaluación e inicio tto.,7320,7187,6808,0,"98,18","1,4",0,21,20,"243,14",7
8,Aconcagua,108105,Hospital Psiquiátrico Dr. Philippe Pinel (Putaendo),424,Área Psiquiatría Forense Adulto tratamiento,25620,25400,19487,0,"99,14","0,74",0,21,70,"374,75",31
8,Aconcagua,108105,Hospital Psiquiátrico Dr. Philippe Pinel (Putaendo),428,Área de Hospitalización de Cuidados Intensivos en Psiquiatría Adulto,14640,13966,14030,0,"95,4","17,3",0,656,40,"20,27",36
9,Metropolitano Norte,109100,"Complejo Hospitalario San José (Santiago, Independencia)",401,Área Médica Adulto Cuidados Básicos,21475,20906,20346,95,"97,35","42,3","3,83",1870,"58,67","8,2",612
9,Metropolitano Norte,109100,"Complejo Hospitalario San José (Santiago, Independencia)",402,Área Médica Adulto Cuidados Medios,26352,25548,25671,317,"96,95","30,53","14,42",1764,72,"11,68",434
9,Metropolitano Norte,109100,"Complejo Hospitalario San José (Santiago, Independencia)",403,Área Médico-Quirúrgico Cuidados Básicos,57699,55066,53820,63,"95,44","45,94","0,87",6221,"157,65","7,43",1022
9,Metropolitano Norte,109100,"Complejo Hospitalario San José (Santiago, Independencia)",404,Área Médico-Quirúrgico Cuidados Medios,9659,8827,9411,32,"91,39","24,29","4,99",566,"26,39","14,68",75
9,Metropolitano Norte,109100,"Complejo Hospitalario San José (Santiago, Independencia)",405,Área Cuidados Intensivos Adultos,12412,11962,12077,199,"96,37","29,1","20,16",322,"33,91","12,24",665
9,Metropolitano Norte,109100,"Complejo Hospitalario San José (Santiago, Independencia)",406,Área Cuidados Intermedios Adultos,19504,17673,17904,115,"90,61","49,11","4,39",613,"53,29","6,84",2004
9,Metropolitano Norte,109100,"Complejo Hospitalario San José (Santiago, Independencia)",413,Área Neonatología Cuidados Básicos,5854,3911,3705,0,"66,81","42,26",0,595,"15,99","5,48",81
9,Metropolitano Norte,109100,"Complejo Hospitalario San José (Santiago, Independencia)",414,Área Neonatología Cuidados Intensivos,4765,4497,4590,32,"94,38","31,72","7,75",103,"13,02","11,11",310
9,Metropolitano Norte,109100,"Complejo Hospitalario San José (Santiago, Independencia)",415,Área Neonatología Cuidados Intermedios,10235,9080,8930,2,"88,72","28,75","0,25",583,"27,96","11,11",221
9,Metropolitano Norte,109100,"Complejo Hospitalario San José (Santiago, Independencia)",416,Área Obstetricia,36697,24212,24623,3,"65,98","81,23","0,04",7917,"100,27","3,02",228
9,Metropolitano Norte,109101,"Hospital Clínico de Niños Dr. Roberto del Río (Santiago, Independencia)",409,Área Médico-Quirúrgico Pediátrica Cuidados Básicos,7617,4838,4351,0,"63,52","90,67",0,1608,"20,81","2,31",279
9,Metropolitano Norte,109101,"Hospital Clínico de Niños Dr. Roberto del Río (Santiago, Independencia)",410,Área Médico-Quirúrgico Pediátrica Cuidados Medios,34307,27244,24527,9,"79,41","65,12","0,15",5239,"93,73","4,02",865
9,Metropolitano Norte,109101,"Hospital Clínico de Niños Dr. Roberto del Río (Santiago, Independencia)",411,Área Cuidados Intensivos Pediátricos,5498,4439,4181,30,"80,74","37,01","5,4",150,"15,02","7,52",406
9,Metropolitano Norte,109101,"Hospital Clínico de Niños Dr. Roberto del Río (Santiago, Independencia)",412,Área Cuidados Intermedios Pediátricos,9097,6278,6918,5,"69,01","69,04","0,29",838,"24,86","4,03",878
9,Metropolitano Norte,109101,"Hospital Clínico de Niños Dr. Roberto del Río (Santiago, Independencia)",421,Área Psiquiatría Infanto-adolescente corta estadía,1334,1171,3878,0,"87,78","35,94",0,116,"3,64","29,6",15
9,Metropolitano Norte,109101,"Hospital Clínico de Niños Dr. Roberto del Río (Santiago, Independencia)",422,Área Psiquiatría Infanto-adolescente mediana estadía,1334,1171,1151,0,"87,78","10,97",0,23,"3,64","28,78",17
9,Metropolitano Norte,109102,"Instituto Psiquiátrico Dr. José Horwitz Barak (Santiago, Recoleta)",418,Área Psiquiatría Adulto Corta estadía,75047,69935,75971,2,"93,19","11,51","0,08",2218,"205,05","32,18",143
9,Metropolitano Norte,109102,"Instituto Psiquiátrico Dr. José Horwitz Barak (Santiago, Recoleta)",420,Área Psiquiatría Adulto Larga estadía,7686,7135,24516,1,"92,83","0,67","7,14",14,21,"1751,14",0
9,Metropolitano Norte,109102,"Instituto Psiquiátrico Dr. José Horwitz Barak (Santiago, Recoleta)",423,Área Psiquiatría Forense Adulto evaluación e inicio tto.,14274,14152,12603,0,"99,15","1,46",0,39,39,"221,11",18
9,Metropolitano Norte,109102,"Instituto Psiquiátrico Dr. José Horwitz Barak (Santiago, Recoleta)",424,Área Psiquiatría Forense Adulto tratamiento,14657,14499,23241,0,"98,92","0,95",0,37,"40,05","611,61",1
9,Metropolitano Norte,109102,"Instituto Psiquiátrico Dr. José Horwitz Barak (Santiago, Recoleta)",426,Área Psiquiatría Forense Infanto Adolescente tratamiento,3452,2976,2739,0,"86,21","6,04",0,57,"9,43","48,05",0
9,Metropolitano Norte,109102,"Instituto Psiquiátrico Dr. José Horwitz Barak (Santiago, Recoleta)",428,Área de Hospitalización de Cuidados Intensivos en Psiquiatría Adulto,4392,2974,2988,0,"67,71","118,25",0,38,12,"2,11",1381
9,Metropolitano Norte,109103,"Instituto Nacional del Cáncer Dr. Caupolicán Pardo Correa (Santiago, Recoleta)",401,Área Médica Adulto Cuidados Básicos,11183,8010,6971,21,"71,63","41,4","1,66",1153,"30,55","5,51",112
9,Metropolitano Norte,109103,"Instituto Nacional del Cáncer Dr. Caupolicán Pardo Correa (Santiago, Recoleta)",403,Área Médico-Quirúrgico Cuidados Básicos,10614,8710,6784,2,"82,06","69,41","0,1",1503,29,"3,37",510
9,Metropolitano Norte,109103,"Instituto Nacional del Cáncer Dr. Caupolicán Pardo Correa (Santiago, Recoleta)",406,Área Cuidados Intermedios Adultos,2928,2588,1997,13,"88,39","76,25","2,13",61,8,"3,27",549
9,Metropolitano Norte,109104,Hospital de Til Til,401,Área Médica Adulto Cuidados Básicos,2854,1641,1712,20,"57,5","32,57","7,87",254,"7,8","6,74",0
9,Metropolitano Norte,109104,Hospital de Til Til,421,Área Psiquiatría Infanto-adolescente corta estadía,3660,1193,1530,0,"32,6","7,9",0,79,10,"19,37",0
9,Metropolitano Norte,109104,Hospital de Til Til,427,Área Sociosanitaria Adulto,2270,1951,1952,4,"85,95","3,22",20,20,"6,2","97,6",0
10,Metropolitano Occidente,110100,"Hospital San Juan de Dios (Santiago, Santiago)",330,Area Pensionado,0,0,0,0,0,0,0,0,0,0,0
10,Metropolitano Occidente,110100,"Hospital San Juan de Dios (Santiago, Santiago)",401,Área Médica Adulto Cuidados Básicos,3394,1271,1280,0,"37,45","35,26",0,305,"9,27","3,91",22
10,Metropolitano Occidente,110100,"Hospital San Juan de Dios (Santiago, Santiago)",402,Área Médica Adulto Cuidados Medios,54393,47998,47732,371,"88,24","45,92","5,44",6054,"148,61","6,99",771
10,Metropolitano Occidente,110100,"Hospital San Juan de Dios (Santiago, Santiago)",403,Área Médico-Quirúrgico Cuidados Básicos,30883,26343,26138,20,"85,3","50,31","0,47",3640,"84,38","6,16",605
10,Metropolitano Occidente,110100,"Hospital San Juan de Dios (Santiago, Santiago)",404,Área Médico-Quirúrgico Cuidados Medios,13568,12210,11967,10,"89,99","56,3","0,48",1185,"37,07","5,73",902
10,Metropolitano Occidente,110100,"Hospital San Juan de Dios (Santiago, Santiago)",405,Área Cuidados Intensivos Adultos,13278,12414,11992,250,"93,49","40,49","17,02",316,"36,28","8,16",1153
10,Metropolitano Occidente,110100,"Hospital San Juan de Dios (Santiago, Santiago)",406,Área Cuidados Intermedios Adultos,20208,19485,19286,72,"96,42","70,65","1,85",1194,"55,21","4,94",2707
10,Metropolitano Occidente,110100,"Hospital San Juan de Dios (Santiago, Santiago)",409,Área Médico-Quirúrgico Pediátrica Cuidados Básicos,7130,5892,6161,0,"82,64","58,78",0,1053,"19,48","5,38",92
10,Metropolitano Occidente,110100,"Hospital San Juan de Dios (Santiago, Santiago)",410,Área Médico-Quirúrgico Pediátrica Cuidados Medios,3808,1988,2014,1,"52,21","53,54","0,18",515,"10,4","3,62",42
10,Metropolitano Occidente,110100,"Hospital San Juan de Dios (Santiago, Santiago)",411,Área Cuidados Intensivos Pediátricos,2196,1667,1887,8,"75,91",52,"2,56",60,6,"6,05",252
10,Metropolitano Occidente,110100,"Hospital San Juan de Dios (Santiago, Santiago)",412,Área Cuidados Intermedios Pediátricos,2935,2577,2247,0,"87,8","30,68",0,82,"8,02","9,13",164
10,Metropolitano Occidente,110100,"Hospital San Juan de Dios (Santiago, Santiago)",413,Área Neonatología Cuidados Básicos,2928,2040,2070,0,"69,67","35,75",0,257,8,"7,24",29
10,Metropolitano Occidente,110100,"Hospital San Juan de Dios (Santiago, Santiago)",414,Área Neonatología Cuidados Intensivos,3702,3557,3607,12,"96,08","25,41","4,67",41,"10,11","14,04",216
10,Metropolitano Occidente,110100,"Hospital San Juan de Dios (Santiago, Santiago)",415,Área Neonatología Cuidados Intermedios,7350,6353,6537,0,"86,44","22,61",0,289,"20,08","14,4",165
10,Metropolitano Occidente,110100,"Hospital San Juan de Dios (Santiago, Santiago)",416,Área Obstetricia,26355,14974,14985,0,"56,82","68,37",0,4826,"72,01","3,04",97
10,Metropolitano Occidente,110110,Instituto Traumatológico Dr. Teodoro Gebauer,330,Area Pensionado,2928,336,321,0,"11,48","36,5",0,244,8,"1,1",48
10,Metropolitano Occidente,110110,Instituto Traumatológico Dr. Teodoro Gebauer,403,Área Médico-Quirúrgico Cuidados Básicos,16351,6026,5720,5,"36,85","52,51","0,21",1723,"44,67","2,44",623
10,Metropolitano Occidente,110110,Instituto Traumatológico Dr. Teodoro Gebauer,404,Área Médico-Quirúrgico Cuidados Medios,10896,7603,7259,2,"69,78","50,42","0,13",1112,"29,77","4,84",389
10,Metropolitano Occidente,110110,Instituto Traumatológico Dr. Teodoro Gebauer,406,Área Cuidados Intermedios Adultos,1464,739,573,0,"50,48","175,25",0,12,4,"0,82",689
10,Metropolitano Occidente,110120,Hospital Félix Bulnes Cerda,402,Área Médica Adulto Cuidados Medios,55155,54773,54069,450,"99,31","41,95","7,12",5967,"150,7","8,55",355
10,Metropolitano Occidente,110120,Hospital Félix Bulnes Cerda,403,Área Médico-Quirúrgico Cuidados Básicos,0,0,0,0,0,0,0,0,0,0,9
10,Metropolitano Occidente,110120,Hospital Félix Bulnes Cerda,404,Área Médico-Quirúrgico Cuidados Medios,36993,35282,34009,51,"95,37","50,17","1,01",4748,"101,07","6,71",323
10,Metropolitano Occidente,110120,Hospital Félix Bulnes Cerda,405,Área Cuidados Intensivos Adultos,6589,5864,5903,184,89,"42,55","24,02",212,18,"7,71",554
10,Metropolitano Occidente,110120,Hospital Félix Bulnes Cerda,406,Área Cuidados Intermedios Adultos,14970,12390,12310,126,"82,77","72,3","4,26",304,"40,9","4,16",2653
10,Metropolitano Occidente,110120,Hospital Félix Bulnes Cerda,408,Área Médica Pediátrica Cuidados Medios,14443,13807,13038,2,"95,6","50,38","0,1",1917,"39,46","6,56",71
10,Metropolitano Occidente,110120,Hospital Félix Bulnes Cerda,410,Área Médico-Quirúrgico Pediátrica Cuidados Medios,6162,5690,5697,0,"92,34","65,63",0,1080,"16,84","5,16",25
10,Metropolitano Occidente,110120,Hospital Félix Bulnes Cerda,411,Área Cuidados Intensivos Pediátricos,3292,2589,2601,13,"78,65","30,24","4,78",61,"8,99","9,56",211
10,Metropolitano Occidente,110120,Hospital Félix Bulnes Cerda,412,Área Cuidados Intermedios Pediátricos,3295,2447,2377,4,"74,26","42,32","1,05",128,9,"6,24",253
10,Metropolitano Occidente,110120,Hospital Félix Bulnes Cerda,413,Área Neonatología Cuidados Básicos,1998,1587,1609,0,"79,43","71,99",0,353,"5,46","4,09",40
10,Metropolitano Occidente,110120,Hospital Félix Bulnes Cerda,414,Área Neonatología Cuidados Intensivos,3465,3168,3123,10,"91,43","26,41",4,22,"9,47","12,49",228
10,Metropolitano Occidente,110120,Hospital Félix Bulnes Cerda,415,Área Neonatología Cuidados Intermedios,8864,7594,7506,0,"85,67","21,64",0,289,"24,22","14,32",235
10,Metropolitano Occidente,110120,Hospital Félix Bulnes Cerda,416,Área Obstetricia,24476,18171,18265,3,"74,24","79,63","0,06",5210,"66,87","3,43",115
10,Metropolitano Occidente,110120,Hospital Félix Bulnes Cerda,418,Área Psiquiatría Adulto Corta estadía,10076,7760,7672,0,"77,01","16,89",0,461,"27,53","16,5",4
10,Metropolitano Occidente,110120,Hospital Félix Bulnes Cerda,421,Área Psiquiatría Infanto-adolescente corta estadía,4062,3923,4214,0,"96,58","9,91",0,109,"11,1","38,31",1
10,Metropolitano Occidente,110130,Hospital Adalberto Steeger (Talagante),403,Área Médico-Quirúrgico Cuidados Básicos,1464,808,752,1,"55,19","97,5","0,26",375,4,"1,93",15
10,Metropolitano Occidente,110130,Hospital Adalberto Steeger (Talagante),404,Área Médico-Quirúrgico Cuidados Medios,22207,21510,25575,108,"96,86","49,84","3,57",2911,"60,67","8,46",113
10,Metropolitano Occidente,110130,Hospital Adalberto Steeger (Talagante),405,Área Cuidados Intensivos Adultos,2178,1764,461,30,"80,99","34,45","14,63",61,"5,95","2,25",144
10,Metropolitano Occidente,110130,Hospital Adalberto Steeger (Talagante),406,Área Cuidados Intermedios Adultos,4453,4325,1574,21,"97,13","60,9","2,83",193,"12,17","2,12",548
10,Metropolitano Occidente,110130,Hospital Adalberto Steeger (Talagante),409,Área Médico-Quirúrgico Pediátrica Cuidados Básicos,4392,2541,3027,0,"57,86",59,0,683,12,"4,28",25
10,Metropolitano Occidente,110130,Hospital Adalberto Steeger (Talagante),413,Área Neonatología Cuidados Básicos,2196,1046,571,0,"47,63","22,83",0,125,6,"4,17",12
10,Metropolitano Occidente,110130,Hospital Adalberto Steeger (Talagante),416,Área Obstetricia,5124,3860,3808,0,"75,33","117,79",0,1624,14,"2,31",25
10,Metropolitano Occidente,110140,Hospital de Peñaflor,403,Área Médico-Quirúrgico Cuidados Básicos,3779,3772,3820,0,"99,81","61,69",0,637,"10,33",6,0
10,Metropolitano Occidente,110140,Hospital de Peñaflor,404,Área Médico-Quirúrgico Cuidados Medios,8567,7550,7785,108,"88,13","44,9","10,28",1051,"23,41","7,41",0
10,Metropolitano Occidente,110140,Hospital de Peñaflor,416,Área Obstetricia,2294,1804,1155,0,"78,64","90,78",0,569,"6,27","2,03",0
10,Metropolitano Occidente,110150,Hospital San José (Melipilla),330,Area Pensionado,2668,1649,1647,0,"61,81","115,64",0,843,"7,29","1,95",0
10,Metropolitano Occidente,110150,Hospital San José (Melipilla),403,Área Médico-Quirúrgico Cuidados Básicos,24,15,14,0,"62,5","5,17",0,3,"0,77","3,5",1
10,Metropolitano Occidente,110150,Hospital San José (Melipilla),404,Área Médico-Quirúrgico Cuidados Medios,27601,26149,28295,101,"94,74","51,36","2,61",3763,"75,41","7,31",110
10,Metropolitano Occidente,110150,Hospital San José (Melipilla),405,Área Cuidados Intensivos Adultos,2107,1356,785,58,"64,36","42,21","23,87",124,"5,76","3,23",119
10,Metropolitano Occidente,110150,Hospital San José (Melipilla),406,Área Cuidados Intermedios Adultos,4720,4003,3021,37,"84,81","66,45","4,32",517,"12,9","3,53",340
10,Metropolitano Occidente,110150,Hospital San José (Melipilla),407,Área Médica Pediátrica Cuidados Básicos,3663,1914,1908,1,"52,25","53,66","0,19",537,"10,01","3,55",0
10,Metropolitano Occidente,110150,Hospital San José (Melipilla),413,Área Neonatología Cuidados Básicos,2196,708,669,0,"32,24","44,17",0,262,6,"2,52",3
10,Metropolitano Occidente,110150,Hospital San José (Melipilla),416,Área Obstetricia,6738,3585,3662,0,"53,21","76,15",0,1396,"18,41","2,61",6
10,Metropolitano Occidente,110160,Hospital de Curacaví,403,Área Médico-Quirúrgico Cuidados Básicos,6579,5487,5468,14,"83,4","8,18","9,52",147,"17,98","37,2",0
11,Metropolitano Central,111100,Hospital Clínico San Borja Arriarán,330,Area Pensionado,0,0,0,0,0,0,0,0,0,0,0
11,Metropolitano Central,111100,Hospital Clínico San Borja Arriarán,401,Área Médica Adulto Cuidados Básicos,7615,6271,5884,14,"82,35","33,88","1,99",590,"20,81","8,35",115
11,Metropolitano Central,111100,Hospital Clínico San Borja Arriarán,402,Área Médica Adulto Cuidados Medios,20071,16343,16168,36,"81,43","48,38","1,36",2465,"54,84","6,09",188
11,Metropolitano Central,111100,Hospital Clínico San Borja Arriarán,403,Área Médico-Quirúrgico Cuidados Básicos,12922,7925,7787,9,"61,33","121,37","0,21",2881,"35,31","1,82",1404
11,Metropolitano Central,111100,Hospital Clínico San Borja Arriarán,404,Área Médico-Quirúrgico Cuidados Medios,9447,6963,6960,0,"73,71","85,54",0,1484,"25,81","3,15",724
11,Metropolitano Central,111100,Hospital Clínico San Borja Arriarán,405,Área Cuidados Intensivos Adultos,8628,6283,5945,71,"72,82","51,96","5,8",304,"23,57","4,85",921
11,Metropolitano Central,111100,Hospital Clínico San Borja Arriarán,406,Área Cuidados Intermedios Adultos,14834,12661,12087,33,"85,35","68,71","1,18",1423,"40,53","4,34",1362
11,Metropolitano Central,111100,Hospital Clínico San Borja Arriarán,407,Área Médica Pediátrica Cuidados Básicos,4357,2301,2009,0,"52,81","29,15",0,320,"11,9","5,79",27
11,Metropolitano Central,111100,Hospital Clínico San Borja Arriarán,408,Área Médica Pediátrica Cuidados Medios,15892,11180,10347,1,"70,35","51,38","0,04",1938,"43,42","4,64",293
11,Metropolitano Central,111100,Hospital Clínico San Borja Arriarán,409,Área Médico-Quirúrgico Pediátrica Cuidados Básicos,4595,3024,3026,0,"65,81","78,86",0,895,"12,55","3,06",95
11,Metropolitano Central,111100,Hospital Clínico San Borja Arriarán,411,Área Cuidados Intensivos Pediátricos,2468,1982,1672,4,"80,31","39,89","1,49",18,"6,74","6,22",251
11,Metropolitano Central,111100,Hospital Clínico San Borja Arriarán,412,Área Cuidados Intermedios Pediátricos,5888,5011,4758,1,"85,11","53,77","0,12",221,"16,09","5,5",644
11,Metropolitano Central,111100,Hospital Clínico San Borja Arriarán,413,Área Neonatología Cuidados Básicos,1986,816,827,0,"41,09","22,67",0,97,"5,43","6,72",26
11,Metropolitano Central,111100,Hospital Clínico San Borja Arriarán,414,Área Neonatología Cuidados Intensivos,3660,2830,2672,8,"77,32","21,2","3,77",30,10,"12,6",182
11,Metropolitano Central,111100,Hospital Clínico San Borja Arriarán,415,Área Neonatología Cuidados Intermedios,9516,7214,7218,3,"75,81","21,35","0,54",465,26,"13,01",90
11,Metropolitano Central,111100,Hospital Clínico San Borja Arriarán,416,Área Obstetricia,20632,12967,13018,0,"62,85","75,57",0,4215,"56,37","3,06",45
11,Metropolitano Central,111100,Hospital Clínico San Borja Arriarán,418,Área Psiquiatría Adulto Corta estadía,3992,3325,3489,0,"83,29","12,74",0,134,"10,91","25,1",5
11,Metropolitano Central,111100,Hospital Clínico San Borja Arriarán,421,Área Psiquiatría Infanto-adolescente corta estadía,1784,1783,1769,0,"99,94","72,42",0,352,"4,87","5,01",1
11,Metropolitano Central,111101,Hospital Clínico Metropolitano El Carmen Doctor Luis Valentín Ferrada,402,Área Médica Adulto Cuidados Medios,59347,52122,60311,272,"87,83","31,51","5,32",5094,"162,15","11,8",16
11,Metropolitano Central,111101,Hospital Clínico Metropolitano El Carmen Doctor Luis Valentín Ferrada,403,Área Médico-Quirúrgico Cuidados Básicos,4901,4023,3539,0,"82,09","85,73",0,1134,"13,39","3,08",14
11,Metropolitano Central,111101,Hospital Clínico Metropolitano El Carmen Doctor Luis Valentín Ferrada,404,Área Médico-Quirúrgico Cuidados Medios,41611,40604,41858,78,"97,58","29,02","2,36",3177,"113,69","12,69",122
11,Metropolitano Central,111101,Hospital Clínico Metropolitano El Carmen Doctor Luis Valentín Ferrada,405,Área Cuidados Intensivos Adultos,7289,7001,3254,207,"96,05","40,17","25,88",394,"19,92","4,07",406
11,Metropolitano Central,111101,Hospital Clínico Metropolitano El Carmen Doctor Luis Valentín Ferrada,406,Área Cuidados Intermedios Adultos,17114,16532,7464,119,"96,6","37,98","6,7",973,"46,76","4,2",803
11,Metropolitano Central,111101,Hospital Clínico Metropolitano El Carmen Doctor Luis Valentín Ferrada,410,Área Médico-Quirúrgico Pediátrica Cuidados Medios,15223,12199,11471,1,"80,14","49,38","0,05",2029,"41,59","5,58",25
11,Metropolitano Central,111101,Hospital Clínico Metropolitano El Carmen Doctor Luis Valentín Ferrada,411,Área Cuidados Intensivos Pediátricos,1128,840,304,1,"74,47","46,4","0,7",56,"3,08","2,13",87
11,Metropolitano Central,111101,Hospital Clínico Metropolitano El Carmen Doctor Luis Valentín Ferrada,412,Área Cuidados Intermedios Pediátricos,1434,1242,556,0,"86,61","28,84",0,26,"3,92","4,92",87
11,Metropolitano Central,111101,Hospital Clínico Metropolitano El Carmen Doctor Luis Valentín Ferrada,413,Área Neonatología Cuidados Básicos,3997,3331,5696,0,"83,34","31,59",0,298,"10,92","16,51",47
11,Metropolitano Central,111101,Hospital Clínico Metropolitano El Carmen Doctor Luis Valentín Ferrada,414,Área Neonatología Cuidados Intensivos,2196,2054,638,7,"93,53","24,5","4,76",45,6,"4,34",102
11,Metropolitano Central,111101,Hospital Clínico Metropolitano El Carmen Doctor Luis Valentín Ferrada,415,Área Neonatología Cuidados Intermedios,4719,3808,1503,3,"80,7","29,08","0,8",134,"12,89","4,01",241
11,Metropolitano Central,111101,Hospital Clínico Metropolitano El Carmen Doctor Luis Valentín Ferrada,416,Área Obstetricia,15555,9922,8377,0,"63,79","74,94",0,2984,"42,5","2,63",201
11,Metropolitano Central,111195,Hospital de Urgencia Asistencia Pública Dr. Alejandro del Río,402,Área Médica Adulto Cuidados Medios,22996,22346,31132,119,"97,17","63,2",3,3552,"62,83","7,84",419
11,Metropolitano Central,111195,Hospital de Urgencia Asistencia Pública Dr. Alejandro del Río,404,Área Médico-Quirúrgico Cuidados Medios,50137,48774,43596,117,"97,28","51,81","1,65",6384,"136,99","6,14",713
11,Metropolitano Central,111195,Hospital de Urgencia Asistencia Pública Dr. Alejandro del Río,405,Área Cuidados Intensivos Adultos,12418,11931,12239,201,"96,08","28,26","20,96",314,"33,93","12,76",645
11,Metropolitano Central,111195,Hospital de Urgencia Asistencia Pública Dr. Alejandro del Río,406,Área Cuidados Intermedios Adultos,22097,21064,19385,166,"95,33","58,88","4,67",1314,"60,37","5,45",2241
11,Metropolitano Central,111351,Centro de Referencia de Salud de Maipú,401,Área Médica Adulto Cuidados Básicos,10572,7951,9075,5,"75,21","21,22","0,82",613,"28,89","14,8",0
12,Metropolitano Oriente,112100,Hospital Del Salvador de Santiago,403,Área Médico-Quirúrgico Cuidados Básicos,44456,39533,40063,83,"88,93","51,75","1,32",5588,"121,46","6,37",698
12,Metropolitano Oriente,112100,Hospital Del Salvador de Santiago,404,Área Médico-Quirúrgico Cuidados Medios,49391,46587,47192,158,"94,32","38,6","3,03",4433,"134,95","9,06",776
12,Metropolitano Oriente,112100,Hospital Del Salvador de Santiago,405,Área Cuidados Intensivos Adultos,10634,9337,9101,160,"87,8","35,18","15,66",450,"29,05","8,91",572
12,Metropolitano Oriente,112100,Hospital Del Salvador de Santiago,406,Área Cuidados Intermedios Adultos,12674,11937,11971,112,"94,18","55,97","5,78",644,"34,63","6,18",1294
12,Metropolitano Oriente,112100,Hospital Del Salvador de Santiago,418,Área Psiquiatría Adulto Corta estadía,7320,7225,7535,0,"98,7","21,75",0,430,20,"17,32",5
12,Metropolitano Oriente,112101,"Hospital Dr. Luis Tisné B. (Santiago, Peñalolén)",330,Area Pensionado,518,300,300,0,"57,92",183,0,259,"1,42","1,16",0
12,Metropolitano Oriente,112101,"Hospital Dr. Luis Tisné B. (Santiago, Peñalolén)",402,Área Médica Adulto Cuidados Medios,24311,23729,31682,145,"97,61","31,84","6,86",1938,"66,42","14,98",177
12,Metropolitano Oriente,112101,"Hospital Dr. Luis Tisné B. (Santiago, Peñalolén)",403,Área Médico-Quirúrgico Cuidados Básicos,6933,6851,3062,103,"98,82","350,74","1,55",2187,"18,94","0,46",4457
12,Metropolitano Oriente,112101,"Hospital Dr. Luis Tisné B. (Santiago, Peñalolén)",404,Área Médico-Quirúrgico Cuidados Medios,21013,17505,20125,42,"83,31","95,34","0,77",4784,"57,41","3,68",690
12,Metropolitano Oriente,112101,"Hospital Dr. Luis Tisné B. (Santiago, Peñalolén)",405,Área Cuidados Intensivos Adultos,5490,4261,2557,129,"77,61","29,67","28,99",181,15,"5,75",264
12,Metropolitano Oriente,112101,"Hospital Dr. Luis Tisné B. (Santiago, Peñalolén)",406,Área Cuidados Intermedios Adultos,13326,12344,6975,107,"92,63","74,32","3,95",1130,"36,41","2,58",1576
12,Metropolitano Oriente,112101,"Hospital Dr. Luis Tisné B. (Santiago, Peñalolén)",413,Área Neonatología Cuidados Básicos,2134,1409,1668,0,"66,03","84,9",0,441,"5,83","3,37",54
12,Metropolitano Oriente,112101,"Hospital Dr. Luis Tisné B. (Santiago, Peñalolén)",414,Área Neonatología Cuidados Intensivos,3660,2794,818,8,"76,34","34,8","2,3",104,10,"2,35",244
12,Metropolitano Oriente,112101,"Hospital Dr. Luis Tisné B. (Santiago, Peñalolén)",415,Área Neonatología Cuidados Intermedios,7624,5108,6577,0,67,"25,54",0,435,"20,83","12,36",97
12,Metropolitano Oriente,112101,"Hospital Dr. Luis Tisné B. (Santiago, Peñalolén)",416,Área Obstetricia,22819,14587,13825,1,"63,92","83,52","0,02",3767,"62,35","2,66",1440
12,Metropolitano Oriente,112102,Hospital de Niños Dr. Luis Calvo Mackenna,330,Area Pensionado,0,0,0,0,0,0,0,0,0,0,0
12,Metropolitano Oriente,112102,Hospital de Niños Dr. Luis Calvo Mackenna,408,Área Médica Pediátrica Cuidados Medios,21033,16030,16010,6,"76,21","43,26","0,24",2248,"57,47","6,44",238
12,Metropolitano Oriente,112102,Hospital de Niños Dr. Luis Calvo Mackenna,410,Área Médico-Quirúrgico Pediátrica Cuidados Medios,18305,12301,12172,3,"67,2","77,34","0,08",3442,"50,01","3,15",426
12,Metropolitano Oriente,112102,Hospital de Niños Dr. Luis Calvo Mackenna,411,Área Cuidados Intensivos Pediátricos,4666,4069,4058,19,"87,21","35,45","4,2",63,"12,75","8,98",389
12,Metropolitano Oriente,112102,Hospital de Niños Dr. Luis Calvo Mackenna,412,Área Cuidados Intermedios Pediátricos,10530,8057,8019,10,"76,51","40,6","0,86",467,"28,77","6,87",701
12,Metropolitano Oriente,112102,Hospital de Niños Dr. Luis Calvo Mackenna,414,Área Neonatología Cuidados Intensivos,2196,1796,1797,8,"81,79","18,67","7,14",35,6,"16,04",77
12,Metropolitano Oriente,112102,Hospital de Niños Dr. Luis Calvo Mackenna,415,Área Neonatología Cuidados Intermedios,1830,1458,1455,0,"79,67","26,2",0,71,5,"11,11",60
12,Metropolitano Oriente,112102,Hospital de Niños Dr. Luis Calvo Mackenna,429,Área de Hospitalización de Cuidados Intensivos en Psiquiatría Infanto Adolescente,2452,1910,1912,0,"77,9","16,27",0,107,"6,7","17,54",2
12,Metropolitano Oriente,112103,Instituto Nacional de Enfermedades Respiratorias y Cirugía Torácica,404,Área Médico-Quirúrgico Cuidados Medios,26405,17159,24192,45,"64,98","60,67","1,03",2789,"72,14","5,53",1588
12,Metropolitano Oriente,112103,Instituto Nacional de Enfermedades Respiratorias y Cirugía Torácica,405,Área Cuidados Intensivos Adultos,7836,5908,2647,70,"75,4","59,46","5,5",158,"21,41","2,08",1115
12,Metropolitano Oriente,112103,Instituto Nacional de Enfermedades Respiratorias y Cirugía Torácica,406,Área Cuidados Intermedios Adultos,14784,12311,8411,49,"83,27","65,88","1,84",1004,"40,39","3,16",1657
12,Metropolitano Oriente,112104,Instituto de Neurocirugía Dr. Alfonso Asenjo,330,Area Pensionado,720,627,590,3,"87,08","51,85","2,94",59,"1,97","5,78",43
12,Metropolitano Oriente,112104,Instituto de Neurocirugía Dr. Alfonso Asenjo,404,Área Médico-Quirúrgico Cuidados Medios,15863,13081,13150,12,"82,46","75,82","0,37",2531,"43,34",4,755
12,Metropolitano Oriente,112104,Instituto de Neurocirugía Dr. Alfonso Asenjo,405,Área Cuidados Intensivos Adultos,2927,2691,2844,14,"91,94","62,52","2,8",26,8,"5,69",474
12,Metropolitano Oriente,112104,Instituto de Neurocirugía Dr. Alfonso Asenjo,406,Área Cuidados Intermedios Adultos,4342,3558,3708,1,"81,94","138,16","0,06",418,"11,86","2,26",1221
12,Metropolitano Oriente,112104,Instituto de Neurocirugía Dr. Alfonso Asenjo,410,Área Médico-Quirúrgico Pediátrica Cuidados Medios,6177,2641,2677,0,"42,76","41,54",0,504,"16,88","3,82",197
12,Metropolitano Oriente,112104,Instituto de Neurocirugía Dr. Alfonso Asenjo,411,Área Cuidados Intensivos Pediátricos,2172,1520,1491,2,"69,98","58,14","0,58",22,"5,93","4,32",323
12,Metropolitano Oriente,112105,Instituto Nacional de Rehabilitación Infantil Presidente Pedro Aguirre Cerda,402,Área Médica Adulto Cuidados Medios,3289,2340,2274,0,"71,15","13,13",0,118,"8,99","19,27",0
12,Metropolitano Oriente,112105,Instituto Nacional de Rehabilitación Infantil Presidente Pedro Aguirre Cerda,412,Área Cuidados Intermedios Pediátricos,3457,2756,2837,0,"79,72","10,16",0,95,"9,45","29,55",1
12,Metropolitano Oriente,112106,Instituto Nacional Geriátrico Presidente Eduardo Frei Montalva,404,Área Médico-Quirúrgico Cuidados Medios,17083,13652,13486,70,"79,92","28,39","5,28",1325,"46,67","10,18",0
12,Metropolitano Oriente,112107,Hospital Hanga Roa (Isla De Pascua),403,Área Médico-Quirúrgico Cuidados Básicos,2137,1314,1311,1,"61,49","32,88","0,35",279,"8,76","4,55",9
12,Metropolitano Oriente,112107,Hospital Hanga Roa (Isla De Pascua),404,Área Médico-Quirúrgico Cuidados Medios,3378,2372,2501,4,"70,22","34,16","0,85",455,"13,79","5,31",16
12,Metropolitano Oriente,112107,Hospital Hanga Roa (Isla De Pascua),406,Área Cuidados Intermedios Adultos,980,626,339,5,"63,88","54,5","2,29",111,4,"1,56",107
13,Metropolitano Sur,113100,"Hospital Barros Luco Trudeau (Santiago, San Miguel)",330,Area Pensionado,2268,389,387,0,"17,15","54,22",0,336,"6,2","1,15",0
13,Metropolitano Sur,113100,"Hospital Barros Luco Trudeau (Santiago, San Miguel)",401,Área Médica Adulto Cuidados Básicos,26149,21463,21567,65,"82,08","45,77","1,99",2631,"71,45","6,6",639
13,Metropolitano Sur,113100,"Hospital Barros Luco Trudeau (Santiago, San Miguel)",402,Área Médica Adulto Cuidados Medios,9395,8990,15962,43,"95,69","85,32","1,96",643,"25,67","7,29",1547
13,Metropolitano Sur,113100,"Hospital Barros Luco Trudeau (Santiago, San Miguel)",403,Área Médico-Quirúrgico Cuidados Básicos,90951,79346,79079,52,"87,24","40,12","0,52",8948,"248,5","7,93",1023
13,Metropolitano Sur,113100,"Hospital Barros Luco Trudeau (Santiago, San Miguel)",404,Área Médico-Quirúrgico Cuidados Medios,30160,28237,29391,272,"93,62","73,38","4,5",3281,"82,4","4,86",2766
13,Metropolitano Sur,113100,"Hospital Barros Luco Trudeau (Santiago, San Miguel)",405,Área Cuidados Intensivos Adultos,16319,14001,14023,284,"85,8","41,94","15,19",663,"44,59","7,5",1207
13,Metropolitano Sur,113100,"Hospital Barros Luco Trudeau (Santiago, San Miguel)",406,Área Cuidados Intermedios Adultos,20099,17676,17306,212,"87,94","62,99","6,13",1254,"54,92",5,2205
13,Metropolitano Sur,113100,"Hospital Barros Luco Trudeau (Santiago, San Miguel)",413,Área Neonatología Cuidados Básicos,3660,2283,2300,1,"62,38","21,2","0,47",186,10,"10,85",26
13,Metropolitano Sur,113100,"Hospital Barros Luco Trudeau (Santiago, San Miguel)",414,Área Neonatología Cuidados Intensivos,4758,4140,3911,28,"87,01","18,54","11,62",85,13,"16,23",156
13,Metropolitano Sur,113100,"Hospital Barros Luco Trudeau (Santiago, San Miguel)",415,Área Neonatología Cuidados Intermedios,8052,5235,5410,2,"65,01","21,91","0,41",359,22,"11,22",123
13,Metropolitano Sur,113100,"Hospital Barros Luco Trudeau (Santiago, San Miguel)",416,Área Obstetricia,22329,14527,15016,4,"65,06","70,89","0,09",3891,"61,01","3,47",434
13,Metropolitano Sur,113100,"Hospital Barros Luco Trudeau (Santiago, San Miguel)",418,Área Psiquiatría Adulto Corta estadía,10276,9791,9297,1,"95,28","8,37","0,43",226,"28,08","39,56",9
13,Metropolitano Sur,113130,"Hospital Dr. Exequiel González Cortés (Santiago, San Miguel)",410,Área Médico-Quirúrgico Pediátrica Cuidados Medios,43730,32755,36472,7,"74,9","76,33","0,08",7386,"119,48",4,1734
13,Metropolitano Sur,113130,"Hospital Dr. Exequiel González Cortés (Santiago, San Miguel)",411,Área Cuidados Intensivos Pediátricos,4392,3225,768,9,"73,43","57,92","1,29",83,12,"1,11",612
13,Metropolitano Sur,113130,"Hospital Dr. Exequiel González Cortés (Santiago, San Miguel)",412,Área Cuidados Intermedios Pediátricos,5062,3916,2209,2,"77,36","82,72","0,17",318,"13,83","1,93",826
13,Metropolitano Sur,113130,"Hospital Dr. Exequiel González Cortés (Santiago, San Miguel)",421,Área Psiquiatría Infanto-adolescente corta estadía,3994,3723,4174,0,"93,21","71,48",0,226,"10,91","5,35",554
13,Metropolitano Sur,113150,Hospital San Luis (Buin),330,Area Pensionado,1431,1296,1151,9,"90,57","119,44","1,93",373,"3,91","2,46",94
13,Metropolitano Sur,113150,Hospital San Luis (Buin),403,Área Médico-Quirúrgico Cuidados Básicos,10063,8434,8307,37,"83,81","62,92","2,14",1458,"27,49","4,8",272
13,Metropolitano Sur,113150,Hospital San Luis (Buin),404,Área Médico-Quirúrgico Cuidados Medios,14222,12896,12848,145,"90,68","54,43","6,86",1733,"38,86","6,07",382
13,Metropolitano Sur,113150,Hospital San Luis (Buin),407,Área Médica Pediátrica Cuidados Básicos,1066,365,373,0,"34,24","36,05",0,87,"2,91","3,55",18
13,Metropolitano Sur,113150,Hospital San Luis (Buin),408,Área Médica Pediátrica Cuidados Medios,1118,616,633,0,"55,1","64,82",0,129,"3,05","3,2",69
13,Metropolitano Sur,113150,Hospital San Luis (Buin),413,Área Neonatología Cuidados Básicos,1464,453,483,0,"30,94","35,5",0,142,4,"3,4",0
13,Metropolitano Sur,113150,Hospital San Luis (Buin),416,Área Obstetricia,6076,3342,3339,0,55,"71,68",0,1070,"16,6","2,81",120
13,Metropolitano Sur,113160,"Hospital de Enfermedades Infecciosas Dr. Lucio Córdova (Santiago, San Miguel)",402,Área Médica Adulto Cuidados Medios,18563,14516,16649,52,"78,2","34,92","2,94",1723,"50,72","9,4",48
13,Metropolitano Sur,113160,"Hospital de Enfermedades Infecciosas Dr. Lucio Córdova (Santiago, San Miguel)",406,Área Cuidados Intermedios Adultos,3803,3080,1603,29,"80,99","23,96","11,65",132,"10,39","6,44",117
13,Metropolitano Sur,113170,"Hospital Psiquiátrico El Peral (Santiago, Puente Alto)",401,Área Médica Adulto Cuidados Básicos,2562,1628,5603,0,"63,54","15,14",0,13,7,"52,86",93
13,Metropolitano Sur,113170,"Hospital Psiquiátrico El Peral (Santiago, Puente Alto)",419,Área Psiquiatría Adulto Mediana estadía,14640,9131,9087,0,"62,37","2,68",0,85,40,"84,93",22
13,Metropolitano Sur,113170,"Hospital Psiquiátrico El Peral (Santiago, Puente Alto)",420,Área Psiquiatría Adulto Larga estadía,22327,20096,6408,0,"90,01","1,46",0,11,61,72,78
13,Metropolitano Sur,113180,"Hospital El Pino (Santiago, San Bernardo)",330,Area Pensionado,3491,1594,1581,0,"45,66","109,14",0,1033,"9,54","1,52",8
13,Metropolitano Sur,113180,"Hospital El Pino (Santiago, San Bernardo)",402,Área Médica Adulto Cuidados Medios,13902,13714,13480,74,"98,65","32,86","5,93",1139,"37,98","10,8",109
13,Metropolitano Sur,113180,"Hospital El Pino (Santiago, San Bernardo)",404,Área Médico-Quirúrgico Cuidados Medios,35966,33173,33221,246,"92,23","92,22","2,71",5006,"98,27","3,67",4056
13,Metropolitano Sur,113180,"Hospital El Pino (Santiago, San Bernardo)",405,Área Cuidados Intensivos Adultos,9374,9065,8411,87,"96,7","15,7","21,64",152,"25,61","20,92",250
13,Metropolitano Sur,113180,"Hospital El Pino (Santiago, San Bernardo)",406,Área Cuidados Intermedios Adultos,14245,13335,11914,61,"93,61","37,95","4,13",769,"38,92","8,07",708
13,Metropolitano Sur,113180,"Hospital El Pino (Santiago, San Bernardo)",408,Área Médica Pediátrica Cuidados Medios,8247,6358,6396,0,"77,09","66,3",0,1484,"22,53","4,28",10
13,Metropolitano Sur,113180,"Hospital El Pino (Santiago, San Bernardo)",413,Área Neonatología Cuidados Básicos,2054,1095,1016,0,"53,31","52,92",0,236,"5,61","3,42",61
13,Metropolitano Sur,113180,"Hospital El Pino (Santiago, San Bernardo)",414,Área Neonatología Cuidados Intensivos,1389,1058,1103,1,"76,17","27,4","0,96",14,"3,8","10,61",90
13,Metropolitano Sur,113180,"Hospital El Pino (Santiago, San Bernardo)",415,Área Neonatología Cuidados Intermedios,6066,5148,5144,0,"84,87","27,51",0,389,"16,57","11,28",67
13,Metropolitano Sur,113180,"Hospital El Pino (Santiago, San Bernardo)",416,Área Obstetricia,12438,8960,8840,2,"72,04","97,31","0,06",3202,"33,98","2,67",105
13,Metropolitano Sur,113180,"Hospital El Pino (Santiago, San Bernardo)",418,Área Psiquiatría Adulto Corta estadía,5875,5581,5319,0,95,"8,41",0,130,"16,05","39,4",5
13,Metropolitano Sur,113190,Hospital Parroquial de San Bernardo (D),330,Area Pensionado,14274,9396,5886,0,"65,83","88,21",0,3423,39,"1,71",17
13,Metropolitano Sur,113190,Hospital Parroquial de San Bernardo (D),402,Área Médica Adulto Cuidados Medios,15891,10681,9801,86,"67,21","29,64","6,68",1215,"43,42","7,62",72
13,Metropolitano Sur,113190,Hospital Parroquial de San Bernardo (D),403,Área Médico-Quirúrgico Cuidados Básicos,1067,1046,724,0,"98,03","69,11",0,294,"4,36","2,41",7
13,Metropolitano Sur,113190,Hospital Parroquial de San Bernardo (D),404,Área Médico-Quirúrgico Cuidados Medios,10980,8990,7465,5,"81,88","47,17","0,35",1361,30,"5,28",54
13,Metropolitano Sur,113190,Hospital Parroquial de San Bernardo (D),405,Área Cuidados Intensivos Adultos,2928,2360,2246,57,"80,6","23,88","29,84",74,8,"11,76",117
13,Metropolitano Sur,113190,Hospital Parroquial de San Bernardo (D),406,Área Cuidados Intermedios Adultos,4638,4635,4146,40,"99,94","40,48","7,8",124,"12,67","8,08",389
13,Metropolitano Sur,113190,Hospital Parroquial de San Bernardo (D),413,Área Neonatología Cuidados Básicos,1098,289,221,0,"26,32","19,67",0,53,3,"3,75",6
13,Metropolitano Sur,113190,Hospital Parroquial de San Bernardo (D),414,Área Neonatología Cuidados Intensivos,1098,172,138,0,"15,66","9,33",0,6,3,"4,93",22
13,Metropolitano Sur,113190,Hospital Parroquial de San Bernardo (D),415,Área Neonatología Cuidados Intermedios,2928,1564,1373,0,"53,42","20,5",0,153,8,"8,37",11
13,Metropolitano Sur,113190,Hospital Parroquial de San Bernardo (D),416,Área Obstetricia,6443,4376,3022,0,"67,92","58,28",0,1014,"17,6","2,95",12
14,Metropolitano Sur Oriente,114101,"Complejo Hospitalario Dr. Sótero del Río (Santiago, Puente Alto)",330,Area Pensionado,6475,2729,2727,0,"42,15","78,23",0,1382,"17,69","1,97",2
14,Metropolitano Sur Oriente,114101,"Complejo Hospitalario Dr. Sótero del Río (Santiago, Puente Alto)",401,Área Médica Adulto Cuidados Básicos,9842,9679,9122,50,"98,34","54,44","3,42",1291,"26,89","6,23",173
14,Metropolitano Sur Oriente,114101,"Complejo Hospitalario Dr. Sótero del Río (Santiago, Puente Alto)",402,Área Médica Adulto Cuidados Medios,48566,45306,44502,270,"93,29","80,06","2,54",5983,"132,69","4,19",4641
14,Metropolitano Sur Oriente,114101,"Complejo Hospitalario Dr. Sótero del Río (Santiago, Puente Alto)",403,Área Médico-Quirúrgico Cuidados Básicos,46098,41487,40021,10,90,"84,01","0,09",9366,"125,95","3,78",1215
14,Metropolitano Sur Oriente,114101,"Complejo Hospitalario Dr. Sótero del Río (Santiago, Puente Alto)",404,Área Médico-Quirúrgico Cuidados Medios,28906,25715,25873,213,"88,96","150,55","1,79",6813,"78,98","2,18",5077
14,Metropolitano Sur Oriente,114101,"Complejo Hospitalario Dr. Sótero del Río (Santiago, Puente Alto)",405,Área Cuidados Intensivos Adultos,18007,17160,16014,328,"95,3","30,28","22,01",411,"49,2","10,75",1079
14,Metropolitano Sur Oriente,114101,"Complejo Hospitalario Dr. Sótero del Río (Santiago, Puente Alto)",406,Área Cuidados Intermedios Adultos,33494,32951,32397,211,"98,38","57,3","4,02",2406,"91,51","6,18",2838
14,Metropolitano Sur Oriente,114101,"Complejo Hospitalario Dr. Sótero del Río (Santiago, Puente Alto)",407,Área Médica Pediátrica Cuidados Básicos,5078,2257,2247,0,"44,45","80,58",0,987,"13,87","2,01",131
14,Metropolitano Sur Oriente,114101,"Complejo Hospitalario Dr. Sótero del Río (Santiago, Puente Alto)",408,Área Médica Pediátrica Cuidados Medios,15830,14006,14130,6,"88,48","70,96","0,2",2848,"43,25","4,6",221
14,Metropolitano Sur Oriente,114101,"Complejo Hospitalario Dr. Sótero del Río (Santiago, Puente Alto)",409,Área Médico-Quirúrgico Pediátrica Cuidados Básicos,5453,1515,1499,0,"27,78","93,77",0,1335,"14,9","1,07",62
14,Metropolitano Sur Oriente,114101,"Complejo Hospitalario Dr. Sótero del Río (Santiago, Puente Alto)",410,Área Médico-Quirúrgico Pediátrica Cuidados Medios,3691,3471,3273,0,"94,04","96,58",0,921,"10,08","3,36",53
14,Metropolitano Sur Oriente,114101,"Complejo Hospitalario Dr. Sótero del Río (Santiago, Puente Alto)",411,Área Cuidados Intensivos Pediátricos,2798,1740,1765,7,"62,19","31,79","2,88",32,"7,64","7,26",211
14,Metropolitano Sur Oriente,114101,"Complejo Hospitalario Dr. Sótero del Río (Santiago, Puente Alto)",412,Área Cuidados Intermedios Pediátricos,4158,2192,2352,0,"52,72","56,86",0,165,"11,36","3,64",481
14,Metropolitano Sur Oriente,114101,"Complejo Hospitalario Dr. Sótero del Río (Santiago, Puente Alto)",413,Área Neonatología Cuidados Básicos,2408,1312,1312,0,"54,49","137,55",0,811,"6,58","1,45",94
14,Metropolitano Sur Oriente,114101,"Complejo Hospitalario Dr. Sótero del Río (Santiago, Puente Alto)",414,Área Neonatología Cuidados Intensivos,4663,4444,4834,22,"95,3","29,43","5,87",52,"12,74","12,89",323
14,Metropolitano Sur Oriente,114101,"Complejo Hospitalario Dr. Sótero del Río (Santiago, Puente Alto)",415,Área Neonatología Cuidados Intermedios,11722,7904,7841,0,"67,43","31,75",0,69,"32,03","7,71",948
14,Metropolitano Sur Oriente,114101,"Complejo Hospitalario Dr. Sótero del Río (Santiago, Puente Alto)",416,Área Obstetricia,13743,11276,11084,0,"82,05","106,45",0,3348,"37,55","2,77",649
14,Metropolitano Sur Oriente,114101,"Complejo Hospitalario Dr. Sótero del Río (Santiago, Puente Alto)",418,Área Psiquiatría Adulto Corta estadía,13186,12739,12761,0,"96,61","16,71",0,591,"36,03","21,2",11
14,Metropolitano Sur Oriente,114101,"Complejo Hospitalario Dr. Sótero del Río (Santiago, Puente Alto)",421,Área Psiquiatría Infanto-adolescente corta estadía,3907,3456,3664,0,"88,46","10,49",0,111,"10,67","32,71",1
14,Metropolitano Sur Oriente,114102,Hospital San José de Maipo,401,Área Médica Adulto Cuidados Básicos,11559,5581,6214,4,"48,28","2,06","6,15",62,"31,58","95,6",3
14,Metropolitano Sur Oriente,114102,Hospital San José de Maipo,403,Área Médico-Quirúrgico Cuidados Básicos,4392,3515,3640,1,"80,03","6,25","1,33",51,12,"48,53",24
14,Metropolitano Sur Oriente,114102,Hospital San José de Maipo,404,Área Médico-Quirúrgico Cuidados Medios,46494,36272,31818,272,"78,01","9,94","21,54",1220,"127,03","25,19",43
14,Metropolitano Sur Oriente,114102,Hospital San José de Maipo,427,Área Sociosanitaria Adulto,7320,7229,5619,0,"98,76","0,75",0,5,20,"374,6",10
14,Metropolitano Sur Oriente,114103,Hospital Padre Alberto Hurtado (San Ramón),403,Área Médico-Quirúrgico Cuidados Básicos,49588,43966,43479,162,"88,66","58,46","2,05",7131,"135,49","5,49",790
14,Metropolitano Sur Oriente,114103,Hospital Padre Alberto Hurtado (San Ramón),404,Área Médico-Quirúrgico Cuidados Medios,30029,29247,28843,112,"97,4","42,56","3,21",2176,"82,05","8,26",1316
14,Metropolitano Sur Oriente,114103,Hospital Padre Alberto Hurtado (San Ramón),405,Área Cuidados Intensivos Adultos,4406,4126,4243,108,"93,65","37,8","23,74",145,"12,04","9,33",310
14,Metropolitano Sur Oriente,114103,Hospital Padre Alberto Hurtado (San Ramón),406,Área Cuidados Intermedios Adultos,7030,6761,6644,89,"96,17","48,47","9,56",232,"19,21","7,14",699
14,Metropolitano Sur Oriente,114103,Hospital Padre Alberto Hurtado (San Ramón),409,Área Médico-Quirúrgico Pediátrica Cuidados Básicos,14415,10185,10392,0,"70,66","53,37",0,2017,"39,39","4,94",85
14,Metropolitano Sur Oriente,114103,Hospital Padre Alberto Hurtado (San Ramón),411,Área Cuidados Intensivos Pediátricos,1976,524,535,3,"26,52","16,11","3,45",8,"5,4","6,15",79
14,Metropolitano Sur Oriente,114103,Hospital Padre Alberto Hurtado (San Ramón),412,Área Cuidados Intermedios Pediátricos,2428,2074,1923,0,"85,42","77,48",0,169,"6,63","3,74",345
14,Metropolitano Sur Oriente,114103,Hospital Padre Alberto Hurtado (San Ramón),413,Área Neonatología Cuidados Básicos,3883,357,356,0,"9,19","17,34",0,155,"10,61","1,93",29
14,Metropolitano Sur Oriente,114103,Hospital Padre Alberto Hurtado (San Ramón),414,Área Neonatología Cuidados Intensivos,464,166,183,1,"35,78","59,16","1,33",11,"1,27","2,44",64
14,Metropolitano Sur Oriente,114103,Hospital Padre Alberto Hurtado (San Ramón),415,Área Neonatología Cuidados Intermedios,4227,3788,3912,0,"89,61","38,88",0,383,"11,55","8,71",66
14,Metropolitano Sur Oriente,114103,Hospital Padre Alberto Hurtado (San Ramón),416,Área Obstetricia,14861,9080,9053,0,"61,1","76,91",0,3102,"40,6","2,9",21
12,Metropolitano Oriente,114104,Hospital Metropolitano (Ex Militar),402,Área Médica Adulto Cuidados Medios,38941,34319,40923,282,"88,13","46,41","5,71",4538,"106,4","8,29",400
12,Metropolitano Oriente,114104,Hospital Metropolitano (Ex Militar),405,Área Cuidados Intensivos Adultos,4834,1929,884,41,"39,9","27,11","11,45",77,"13,21","2,47",281
12,Metropolitano Oriente,114104,Hospital Metropolitano (Ex Militar),406,Área Cuidados Intermedios Adultos,23126,16154,10768,47,"69,85","46,88","1,59",1550,"63,19","3,64",1412
14,Metropolitano Sur Oriente,114105,Hospital Clínico Metropolitano La Florida Dra. Eloísa Díaz Insunza,401,Área Médica Adulto Cuidados Básicos,19497,18344,20189,141,"94,09","36,72","7,21",1652,"53,27","10,32",304
14,Metropolitano Sur Oriente,114105,Hospital Clínico Metropolitano La Florida Dra. Eloísa Díaz Insunza,403,Área Médico-Quirúrgico Cuidados Básicos,30720,27678,27844,23,"90,1","53,76","0,51",4201,"83,93","6,17",311
14,Metropolitano Sur Oriente,114105,Hospital Clínico Metropolitano La Florida Dra. Eloísa Díaz Insunza,404,Área Médico-Quirúrgico Cuidados Medios,29808,28190,29164,192,"94,57","38,25","6,16",2451,"81,44","9,36",664
14,Metropolitano Sur Oriente,114105,Hospital Clínico Metropolitano La Florida Dra. Eloísa Díaz Insunza,405,Área Cuidados Intensivos Adultos,8808,8149,8174,158,"92,52","32,41","20,26",285,"24,07","10,48",495
14,Metropolitano Sur Oriente,114105,Hospital Clínico Metropolitano La Florida Dra. Eloísa Díaz Insunza,406,Área Cuidados Intermedios Adultos,10647,9466,9619,59,"88,91","47,47","4,27",359,"29,09","6,97",1022
14,Metropolitano Sur Oriente,114105,Hospital Clínico Metropolitano La Florida Dra. Eloísa Díaz Insunza,410,Área Médico-Quirúrgico Pediátrica Cuidados Medios,12380,9975,9981,0,"80,57","51,03",0,1685,"33,83","5,78",41
14,Metropolitano Sur Oriente,114105,Hospital Clínico Metropolitano La Florida Dra. Eloísa Díaz Insunza,411,Área Cuidados Intensivos Pediátricos,2202,1420,1466,6,"64,49","39,56","2,52",153,"6,02","6,16",85
14,Metropolitano Sur Oriente,114105,Hospital Clínico Metropolitano La Florida Dra. Eloísa Díaz Insunza,412,Área Cuidados Intermedios Pediátricos,2202,1517,1303,0,"68,89","39,89",0,145,"6,02","5,43",95
14,Metropolitano Sur Oriente,114105,Hospital Clínico Metropolitano La Florida Dra. Eloísa Díaz Insunza,413,Área Neonatología Cuidados Básicos,1468,1042,1081,0,"70,98","47,12",0,164,"4,01","5,72",25
14,Metropolitano Sur Oriente,114105,Hospital Clínico Metropolitano La Florida Dra. Eloísa Díaz Insunza,414,Área Neonatología Cuidados Intensivos,2202,1653,1800,6,"75,07","28,09","3,55",33,"6,02","10,65",136
14,Metropolitano Sur Oriente,114105,Hospital Clínico Metropolitano La Florida Dra. Eloísa Díaz Insunza,415,Área Neonatología Cuidados Intermedios,5138,3776,3804,2,"73,49","29,92","0,48",305,"14,04","9,06",115
14,Metropolitano Sur Oriente,114105,Hospital Clínico Metropolitano La Florida Dra. Eloísa Díaz Insunza,416,Área Obstetricia,15187,10182,10131,0,"67,04","86,08",0,3532,"41,49","2,84",40
14,Metropolitano Sur Oriente,114105,Hospital Clínico Metropolitano La Florida Dra. Eloísa Díaz Insunza,418,Área Psiquiatría Adulto Corta estadía,6606,6185,6402,0,"93,63","15,9",0,280,"18,05","22,31",7
15,Del Libertador B.O Higgins,115100,Hospital Dr. Franco Ravera Zunino,402,Área Médica Adulto Cuidados Medios,41331,37601,35826,322,"90,98","55,08","5,18",5551,"112,93","5,76",669
15,Del Libertador B.O Higgins,115100,Hospital Dr. Franco Ravera Zunino,404,Área Médico-Quirúrgico Cuidados Medios,53106,48070,45763,52,"90,52","55,76","0,64",7254,"145,1","5,66",837
15,Del Libertador B.O Higgins,115100,Hospital Dr. Franco Ravera Zunino,405,Área Cuidados Intensivos Adultos,13176,11516,10802,336,"87,4","41,83","22,31",469,36,"7,17",1037
15,Del Libertador B.O Higgins,115100,Hospital Dr. Franco Ravera Zunino,406,Área Cuidados Intermedios Adultos,24329,22884,21498,122,"94,06","81,4","2,25",1824,"66,47","3,97",3587
15,Del Libertador B.O Higgins,115100,Hospital Dr. Franco Ravera Zunino,410,Área Médico-Quirúrgico Pediátrica Cuidados Medios,19359,11474,10766,1,"59,27","57,98","0,03",2801,"52,89","3,51",266
15,Del Libertador B.O Higgins,115100,Hospital Dr. Franco Ravera Zunino,411,Área Cuidados Intensivos Pediátricos,2196,1668,1656,5,"75,96","48,33","1,72",42,6,"5,71",248
15,Del Libertador B.O Higgins,115100,Hospital Dr. Franco Ravera Zunino,412,Área Cuidados Intermedios Pediátricos,6063,4886,4529,1,"80,59","45,82","0,13",152,"16,57","5,97",607
15,Del Libertador B.O Higgins,115100,Hospital Dr. Franco Ravera Zunino,414,Área Neonatología Cuidados Intensivos,4392,3565,3503,21,"81,17","31,08","5,63",33,12,"9,39",340
15,Del Libertador B.O Higgins,115100,Hospital Dr. Franco Ravera Zunino,415,Área Neonatología Cuidados Intermedios,10980,8463,8371,0,"77,08","25,03",0,665,30,"11,15",86
15,Del Libertador B.O Higgins,115100,Hospital Dr. Franco Ravera Zunino,416,Área Obstetricia,13337,10159,10080,0,"76,17","83,48",0,2658,"36,44","3,31",384
15,Del Libertador B.O Higgins,115100,Hospital Dr. Franco Ravera Zunino,418,Área Psiquiatría Adulto Corta estadía,8458,7226,6748,0,"85,43","19,73",0,448,"23,11","14,8",8
15,Del Libertador B.O Higgins,115100,Hospital Dr. Franco Ravera Zunino,421,Área Psiquiatría Infanto-adolescente corta estadía,3673,2134,1750,0,"58,1","15,94",0,158,"10,04","10,94",2
15,Del Libertador B.O Higgins,115101,Hospital Santa Filomena de Graneros,403,Área Médico-Quirúrgico Cuidados Básicos,0,0,0,0,0,0,0,0,0,0,0
15,Del Libertador B.O Higgins,115101,Hospital Santa Filomena de Graneros,404,Área Médico-Quirúrgico Cuidados Medios,6964,5725,6105,52,"82,21","35,63","7,67",678,"19,03",9,0
15,Del Libertador B.O Higgins,115102,Hospital de Coínco,403,Área Médico-Quirúrgico Cuidados Básicos,1488,1224,1319,13,"82,26","37,14","8,61",147,"4,07","8,74",4
15,Del Libertador B.O Higgins,115102,Hospital de Coínco,404,Área Médico-Quirúrgico Cuidados Medios,3720,3155,3067,33,"84,81","36,7","8,85",370,"10,16","8,22",3
15,Del Libertador B.O Higgins,115103,Hospital Del Salvador de Peumo,403,Área Médico-Quirúrgico Cuidados Básicos,10164,8519,8466,78,"83,82","27,8","10,1",733,"27,77","10,97",39
15,Del Libertador B.O Higgins,115103,Hospital Del Salvador de Peumo,427,Área Sociosanitaria Adulto,7320,6910,8700,40,"94,4","6,1","32,79",122,20,"71,31",0
15,Del Libertador B.O Higgins,115104,Hospital Dr. Ricardo Valenzuela Sáez (Rengo),330,Area Pensionado,440,0,0,0,0,0,0,0,"2,89",0,0
15,Del Libertador B.O Higgins,115104,Hospital Dr. Ricardo Valenzuela Sáez (Rengo),403,Área Médico-Quirúrgico Cuidados Básicos,4215,4149,3606,10,"98,43","63,47","1,37",667,"11,52","4,93",64
15,Del Libertador B.O Higgins,115104,Hospital Dr. Ricardo Valenzuela Sáez (Rengo),404,Área Médico-Quirúrgico Cuidados Medios,16997,16504,15375,99,"97,1","54,22","3,93",2346,"46,44","6,11",172
15,Del Libertador B.O Higgins,115104,Hospital Dr. Ricardo Valenzuela Sáez (Rengo),405,Área Cuidados Intensivos Adultos,1106,1053,857,23,"95,21","37,73","20,18",52,"3,02","7,52",62
15,Del Libertador B.O Higgins,115104,Hospital Dr. Ricardo Valenzuela Sáez (Rengo),406,Área Cuidados Intermedios Adultos,2533,2477,1808,16,"97,79","66,61","3,47",145,"6,92","3,92",316
15,Del Libertador B.O Higgins,115104,Hospital Dr. Ricardo Valenzuela Sáez (Rengo),407,Área Médica Pediátrica Cuidados Básicos,2390,1044,1357,0,"43,68","44,1",0,288,"6,53","4,71",0
15,Del Libertador B.O Higgins,115104,Hospital Dr. Ricardo Valenzuela Sáez (Rengo),413,Área Neonatología Cuidados Básicos,1699,1400,907,1,"82,4","33,39","0,65",147,"4,64","5,85",8
15,Del Libertador B.O Higgins,115104,Hospital Dr. Ricardo Valenzuela Sáez (Rengo),416,Área Obstetricia,8645,4562,4536,0,"52,77","78,79",0,1850,"23,62","2,44",11
15,Del Libertador B.O Higgins,115105,Hospital San Vicente de Tagua-Tagua,403,Área Médico-Quirúrgico Cuidados Básicos,2716,2032,2023,4,"74,82","69,8","0,77",483,"7,42","3,91",35
15,Del Libertador B.O Higgins,115105,Hospital San Vicente de Tagua-Tagua,404,Área Médico-Quirúrgico Cuidados Medios,12877,11104,10529,80,"86,23","51,7","4,4",1782,"35,18","5,79",37
15,Del Libertador B.O Higgins,115105,Hospital San Vicente de Tagua-Tagua,409,Área Médico-Quirúrgico Pediátrica Cuidados Básicos,1010,334,283,0,"33,07","23,55",0,65,"2,76","4,35",0
15,Del Libertador B.O Higgins,115105,Hospital San Vicente de Tagua-Tagua,416,Área Obstetricia,2166,1442,1243,0,"66,57","73,34",0,434,"5,92","2,86",0
15,Del Libertador B.O Higgins,115106,Hospital de Pichidegua,403,Área Médico-Quirúrgico Cuidados Básicos,4525,3437,3486,12,"75,96","28,39","3,42",351,"12,36","9,93",0
15,Del Libertador B.O Higgins,115107,Hospital San Juan de Dios de San Fernando,330,Area Pensionado,0,0,0,0,0,0,0,0,0,0,0
15,Del Libertador B.O Higgins,115107,Hospital San Juan de Dios de San Fernando,404,Área Médico-Quirúrgico Cuidados Medios,28227,25493,25194,72,"90,31","56,13","1,66",4107,"77,12","5,82",222
15,Del Libertador B.O Higgins,115107,Hospital San Juan de Dios de San Fernando,405,Área Cuidados Intensivos Adultos,4389,3021,3000,64,"68,83","26,68",20,115,"11,99","9,38",205
15,Del Libertador B.O Higgins,115107,Hospital San Juan de Dios de San Fernando,406,Área Cuidados Intermedios Adultos,6589,5871,5905,43,"89,1","67,6","3,53",288,18,"4,85",929
15,Del Libertador B.O Higgins,115107,Hospital San Juan de Dios de San Fernando,410,Área Médico-Quirúrgico Pediátrica Cuidados Medios,4392,1695,1656,0,"38,59",46,0,510,12,3,42
15,Del Libertador B.O Higgins,115107,Hospital San Juan de Dios de San Fernando,412,Área Cuidados Intermedios Pediátricos,1386,558,603,0,"40,26","51,76",0,45,"3,79","3,08",151
15,Del Libertador B.O Higgins,115107,Hospital San Juan de Dios de San Fernando,413,Área Neonatología Cuidados Básicos,3294,751,723,0,"22,8","29,78",0,260,9,"2,7",8
15,Del Libertador B.O Higgins,115107,Hospital San Juan de Dios de San Fernando,415,Área Neonatología Cuidados Intermedios,1830,614,607,0,"33,55","39,6",0,80,5,"3,07",118
15,Del Libertador B.O Higgins,115107,Hospital San Juan de Dios de San Fernando,416,Área Obstetricia,8452,4361,4089,0,"51,6","75,35",0,1733,"23,09","2,35",7
15,Del Libertador B.O Higgins,115108,Hospital Mercedes de Chimbarongo,403,Área Médico-Quirúrgico Cuidados Básicos,8136,6603,7031,63,"81,16","33,06","8,57",735,"22,23","9,57",0
15,Del Libertador B.O Higgins,115109,Hospital de Nancagua,403,Área Médico-Quirúrgico Cuidados Básicos,3294,2804,2823,22,"85,12","26,89","9,09",242,9,"11,67",0
15,Del Libertador B.O Higgins,115110,Hospital de Santa Cruz,402,Área Médica Adulto Cuidados Medios,1459,1370,1350,15,"93,9","18,34","5,1",271,"16,03","4,59",23
15,Del Libertador B.O Higgins,115110,Hospital de Santa Cruz,404,Área Médico-Quirúrgico Cuidados Medios,11506,10171,10372,47,"88,4","65,3","2,29",1834,"31,44","5,05",219
15,Del Libertador B.O Higgins,115110,Hospital de Santa Cruz,405,Área Cuidados Intensivos Adultos,1101,834,857,14,"75,75","38,89","11,97",43,"3,01","7,32",74
15,Del Libertador B.O Higgins,115110,Hospital de Santa Cruz,406,Área Cuidados Intermedios Adultos,4402,3803,3858,21,"86,39","63,27","2,76",536,"12,03","5,07",225
15,Del Libertador B.O Higgins,115110,Hospital de Santa Cruz,408,Área Médica Pediátrica Cuidados Medios,546,131,126,0,"23,99","7,33",0,37,6,"2,86",7
15,Del Libertador B.O Higgins,115110,Hospital de Santa Cruz,410,Área Médico-Quirúrgico Pediátrica Cuidados Medios,140,65,62,0,"46,43","24,6",0,21,"1,14","2,21",7
15,Del Libertador B.O Higgins,115110,Hospital de Santa Cruz,412,Área Cuidados Intermedios Pediátricos,2559,967,973,0,"37,79","44,19",0,257,"6,99","3,15",52
15,Del Libertador B.O Higgins,115110,Hospital de Santa Cruz,413,Área Neonatología Cuidados Básicos,1117,263,258,0,"23,55","19,66",0,59,"3,05","4,3",1
15,Del Libertador B.O Higgins,115110,Hospital de Santa Cruz,414,Área Neonatología Cuidados Intensivos,4,4,4,0,100,"68,25",0,0,"0,04","1,33",3
15,Del Libertador B.O Higgins,115110,Hospital de Santa Cruz,415,Área Neonatología Cuidados Intermedios,2174,780,792,0,"35,88","34,68",0,201,"5,94","3,84",5
15,Del Libertador B.O Higgins,115110,Hospital de Santa Cruz,416,Área Obstetricia,5956,3899,3640,0,"65,46","101,82",0,1650,"16,27","2,2",7
15,Del Libertador B.O Higgins,115111,Hospital de Marchigüe,403,Área Médico-Quirúrgico Cuidados Básicos,3285,2621,2338,12,"79,79","18,38","7,27",165,"8,98","14,17",0
15,Del Libertador B.O Higgins,115112,Hospital de Pichilemu,403,Área Médico-Quirúrgico Cuidados Básicos,9183,8063,7874,40,"87,8","27,58","5,78",504,"25,09","11,38",188
15,Del Libertador B.O Higgins,115113,Hospital de Lolol,403,Área Médico-Quirúrgico Cuidados Básicos,3660,3134,3516,18,"85,63","20,6","8,74",206,10,"17,07",0
15,Del Libertador B.O Higgins,115114,Hospital de Litueche,403,Área Médico-Quirúrgico Cuidados Básicos,2936,2412,2568,20,"82,15","17,83","13,99",143,"8,02","17,96",0
16,Del Maule,116100,Hospital San Juan de Dios (Curicó),330,Area Pensionado,9372,6550,6394,3,"69,89","85,49","0,14",1946,"25,61","2,92",243
16,Del Maule,116100,Hospital San Juan de Dios (Curicó),403,Área Médico-Quirúrgico Cuidados Básicos,17670,15775,16995,24,"89,28","56,28","0,88",2367,"48,28","6,26",350
16,Del Maule,116100,Hospital San Juan de Dios (Curicó),404,Área Médico-Quirúrgico Cuidados Medios,60513,55136,53172,249,"91,11","43,88","3,43",6222,"165,34","7,33",1033
16,Del Maule,116100,Hospital San Juan de Dios (Curicó),405,Área Cuidados Intensivos Adultos,6084,5039,4947,143,"82,82","38,98","22,07",171,"16,62","7,63",477
16,Del Maule,116100,Hospital San Juan de Dios (Curicó),406,Área Cuidados Intermedios Adultos,7920,6728,6541,44,"84,95","77,59","2,62",392,"21,64","3,9",1287
16,Del Maule,116100,Hospital San Juan de Dios (Curicó),409,Área Médico-Quirúrgico Pediátrica Cuidados Básicos,0,0,0,0,0,0,0,0,0,0,0
16,Del Maule,116100,Hospital San Juan de Dios (Curicó),410,Área Médico-Quirúrgico Pediátrica Cuidados Medios,8394,5237,5115,0,"62,39","61,04",0,1231,"22,93","3,65",169
16,Del Maule,116100,Hospital San Juan de Dios (Curicó),411,Área Cuidados Intensivos Pediátricos,12,8,0,0,"66,67",0,0,0,"0,41",0,0
16,Del Maule,116100,Hospital San Juan de Dios (Curicó),412,Área Cuidados Intermedios Pediátricos,3046,2087,2444,0,"68,52","41,45",0,89,"8,32","7,08",256
16,Del Maule,116100,Hospital San Juan de Dios (Curicó),413,Área Neonatología Cuidados Básicos,2796,2162,2188,0,"77,32","42,02",0,277,"7,64","6,82",44
16,Del Maule,116100,Hospital San Juan de Dios (Curicó),414,Área Neonatología Cuidados Intensivos,1224,449,435,1,"36,68","41,05","0,67",19,"3,65","2,9",131
16,Del Maule,116100,Hospital San Juan de Dios (Curicó),415,Área Neonatología Cuidados Intermedios,2810,1894,1833,0,"67,4","43,89",0,98,"7,68","5,44",239
16,Del Maule,116100,Hospital San Juan de Dios (Curicó),416,Área Obstetricia,9592,7845,7811,1,"81,79","112,56","0,03",2654,"26,21","2,65",296
16,Del Maule,116100,Hospital San Juan de Dios (Curicó),428,Área de Hospitalización de Cuidados Intensivos en Psiquiatría Adulto,3336,2682,2215,0,"80,4","16,37",0,156,"9,96","13,59",7
16,Del Maule,116100,Hospital San Juan de Dios (Curicó),429,Área de Hospitalización de Cuidados Intensivos en Psiquiatría Infanto Adolescente,2288,2078,1911,0,"90,82","13,91",0,91,"6,83","20,12",4
16,Del Maule,116101,Hospital de Teno,401,Área Médica Adulto Cuidados Básicos,8052,6317,3577,18,"78,45",24,"3,41",528,22,"6,77",0
16,Del Maule,116101,Hospital de Teno,402,Área Médica Adulto Cuidados Medios,2928,2821,4113,56,"96,35","41,63","16,82",333,8,"12,35",0
16,Del Maule,116102,Hospital de Molina,401,Área Médica Adulto Cuidados Básicos,11346,10548,9948,75,"92,97","23,23","10,42",720,31,"13,82",0
16,Del Maule,116102,Hospital de Molina,402,Área Médica Adulto Cuidados Medios,3660,3331,3058,40,"91,01","43,2","9,26",432,10,"7,08",0
16,Del Maule,116102,Hospital de Molina,407,Área Médica Pediátrica Cuidados Básicos,3660,2235,2147,1,"61,07","25,3","0,4",253,10,"8,49",0
16,Del Maule,116103,Hospital de Hualañé,401,Área Médica Adulto Cuidados Básicos,4827,4291,3812,42,"88,9","39,81",8,525,"13,19","7,26",0
16,Del Maule,116105,Hospital Dr. César Garavagno Burotto (Talca),330,Area Pensionado,14601,6438,6617,2,"44,09","97,33","0,05",3617,"39,89","1,7",266
16,Del Maule,116105,Hospital Dr. César Garavagno Burotto (Talca),403,Área Médico-Quirúrgico Cuidados Básicos,28626,24956,25430,33,"87,18","84,44","0,5",5782,"78,21","3,85",822
16,Del Maule,116105,Hospital Dr. César Garavagno Burotto (Talca),404,Área Médico-Quirúrgico Cuidados Medios,78795,69487,71067,291,"88,19","52,42","2,58",8544,"215,29","6,3",2741
16,Del Maule,116105,Hospital Dr. César Garavagno Burotto (Talca),405,Área Cuidados Intensivos Adultos,11403,10200,10393,253,"89,45","51,96","15,63",299,"31,16","6,42",1320
16,Del Maule,116105,Hospital Dr. César Garavagno Burotto (Talca),406,Área Cuidados Intermedios Adultos,23186,19029,19744,109,"82,07","75,83","2,27",1675,"63,35","4,11",3129
16,Del Maule,116105,Hospital Dr. César Garavagno Burotto (Talca),410,Área Médico-Quirúrgico Pediátrica Cuidados Medios,22122,14960,14820,3,"67,62","48,56","0,1",2475,"60,44","5,05",460
16,Del Maule,116105,Hospital Dr. César Garavagno Burotto (Talca),411,Área Cuidados Intensivos Pediátricos,3533,2599,2741,8,"73,56","36,47","2,27",38,"9,65","7,79",314
16,Del Maule,116105,Hospital Dr. César Garavagno Burotto (Talca),412,Área Cuidados Intermedios Pediátricos,8095,6659,6243,0,"82,26","40,69",0,308,"22,12","6,94",592
16,Del Maule,116105,Hospital Dr. César Garavagno Burotto (Talca),413,Área Neonatología Cuidados Básicos,4303,3168,5816,0,"73,62","22,88",0,213,"11,76","21,62",56
16,Del Maule,116105,Hospital Dr. César Garavagno Burotto (Talca),414,Área Neonatología Cuidados Intensivos,4392,3821,3832,23,87,"25,33","7,57",38,12,"12,61",266
16,Del Maule,116105,Hospital Dr. César Garavagno Burotto (Talca),415,Área Neonatología Cuidados Intermedios,8784,7219,7167,2,"82,18","26,92","0,31",442,24,"11,09",204
16,Del Maule,116105,Hospital Dr. César Garavagno Burotto (Talca),416,Área Obstetricia,18894,15339,16041,0,"81,18","128,93",0,3939,"51,62","2,41",2717
16,Del Maule,116105,Hospital Dr. César Garavagno Burotto (Talca),418,Área Psiquiatría Adulto Corta estadía,7669,6684,6717,0,"87,16","14,13",0,295,"20,95","22,69",1
16,Del Maule,116105,Hospital Dr. César Garavagno Burotto (Talca),421,Área Psiquiatría Infanto-adolescente corta estadía,2196,2008,1989,0,"91,44","10,83",0,64,6,"30,6",1
16,Del Maule,116106,Hospital de Curepto,401,Área Médica Adulto Cuidados Básicos,5124,3986,2852,33,"77,79","21,57","10,93",302,14,"9,44",0
16,Del Maule,116107,Hospital de Constitución,330,Area Pensionado,1220,110,83,0,"9,02",12,0,40,"3,33","2,08",0
16,Del Maule,116107,Hospital de Constitución,403,Área Médico-Quirúrgico Cuidados Básicos,18243,13443,11488,105,"73,69","41,99","5,02",2093,"49,84","5,49",0
16,Del Maule,116107,Hospital de Constitución,409,Área Médico-Quirúrgico Pediátrica Cuidados Básicos,5490,1734,1063,1,"31,58","21,07","0,32",316,15,"3,36",0
16,Del Maule,116107,Hospital de Constitución,416,Área Obstetricia,7320,1045,810,1,"14,28","16,25","0,31",325,20,"2,49",0
16,Del Maule,116108,Hospital Presidente Carlos Ibáñez del Campo (Linares),330,Area Pensionado,5706,2641,2755,0,"46,28","112,31",0,1748,"15,59","1,57",3
16,Del Maule,116108,Hospital Presidente Carlos Ibáñez del Campo (Linares),403,Área Médico-Quirúrgico Cuidados Básicos,12847,11139,11295,24,"86,71","66,27","1,03",1985,"35,1","4,86",341
16,Del Maule,116108,Hospital Presidente Carlos Ibáñez del Campo (Linares),404,Área Médico-Quirúrgico Cuidados Medios,28087,27339,28527,188,"97,34","52,45","4,67",3397,"76,74","7,09",628
16,Del Maule,116108,Hospital Presidente Carlos Ibáñez del Campo (Linares),405,Área Cuidados Intensivos Adultos,5065,4618,4638,112,"91,17","32,52","24,89",145,"13,84","10,31",305
16,Del Maule,116108,Hospital Presidente Carlos Ibáñez del Campo (Linares),406,Área Cuidados Intermedios Adultos,8309,7648,7779,47,"92,04","56,95","3,63",666,"22,7","6,02",627
16,Del Maule,116108,Hospital Presidente Carlos Ibáñez del Campo (Linares),409,Área Médico-Quirúrgico Pediátrica Cuidados Básicos,4761,2385,2443,0,"50,09","65,96",0,793,"13,01","2,85",65
16,Del Maule,116108,Hospital Presidente Carlos Ibáñez del Campo (Linares),412,Área Cuidados Intermedios Pediátricos,2231,1679,1731,2,"75,26","65,78","0,5",246,"6,1","4,32",155
16,Del Maule,116108,Hospital Presidente Carlos Ibáñez del Campo (Linares),413,Área Neonatología Cuidados Básicos,5705,2515,2622,1,"44,08","20,59","0,31",319,"15,59","8,17",2
16,Del Maule,116108,Hospital Presidente Carlos Ibáñez del Campo (Linares),416,Área Obstetricia,7804,4992,5085,0,"63,97","71,94",0,1513,"21,32","3,31",21
16,Del Maule,116109,Hospital Dr. Abel Fuentealba Lagos de San Javier,330,Area Pensionado,759,137,137,0,"18,05","48,7",0,101,"2,07","1,36",0
16,Del Maule,116109,Hospital Dr. Abel Fuentealba Lagos de San Javier,403,Área Médico-Quirúrgico Cuidados Básicos,16772,13495,13431,117,"80,46","51,46","4,96",2299,"45,83","5,7",59
16,Del Maule,116109,Hospital Dr. Abel Fuentealba Lagos de San Javier,404,Área Médico-Quirúrgico Cuidados Medios,3243,2634,2468,49,"81,22","27,8","13,32",325,"13,24","6,71",43
16,Del Maule,116109,Hospital Dr. Abel Fuentealba Lagos de San Javier,407,Área Médica Pediátrica Cuidados Básicos,4392,1252,1317,0,"28,51","35,83",0,430,12,"3,06",0
16,Del Maule,116109,Hospital Dr. Abel Fuentealba Lagos de San Javier,416,Área Obstetricia,2187,490,509,0,"22,41","35,65",0,213,"5,98","2,39",0
16,Del Maule,116110,Hospital San José (Parral),330,Area Pensionado,1830,397,396,0,"21,69",58,0,289,5,"1,37",1
16,Del Maule,116110,Hospital San José (Parral),403,Área Médico-Quirúrgico Cuidados Básicos,25162,19900,22217,173,"79,09","53,94","4,67",3464,"68,75","5,99",244
16,Del Maule,116110,Hospital San José (Parral),409,Área Médico-Quirúrgico Pediátrica Cuidados Básicos,5856,1438,1545,0,"24,56","16,63",0,266,16,"5,81",0
16,Del Maule,116110,Hospital San José (Parral),416,Área Obstetricia,4392,1159,1123,0,"26,39","30,25",0,361,12,"3,09",2
16,Del Maule,116111,Hospital San Juan de Dios (Cauquenes),330,Area Pensionado,1338,379,379,3,"28,33","36,38","2,26",133,"3,66","2,85",0
16,Del Maule,116111,Hospital San Juan de Dios (Cauquenes),403,Área Médico-Quirúrgico Cuidados Básicos,27289,22952,24376,186,"84,11","41,63","5,99",3085,"74,56","7,85",19
16,Del Maule,116111,Hospital San Juan de Dios (Cauquenes),409,Área Médico-Quirúrgico Pediátrica Cuidados Básicos,9199,2476,2473,0,"26,92","27,93",0,702,"25,13","3,52",0
16,Del Maule,116111,Hospital San Juan de Dios (Cauquenes),416,Área Obstetricia,4323,1085,1079,0,"25,1","46,73",0,540,"11,81","1,95",12
16,Del Maule,116112,Hospital Dr. Benjamín Pedreros (Chanco),401,Área Médica Adulto Cuidados Básicos,6954,5755,7593,25,"82,76","27,68","4,75",526,19,"14,44",0
16,Del Maule,116112,Hospital Dr. Benjamín Pedreros (Chanco),407,Área Médica Pediátrica Cuidados Básicos,732,66,69,0,"9,02","6,5",0,13,2,"5,31",0
17,Ñuble,117101,Hospital Clínico Herminda Martín (Chillán),401,Área Médica Adulto Cuidados Básicos,25742,22793,22722,203,"88,54","49,27","5,86",3077,"70,33","6,56",388
17,Ñuble,117101,Hospital Clínico Herminda Martín (Chillán),402,Área Médica Adulto Cuidados Medios,15554,14406,14337,90,"92,62","56,17","3,77",2019,"42,5","6,01",368
17,Ñuble,117101,Hospital Clínico Herminda Martín (Chillán),403,Área Médico-Quirúrgico Cuidados Básicos,15178,14401,14472,20,"94,88","77,89","0,62",2968,"41,47","4,48",262
17,Ñuble,117101,Hospital Clínico Herminda Martín (Chillán),404,Área Médico-Quirúrgico Cuidados Medios,38427,36052,35720,74,"93,82","133,71","0,53",4534,"104,99","2,54",9504
17,Ñuble,117101,Hospital Clínico Herminda Martín (Chillán),405,Área Cuidados Intensivos Adultos,8806,7171,7257,183,"81,43","42,31","17,98",376,"24,06","7,13",642
17,Ñuble,117101,Hospital Clínico Herminda Martín (Chillán),406,Área Cuidados Intermedios Adultos,10926,9250,9400,78,"84,66","67,67","3,86",757,"29,85","4,65",1263
17,Ñuble,117101,Hospital Clínico Herminda Martín (Chillán),407,Área Médica Pediátrica Cuidados Básicos,9372,5114,5140,1,"54,57","56,35","0,07",1173,"25,61","3,56",270
17,Ñuble,117101,Hospital Clínico Herminda Martín (Chillán),408,Área Médica Pediátrica Cuidados Medios,2936,2165,2458,0,"73,74","26,93",0,161,"8,02","11,38",55
17,Ñuble,117101,Hospital Clínico Herminda Martín (Chillán),409,Área Médico-Quirúrgico Pediátrica Cuidados Básicos,4392,3009,3788,0,"68,51","74,08",0,835,12,"4,26",54
17,Ñuble,117101,Hospital Clínico Herminda Martín (Chillán),411,Área Cuidados Intensivos Pediátricos,1835,841,883,2,"45,83","29,72","1,34",12,"5,01","5,93",137
17,Ñuble,117101,Hospital Clínico Herminda Martín (Chillán),412,Área Cuidados Intermedios Pediátricos,1835,974,957,2,"53,08","70,61","0,56",61,"5,01","2,7",293
17,Ñuble,117101,Hospital Clínico Herminda Martín (Chillán),413,Área Neonatología Cuidados Básicos,4404,2973,3005,0,"67,51","38,31",0,417,"12,03","6,52",44
17,Ñuble,117101,Hospital Clínico Herminda Martín (Chillán),414,Área Neonatología Cuidados Intensivos,1764,1247,1173,11,"70,69","35,27","6,47",16,"4,82","6,9",154
17,Ñuble,117101,Hospital Clínico Herminda Martín (Chillán),415,Área Neonatología Cuidados Intermedios,5137,2575,2627,1,"50,13","24,15","0,29",88,"14,04","7,75",251
17,Ñuble,117101,Hospital Clínico Herminda Martín (Chillán),416,Área Obstetricia,16148,11076,10966,0,"68,59","95,49",0,3470,"44,12","2,6",743
17,Ñuble,117101,Hospital Clínico Herminda Martín (Chillán),418,Área Psiquiatría Adulto Corta estadía,9482,9376,9245,0,"98,88","12,62",0,322,"25,91","28,27",5
17,Ñuble,117102,Hospital de San Carlos,401,Área Médica Adulto Cuidados Básicos,2927,2694,2395,33,"92,04","55,39","7,45",415,8,"5,41",28
17,Ñuble,117102,Hospital de San Carlos,402,Área Médica Adulto Cuidados Medios,11908,11223,10367,108,"94,25","59,9","5,54",1838,"32,54","5,32",111
17,Ñuble,117102,Hospital de San Carlos,403,Área Médico-Quirúrgico Cuidados Básicos,4985,3749,3259,2,"75,21","111,23","0,13",1427,"13,62","2,15",88
17,Ñuble,117102,Hospital de San Carlos,404,Área Médico-Quirúrgico Cuidados Medios,10215,8932,8239,16,"87,44","52,35","1,1",1354,"27,91","5,64",107
17,Ñuble,117102,Hospital de San Carlos,405,Área Cuidados Intensivos Adultos,2196,1427,1391,50,"64,98","42,33","19,69",85,6,"5,48",169
17,Ñuble,117102,Hospital de San Carlos,406,Área Cuidados Intermedios Adultos,4212,3294,2986,27,"78,21","55,79","4,21",332,"11,51","4,65",310
17,Ñuble,117102,Hospital de San Carlos,409,Área Médico-Quirúrgico Pediátrica Cuidados Básicos,1709,1021,969,0,"59,74","73,46",0,343,"4,67","2,83",0
17,Ñuble,117102,Hospital de San Carlos,410,Área Médico-Quirúrgico Pediátrica Cuidados Medios,1098,744,722,0,"67,76","80,33",0,241,3,3,0
17,Ñuble,117102,Hospital de San Carlos,413,Área Neonatología Cuidados Básicos,1098,274,264,0,"24,95","36,67",0,108,3,"2,4",2
17,Ñuble,117102,Hospital de San Carlos,416,Área Obstetricia,3572,2230,2152,0,"62,43","82,69",0,802,"9,76","2,67",5
17,Ñuble,117102,Hospital de San Carlos,428,Área de Hospitalización de Cuidados Intensivos en Psiquiatría Adulto,1863,1762,1555,0,"94,58","19,87",0,167,"8,71","8,99",6
17,Ñuble,117103,Hospital Comunitario de Salud Familiar de Bulnes,403,Área Médico-Quirúrgico Cuidados Básicos,15014,13069,13115,113,"87,05","35,81","7,69",1469,"41,02","8,93",0
17,Ñuble,117103,Hospital Comunitario de Salud Familiar de Bulnes,407,Área Médica Pediátrica Cuidados Básicos,2562,268,274,0,"10,46","13,71",0,96,7,"2,85",0
17,Ñuble,117103,Hospital Comunitario de Salud Familiar de Bulnes,416,Área Obstetricia,1884,415,424,5,"22,03","26,03","3,73",134,"5,15","3,16",0
17,Ñuble,117103,Hospital Comunitario de Salud Familiar de Bulnes,427,Área Sociosanitaria Adulto,732,732,732,0,100,12,0,24,2,"30,5",0
17,Ñuble,117104,Hospital Comunitario de Salud Familiar Pedro Morales Campos (Yungay),403,Área Médico-Quirúrgico Cuidados Básicos,12444,9480,8027,66,"76,18","33,65","5,77",1140,34,"7,02",4
17,Ñuble,117104,Hospital Comunitario de Salud Familiar Pedro Morales Campos (Yungay),407,Área Médica Pediátrica Cuidados Básicos,1830,224,222,1,"12,24","14,4","1,39",72,5,"3,08",0
17,Ñuble,117104,Hospital Comunitario de Salud Familiar Pedro Morales Campos (Yungay),416,Área Obstetricia,612,22,22,0,"3,59","4,19",0,7,"1,67","3,14",0
17,Ñuble,117104,Hospital Comunitario de Salud Familiar Pedro Morales Campos (Yungay),427,Área Sociosanitaria Adulto,672,676,2380,4,"100,6","2,18",100,4,"1,84",595,0
17,Ñuble,117106,Hospital Comunitario de Salud Familiar de Quirihue,403,Área Médico-Quirúrgico Cuidados Básicos,14762,9049,9126,67,"61,3","18,69","8,89",754,"40,33","12,1",0
17,Ñuble,117106,Hospital Comunitario de Salud Familiar de Quirihue,407,Área Médica Pediátrica Cuidados Básicos,1918,107,107,0,"5,58","6,3",0,33,"5,24","3,24",0
17,Ñuble,117106,Hospital Comunitario de Salud Familiar de Quirihue,416,Área Obstetricia,1098,116,113,1,"10,56",13,"2,56",39,3,"2,9",0
17,Ñuble,117106,Hospital Comunitario de Salud Familiar de Quirihue,427,Área Sociosanitaria Adulto,732,714,827,0,"97,54",1,0,2,2,"413,5",0
17,Ñuble,117107,Hospital Comunitario de Salud Familiar de El Carmen,403,Área Médico-Quirúrgico Cuidados Básicos,6101,4079,3991,67,"66,86","42,11","9,54",698,"16,67","5,69",4
17,Ñuble,117107,Hospital Comunitario de Salud Familiar de El Carmen,407,Área Médica Pediátrica Cuidados Básicos,735,0,0,0,0,0,0,0,3,0,0
17,Ñuble,117107,Hospital Comunitario de Salud Familiar de El Carmen,416,Área Obstetricia,146,5,5,0,"3,42","5,01",0,2,"0,4","2,5",0
17,Ñuble,117107,Hospital Comunitario de Salud Familiar de El Carmen,427,Área Sociosanitaria Adulto,1695,1588,1173,3,"93,69","1,73","37,5",8,"4,63","146,63",0
17,Ñuble,117108,Hospital Comunitario de Salud Familiar Dr. Eduardo Contreras Trabucco de Coelemu,403,Área Médico-Quirúrgico Cuidados Básicos,9002,6321,5837,65,"70,22","39,72","6,65",947,"24,6","5,97",30
17,Ñuble,117108,Hospital Comunitario de Salud Familiar Dr. Eduardo Contreras Trabucco de Coelemu,407,Área Médica Pediátrica Cuidados Básicos,730,146,148,0,20,"27,07",0,53,"1,99","2,74",1
17,Ñuble,117108,Hospital Comunitario de Salud Familiar Dr. Eduardo Contreras Trabucco de Coelemu,416,Área Obstetricia,1216,232,1080,1,"19,08","14,15","2,13",44,"3,32","22,98",3
17,Ñuble,117108,Hospital Comunitario de Salud Familiar Dr. Eduardo Contreras Trabucco de Coelemu,427,Área Sociosanitaria Adulto,5439,5412,2539,4,"99,5","1,35",20,18,"14,86","126,95",2
18,Concepción,118100,Hospital Clínico Regional Dr. Guillermo Grant Benavente (Concepción),330,Area Pensionado,0,0,0,0,0,0,0,0,0,0,0
18,Concepción,118100,Hospital Clínico Regional Dr. Guillermo Grant Benavente (Concepción),401,Área Médica Adulto Cuidados Básicos,31764,28659,30903,218,"90,22","58,04","4,33",4300,"86,79","6,14",737
18,Concepción,118100,Hospital Clínico Regional Dr. Guillermo Grant Benavente (Concepción),402,Área Médica Adulto Cuidados Medios,40653,35576,35600,285,"87,51","54,19","4,74",4816,"111,07","5,91",1203
18,Concepción,118100,Hospital Clínico Regional Dr. Guillermo Grant Benavente (Concepción),403,Área Médico-Quirúrgico Cuidados Básicos,57279,49846,52255,74,"87,02","57,75","0,82",8137,"156,5","5,78",901
18,Concepción,118100,Hospital Clínico Regional Dr. Guillermo Grant Benavente (Concepción),404,Área Médico-Quirúrgico Cuidados Medios,26493,22189,27508,41,"83,75","44,1","1,28",2306,"72,39","8,62",886
18,Concepción,118100,Hospital Clínico Regional Dr. Guillermo Grant Benavente (Concepción),405,Área Cuidados Intensivos Adultos,14580,13326,4326,250,"91,4","63,89","9,82",501,"39,84","1,7",2044
18,Concepción,118100,Hospital Clínico Regional Dr. Guillermo Grant Benavente (Concepción),406,Área Cuidados Intermedios Adultos,14791,13019,5971,72,"88,02","67,11","2,65",667,"40,41","2,2",2045
18,Concepción,118100,Hospital Clínico Regional Dr. Guillermo Grant Benavente (Concepción),407,Área Médica Pediátrica Cuidados Básicos,2609,1882,2516,0,"72,13","62,15",0,316,"7,13","5,68",127
18,Concepción,118100,Hospital Clínico Regional Dr. Guillermo Grant Benavente (Concepción),408,Área Médica Pediátrica Cuidados Medios,17997,10732,13562,1,"59,63","48,16","0,04",2123,"49,17","5,73",245
18,Concepción,118100,Hospital Clínico Regional Dr. Guillermo Grant Benavente (Concepción),409,Área Médico-Quirúrgico Pediátrica Cuidados Básicos,7482,4607,4705,0,"61,57","87,86",0,1704,"20,44","2,62",92
18,Concepción,118100,Hospital Clínico Regional Dr. Guillermo Grant Benavente (Concepción),410,Área Médico-Quirúrgico Pediátrica Cuidados Medios,3806,2510,3172,0,"65,95","74,05",0,640,"10,4","4,12",130
18,Concepción,118100,Hospital Clínico Regional Dr. Guillermo Grant Benavente (Concepción),411,Área Cuidados Intensivos Pediátricos,2903,1965,429,9,"67,69","45,89","2,47",27,"7,93","1,18",337
18,Concepción,118100,Hospital Clínico Regional Dr. Guillermo Grant Benavente (Concepción),412,Área Cuidados Intermedios Pediátricos,2930,2329,599,3,"79,49","76,82","0,49",64,"8,01","0,97",551
18,Concepción,118100,Hospital Clínico Regional Dr. Guillermo Grant Benavente (Concepción),413,Área Neonatología Cuidados Básicos,3451,2820,6149,0,"81,72","43,16",0,365,"9,43","15,11",42
18,Concepción,118100,Hospital Clínico Regional Dr. Guillermo Grant Benavente (Concepción),414,Área Neonatología Cuidados Intensivos,4754,4130,467,18,"86,87","28,33","4,89",63,"12,99","1,27",305
18,Concepción,118100,Hospital Clínico Regional Dr. Guillermo Grant Benavente (Concepción),415,Área Neonatología Cuidados Intermedios,7967,7015,5659,0,"88,05","31,28",0,415,"21,77","8,31",266
18,Concepción,118100,Hospital Clínico Regional Dr. Guillermo Grant Benavente (Concepción),416,Área Obstetricia,19045,11139,10769,0,"58,49","64,71",0,3330,"52,04","3,2",37
18,Concepción,118100,Hospital Clínico Regional Dr. Guillermo Grant Benavente (Concepción),418,Área Psiquiatría Adulto Corta estadía,16790,15103,13072,0,"89,95","9,53",0,431,"45,87","29,91",6
18,Concepción,118100,Hospital Clínico Regional Dr. Guillermo Grant Benavente (Concepción),421,Área Psiquiatría Infanto-adolescente corta estadía,5872,4654,4888,0,"79,26","13,71",0,220,"16,04","22,22",0
18,Concepción,118100,Hospital Clínico Regional Dr. Guillermo Grant Benavente (Concepción),424,Área Psiquiatría Forense Adulto tratamiento,6668,6572,6006,0,"98,56","0,82",0,14,"18,22","400,4",1
18,Concepción,118100,Hospital Clínico Regional Dr. Guillermo Grant Benavente (Concepción),426,Área Psiquiatría Forense Infanto Adolescente tratamiento,1830,594,634,0,"32,46","8,2",0,41,5,"15,46",0
18,Concepción,118103,Hospital Traumatológico (Concepción),330,Area Pensionado,11,0,0,0,0,0,0,0,"0,03",0,0
18,Concepción,118103,Hospital Traumatológico (Concepción),404,Área Médico-Quirúrgico Cuidados Medios,36416,28065,26921,12,"77,07","43,2","0,28",3943,"99,5","6,26",355
18,Concepción,118103,Hospital Traumatológico (Concepción),406,Área Cuidados Intermedios Adultos,2562,1829,1989,14,"71,39","59,71","3,35",26,7,"4,76",392
18,Concepción,118105,Hospital San José (Coronel),401,Área Médica Adulto Cuidados Básicos,292,0,0,0,0,0,0,0,"0,8",0,0
18,Concepción,118105,Hospital San José (Coronel),402,Área Médica Adulto Cuidados Medios,15830,15104,14517,162,"95,41","56,58","6,62",2336,"43,25","5,93",111
18,Concepción,118105,Hospital San José (Coronel),403,Área Médico-Quirúrgico Cuidados Básicos,233,2,2,0,"0,86","3,14",0,2,"0,64",1,0
18,Concepción,118105,Hospital San José (Coronel),404,Área Médico-Quirúrgico Cuidados Medios,6918,5975,5969,14,"86,37","101,79","0,73",1877,"18,9","3,1",47
18,Concepción,118105,Hospital San José (Coronel),406,Área Cuidados Intermedios Adultos,2306,1716,1156,31,"74,41","79,83","6,16",232,"6,3","2,3",271
18,Concepción,118105,Hospital San José (Coronel),407,Área Médica Pediátrica Cuidados Básicos,810,61,56,0,"7,53","7,23",0,16,"2,21","3,5",0
18,Concepción,118105,Hospital San José (Coronel),408,Área Médica Pediátrica Cuidados Medios,5590,3713,3855,0,"66,42","58,14",0,888,"15,27","4,34",0
18,Concepción,118105,Hospital San José (Coronel),413,Área Neonatología Cuidados Básicos,2556,1060,1039,0,"41,47","35,08",0,214,"6,98","4,24",31
18,Concepción,118105,Hospital San José (Coronel),416,Área Obstetricia,4350,2320,2348,0,"53,33","84,14",0,994,"11,89","2,35",6
18,Concepción,118106,Hospital de Lota,401,Área Médica Adulto Cuidados Básicos,8619,7589,7777,50,"88,05","45,01","4,72",1060,"23,55","7,34",0
18,Concepción,118106,Hospital de Lota,402,Área Médica Adulto Cuidados Medios,11760,9730,9927,100,"82,74","41,7","7,46",1340,"32,13","7,41",0
18,Concepción,118106,Hospital de Lota,403,Área Médico-Quirúrgico Cuidados Básicos,4545,2091,1965,6,"46,01","65,39","0,74",812,"12,42","2,42",0
18,Concepción,118106,Hospital de Lota,404,Área Médico-Quirúrgico Cuidados Medios,2695,1504,1587,4,"55,81","31,37","1,73",231,"7,36","6,87",0
18,Concepción,118106,Hospital de Lota,407,Área Médica Pediátrica Cuidados Básicos,3789,873,852,0,"23,04","28,21",0,292,"10,35","2,92",0
18,Concepción,118106,Hospital de Lota,408,Área Médica Pediátrica Cuidados Medios,2204,132,117,0,"5,99","6,97",0,42,"6,02","2,79",0
18,Concepción,118106,Hospital de Lota,413,Área Neonatología Cuidados Básicos,1839,301,330,0,"16,37","8,76",0,44,"5,02","7,5",0
18,Concepción,118106,Hospital de Lota,416,Área Obstetricia,2131,819,846,0,"38,43","49,81",0,290,"5,82","2,92",0
18,Concepción,118107,Hospital Clorinda Avello (Santa Juana),401,Área Médica Adulto Cuidados Básicos,14546,9059,10684,38,"62,28","17,76","5,38",706,"39,74","15,13",0
18,Concepción,118107,Hospital Clorinda Avello (Santa Juana),407,Área Médica Pediátrica Cuidados Básicos,968,176,175,0,"18,18","16,26",0,43,"2,64","4,07",0
18,Concepción,118108,Hospital San Agustín de Florida,401,Área Médica Adulto Cuidados Básicos,5096,3898,5510,24,"76,49","21,33","8,08",297,"13,92","18,55",0
18,Concepción,118108,Hospital San Agustín de Florida,407,Área Médica Pediátrica Cuidados Básicos,734,9,9,0,"1,23","2,49",0,5,"2,01","1,8",0
19,Talcahuano,119100,Hospital Las Higueras (Talcahuano),330,Area Pensionado,2718,826,883,0,"30,39","56,56",0,400,"7,43","2,1",20
19,Talcahuano,119100,Hospital Las Higueras (Talcahuano),401,Área Médica Adulto Cuidados Básicos,19558,19027,22014,97,"97,28","45,57","3,98",2298,"53,44","9,04",137
19,Talcahuano,119100,Hospital Las Higueras (Talcahuano),402,Área Médica Adulto Cuidados Medios,26021,24713,29396,200,"94,97","54,28","5,18",3417,"71,1","7,62",442
19,Talcahuano,119100,Hospital Las Higueras (Talcahuano),403,Área Médico-Quirúrgico Cuidados Básicos,21028,18041,18665,20,"85,8","82,54","0,42",4546,"57,45","3,94",196
19,Talcahuano,119100,Hospital Las Higueras (Talcahuano),404,Área Médico-Quirúrgico Cuidados Medios,33615,31114,34528,36,"92,56","65,59","0,6",5310,"91,84","5,73",714
19,Talcahuano,119100,Hospital Las Higueras (Talcahuano),405,Área Cuidados Intensivos Adultos,10137,8921,2759,205,88,"75,06","9,86",363,"27,7","1,33",1716
19,Talcahuano,119100,Hospital Las Higueras (Talcahuano),406,Área Cuidados Intermedios Adultos,10383,8784,3660,94,"84,6","75,4","4,39",602,"28,37","1,71",1537
19,Talcahuano,119100,Hospital Las Higueras (Talcahuano),407,Área Médica Pediátrica Cuidados Básicos,6426,4510,5299,0,"70,18","76,49",0,1273,"17,56","3,95",70
19,Talcahuano,119100,Hospital Las Higueras (Talcahuano),409,Área Médico-Quirúrgico Pediátrica Cuidados Básicos,3680,2901,3025,0,"78,83","120,34",0,1180,"10,05","2,5",30
19,Talcahuano,119100,Hospital Las Higueras (Talcahuano),411,Área Cuidados Intensivos Pediátricos,1101,524,111,0,"47,59","37,56",0,27,"3,01","0,98",86
19,Talcahuano,119100,Hospital Las Higueras (Talcahuano),412,Área Cuidados Intermedios Pediátricos,2196,1139,457,0,"51,87","51,17",0,118,6,"1,49",189
19,Talcahuano,119100,Hospital Las Higueras (Talcahuano),413,Área Neonatología Cuidados Básicos,3094,2147,3564,0,"69,39","34,07",0,261,"8,45","12,38",27
19,Talcahuano,119100,Hospital Las Higueras (Talcahuano),414,Área Neonatología Cuidados Intensivos,1465,1140,102,7,"77,82","26,23","6,67",13,4,"0,97",92
19,Talcahuano,119100,Hospital Las Higueras (Talcahuano),415,Área Neonatología Cuidados Intermedios,2198,1694,535,1,"77,07","36,97","0,45",66,"6,01","2,41",156
19,Talcahuano,119100,Hospital Las Higueras (Talcahuano),416,Área Obstetricia,11942,8547,8731,0,"71,57","75,92",0,2445,"32,63","3,52",32
19,Talcahuano,119101,Hospital de Tomé,330,Area Pensionado,0,0,0,0,0,0,0,0,0,0,0
19,Talcahuano,119101,Hospital de Tomé,401,Área Médica Adulto Cuidados Básicos,7242,6771,5843,37,"93,5","41,04","4,56",692,"19,79","7,2",120
19,Talcahuano,119101,Hospital de Tomé,402,Área Médica Adulto Cuidados Medios,8721,8234,8163,53,"94,42","38,57","5,77",761,"23,83","8,88",158
19,Talcahuano,119101,Hospital de Tomé,403,Área Médico-Quirúrgico Cuidados Básicos,5490,4457,4357,21,"81,18","43,47","3,22",602,15,"6,68",50
19,Talcahuano,119101,Hospital de Tomé,404,Área Médico-Quirúrgico Cuidados Medios,6472,6076,5039,29,"93,88","35,29","4,65",573,"17,68","8,08",51
19,Talcahuano,119101,Hospital de Tomé,406,Área Cuidados Intermedios Adultos,2130,1770,1745,11,"83,1","65,12","2,9",178,"5,82","4,6",201
19,Talcahuano,119101,Hospital de Tomé,407,Área Médica Pediátrica Cuidados Básicos,2141,702,707,0,"32,79","42,4",0,248,"5,85","2,85",0
19,Talcahuano,119101,Hospital de Tomé,416,Área Obstetricia,1084,221,223,0,"20,39","52,67",0,156,"2,96","1,43",0
19,Talcahuano,119102,Hospital Penco Lirquén,403,Área Médico-Quirúrgico Cuidados Básicos,4392,4187,4564,18,"95,33","55,17","2,72",600,12,"6,89",62
19,Talcahuano,119102,Hospital Penco Lirquén,404,Área Médico-Quirúrgico Cuidados Medios,10248,9625,11304,55,"93,92","57,79","3,4",1500,28,"6,99",118
19,Talcahuano,119102,Hospital Penco Lirquén,406,Área Cuidados Intermedios Adultos,2320,1942,1210,19,"83,71","64,52","4,65",236,"6,34","2,96",173
19,Talcahuano,119102,Hospital Penco Lirquén,416,Área Obstetricia,732,528,542,0,"72,13",119,0,212,2,"2,28",26
19,Talcahuano,119102,Hospital Penco Lirquén,421,Área Psiquiatría Infanto-adolescente corta estadía,4392,3418,3661,0,"77,82",17,0,204,12,"17,95",0
20,Biobío,120101,Complejo Asistencial Dr. Víctor Ríos Ruiz (Los Ángeles),330,Area Pensionado,0,0,0,0,0,0,0,0,0,0,0
20,Biobío,120101,Complejo Asistencial Dr. Víctor Ríos Ruiz (Los Ángeles),401,Área Médica Adulto Cuidados Básicos,13391,12073,12549,52,"90,16","60,73","2,34",1924,"36,59","5,65",298
20,Biobío,120101,Complejo Asistencial Dr. Víctor Ríos Ruiz (Los Ángeles),402,Área Médica Adulto Cuidados Medios,24384,22921,23515,99,94,"60,23","2,47",3600,"66,62","5,86",413
20,Biobío,120101,Complejo Asistencial Dr. Víctor Ríos Ruiz (Los Ángeles),403,Área Médico-Quirúrgico Cuidados Básicos,19907,19380,19374,20,"97,35","62,18","0,59",2926,"54,39","5,73",456
20,Biobío,120101,Complejo Asistencial Dr. Víctor Ríos Ruiz (Los Ángeles),404,Área Médico-Quirúrgico Cuidados Medios,42907,41007,41087,25,"95,57","55,35","0,39",5684,"117,23","6,33",805
20,Biobío,120101,Complejo Asistencial Dr. Víctor Ríos Ruiz (Los Ángeles),405,Área Cuidados Intensivos Adultos,10490,8569,8545,180,"81,69","45,92","13,68",289,"28,66","6,49",1027
20,Biobío,120101,Complejo Asistencial Dr. Víctor Ríos Ruiz (Los Ángeles),406,Área Cuidados Intermedios Adultos,13740,12126,12135,108,"88,25","80,47","3,57",651,"37,54","4,02",2370
20,Biobío,120101,Complejo Asistencial Dr. Víctor Ríos Ruiz (Los Ángeles),407,Área Médica Pediátrica Cuidados Básicos,3691,2480,2481,0,"67,19","67,92",0,583,"10,08","3,62",102
20,Biobío,120101,Complejo Asistencial Dr. Víctor Ríos Ruiz (Los Ángeles),408,Área Médica Pediátrica Cuidados Medios,7105,4348,4548,1,"61,2","55,99","0,09",911,"19,41","4,18",176
20,Biobío,120101,Complejo Asistencial Dr. Víctor Ríos Ruiz (Los Ángeles),409,Área Médico-Quirúrgico Pediátrica Cuidados Básicos,967,737,774,0,"76,22","107,11",0,237,"2,64","2,73",46
20,Biobío,120101,Complejo Asistencial Dr. Víctor Ríos Ruiz (Los Ángeles),410,Área Médico-Quirúrgico Pediátrica Cuidados Medios,3451,2756,2750,0,"79,86","103,62",0,904,"9,43","2,81",73
20,Biobío,120101,Complejo Asistencial Dr. Víctor Ríos Ruiz (Los Ángeles),411,Área Cuidados Intensivos Pediátricos,3634,1255,1193,4,"34,53","15,61","2,58",33,"9,93","7,7",122
20,Biobío,120101,Complejo Asistencial Dr. Víctor Ríos Ruiz (Los Ángeles),412,Área Cuidados Intermedios Pediátricos,5421,4004,3922,0,"73,86","34,1",0,159,"14,81","7,77",346
20,Biobío,120101,Complejo Asistencial Dr. Víctor Ríos Ruiz (Los Ángeles),413,Área Neonatología Cuidados Básicos,2196,1162,1209,0,"52,91","56,17",0,313,6,"3,59",24
20,Biobío,120101,Complejo Asistencial Dr. Víctor Ríos Ruiz (Los Ángeles),414,Área Neonatología Cuidados Intensivos,2196,1496,1460,10,"68,12","24,67","6,76",25,6,"9,86",123
20,Biobío,120101,Complejo Asistencial Dr. Víctor Ríos Ruiz (Los Ángeles),415,Área Neonatología Cuidados Intermedios,7319,3287,3334,3,"44,91","19,7","0,76",248,20,"8,46",146
20,Biobío,120101,Complejo Asistencial Dr. Víctor Ríos Ruiz (Los Ángeles),416,Área Obstetricia,26867,22873,22746,4,"85,13","75,66","0,07",5484,"73,41","4,1",70
20,Biobío,120101,Complejo Asistencial Dr. Víctor Ríos Ruiz (Los Ángeles),418,Área Psiquiatría Adulto Corta estadía,7367,6764,6875,0,"91,81","17,34",0,343,"20,13","19,7",6
20,Biobío,120101,Complejo Asistencial Dr. Víctor Ríos Ruiz (Los Ángeles),421,Área Psiquiatría Infanto-adolescente corta estadía,4354,4278,4374,0,"98,25","22,02",0,260,"11,9","16,69",2
20,Biobío,120102,Hospital de Mulchén,401,Área Médica Adulto Cuidados Básicos,27450,15712,16356,101,"57,24","21,28","6,33",1596,75,"10,25",0
20,Biobío,120102,Hospital de Mulchén,407,Área Médica Pediátrica Cuidados Básicos,1830,16,23,0,"0,87","1,4",0,7,5,"3,29",0
20,Biobío,120102,Hospital de Mulchén,416,Área Obstetricia,2562,121,123,0,"4,72","3,57",0,25,7,"4,92",0
20,Biobío,120103,Hospital Comunitario y Familiar de Nacimiento,401,Área Médica Adulto Cuidados Básicos,14267,11069,9135,55,"77,58","26,91","5,24",1049,"38,98","8,71",0
20,Biobío,120103,Hospital Comunitario y Familiar de Nacimiento,407,Área Médica Pediátrica Cuidados Básicos,1105,169,192,0,"15,29","13,91",0,42,"3,02","4,57",0
20,Biobío,120103,Hospital Comunitario y Familiar de Nacimiento,416,Área Obstetricia,1460,32,33,0,"2,19","2,01",0,8,"3,99","4,13",0
20,Biobío,120104,Hospital Comunitario de Yumbel,401,Área Médica Adulto Cuidados Básicos,17934,8363,11960,103,"46,63","24,14","8,71",1183,49,"10,11",0
20,Biobío,120104,Hospital Comunitario de Yumbel,407,Área Médica Pediátrica Cuidados Básicos,732,28,29,0,"3,83",3,0,6,2,"4,83",0
20,Biobío,120104,Hospital Comunitario de Yumbel,416,Área Obstetricia,732,11,11,0,"1,5","2,5",0,5,2,"2,2",0
20,Biobío,120105,Hospital Comunitario de Laja,401,Área Médica Adulto Cuidados Básicos,8170,7142,7156,47,"87,42","36,87","5,71",823,"22,32","8,7",0
20,Biobío,120105,Hospital Comunitario de Laja,407,Área Médica Pediátrica Cuidados Básicos,725,121,122,1,"16,69","9,59","5,26",19,"1,98","6,42",0
20,Biobío,120105,Hospital Comunitario de Laja,416,Área Obstetricia,1353,196,65,0,"14,49","1,35",0,5,"3,7",13,0
20,Biobío,120106,Hospital Comunitario de Santa Bárbara,401,Área Médica Adulto Cuidados Básicos,8770,5552,4120,26,"63,31","22,83","4,75",547,"23,96","7,53",0
20,Biobío,120106,Hospital Comunitario de Santa Bárbara,407,Área Médica Pediátrica Cuidados Básicos,1403,144,234,0,"10,26","6,26",0,24,"3,83","9,75",0
20,Biobío,120106,Hospital Comunitario de Santa Bárbara,416,Área Obstetricia,1008,50,52,0,"4,96","5,81",0,16,"2,75","3,25",0
20,Biobío,120107,Hospital Comunitario Dr. Roberto Muñoz Urrutia de Huépil,401,Área Médica Adulto Cuidados Básicos,5388,4699,4624,63,"87,21","41,1","10,41",605,"14,72","7,64",0
20,Biobío,120107,Hospital Comunitario Dr. Roberto Muñoz Urrutia de Huépil,407,Área Médica Pediátrica Cuidados Básicos,667,6,6,0,"0,9","1,65",0,3,"1,82",2,0
20,Biobío,120107,Hospital Comunitario Dr. Roberto Muñoz Urrutia de Huépil,416,Área Obstetricia,312,0,0,0,0,0,0,0,"0,85",0,0
21,Araucanía Sur,121109,Hospital Dr. Hernán Henríquez Aravena (Temuco),401,Área Médica Adulto Cuidados Básicos,364,59,59,0,"16,21","20,11",0,20,"0,99","2,95",0
21,Araucanía Sur,121109,Hospital Dr. Hernán Henríquez Aravena (Temuco),402,Área Médica Adulto Cuidados Medios,44109,38685,38413,145,"87,7",47,"2,56",5225,"120,52","6,78",439
21,Araucanía Sur,121109,Hospital Dr. Hernán Henríquez Aravena (Temuco),403,Área Médico-Quirúrgico Cuidados Básicos,378,0,0,0,0,0,0,0,"1,03",0,0
21,Araucanía Sur,121109,Hospital Dr. Hernán Henríquez Aravena (Temuco),404,Área Médico-Quirúrgico Cuidados Medios,69738,64735,64425,52,"92,83","46,04","0,59",7584,"190,54","7,34",1189
21,Araucanía Sur,121109,Hospital Dr. Hernán Henríquez Aravena (Temuco),405,Área Cuidados Intensivos Adultos,14604,13480,13506,257,"92,3","44,31","14,54",444,"39,9","7,64",1324
21,Araucanía Sur,121109,Hospital Dr. Hernán Henríquez Aravena (Temuco),406,Área Cuidados Intermedios Adultos,15338,14359,14269,73,"93,62","71,92","2,42",557,"41,91","4,73",2457
21,Araucanía Sur,121109,Hospital Dr. Hernán Henríquez Aravena (Temuco),408,Área Médica Pediátrica Cuidados Medios,20655,12222,11938,1,"59,17","45,5","0,04",2322,"56,43","4,65",246
21,Araucanía Sur,121109,Hospital Dr. Hernán Henríquez Aravena (Temuco),410,Área Médico-Quirúrgico Pediátrica Cuidados Medios,16590,8277,8276,0,"49,89","51,36",0,2221,"45,33","3,55",107
21,Araucanía Sur,121109,Hospital Dr. Hernán Henríquez Aravena (Temuco),411,Área Cuidados Intensivos Pediátricos,2588,1748,1881,15,"67,54","28,57","7,43",25,"7,07","9,31",177
21,Araucanía Sur,121109,Hospital Dr. Hernán Henríquez Aravena (Temuco),412,Área Cuidados Intermedios Pediátricos,4757,3521,3517,8,"74,02","53,63","1,15",217,13,"5,05",480
21,Araucanía Sur,121109,Hospital Dr. Hernán Henríquez Aravena (Temuco),414,Área Neonatología Cuidados Intensivos,4743,3615,3821,14,"76,22","27,86","3,88",40,"12,96","10,58",321
21,Araucanía Sur,121109,Hospital Dr. Hernán Henríquez Aravena (Temuco),415,Área Neonatología Cuidados Intermedios,11681,9184,9554,1,"78,62","20,65","0,15",573,"31,92","14,5",86
21,Araucanía Sur,121109,Hospital Dr. Hernán Henríquez Aravena (Temuco),416,Área Obstetricia,26639,18078,18231,0,"67,86","76,95",0,5565,"72,78","3,25",36
21,Araucanía Sur,121109,Hospital Dr. Hernán Henríquez Aravena (Temuco),418,Área Psiquiatría Adulto Corta estadía,11970,11900,19013,1,"99,42","11,59","0,26",369,"32,7","50,17",10
21,Araucanía Sur,121109,Hospital Dr. Hernán Henríquez Aravena (Temuco),421,Área Psiquiatría Infanto-adolescente corta estadía,2524,2492,2576,0,"98,73","12,47",0,86,"6,9","29,95",0
21,Araucanía Sur,121109,Hospital Dr. Hernán Henríquez Aravena (Temuco),423,Área Psiquiatría Forense Adulto evaluación e inicio tto.,2731,1412,688,0,"51,7","1,31",0,13,"9,93","52,92",0
21,Araucanía Sur,121110,Hospital Dr. Abraham Godoy Peña (Lautaro),403,Área Médico-Quirúrgico Cuidados Básicos,7147,6330,5719,7,"88,57","22,28","1,61",364,"19,53","13,15",71
21,Araucanía Sur,121110,Hospital Dr. Abraham Godoy Peña (Lautaro),404,Área Médico-Quirúrgico Cuidados Medios,10947,10290,9865,32,94,55,"1,95",1355,"29,91",6,290
21,Araucanía Sur,121110,Hospital Dr. Abraham Godoy Peña (Lautaro),405,Área Cuidados Intensivos Adultos,1087,551,542,20,"50,69","24,92","27,03",33,"2,97","7,32",41
21,Araucanía Sur,121110,Hospital Dr. Abraham Godoy Peña (Lautaro),406,Área Cuidados Intermedios Adultos,3236,2874,2838,23,"88,81","63,34","4,11",294,"8,84","5,07",266
21,Araucanía Sur,121110,Hospital Dr. Abraham Godoy Peña (Lautaro),409,Área Médico-Quirúrgico Pediátrica Cuidados Básicos,1001,689,689,0,"68,83","60,7",0,165,"2,73","4,15",1
21,Araucanía Sur,121110,Hospital Dr. Abraham Godoy Peña (Lautaro),416,Área Obstetricia,2029,1418,1413,0,"69,89","86,22",0,478,"5,54","2,96",0
21,Araucanía Sur,121110,Hospital Dr. Abraham Godoy Peña (Lautaro),427,Área Sociosanitaria Adulto,1276,884,893,0,"69,28","10,9",0,35,"3,49","23,5",3
21,Araucanía Sur,121111,Hospital de Galvarino,401,Área Médica Adulto Cuidados Básicos,5414,3984,4062,33,"73,59","41,31","5,4",608,"14,79","6,65",3
21,Araucanía Sur,121111,Hospital de Galvarino,407,Área Médica Pediátrica Cuidados Básicos,727,171,172,0,"23,52","18,12",0,36,"1,99","4,78",0
21,Araucanía Sur,121111,Hospital de Galvarino,416,Área Obstetricia,698,89,89,1,"12,75","10,49",5,20,"1,91","4,45",0
21,Araucanía Sur,121111,Hospital de Galvarino,427,Área Sociosanitaria Adulto,2247,2233,3419,0,"99,38","1,79",0,11,"6,14","310,82",0
21,Araucanía Sur,121112,Hospital de Vilcún,401,Área Médica Adulto Cuidados Básicos,5905,4606,4472,33,78,"35,76","5,72",577,"16,13","7,75",0
21,Araucanía Sur,121112,Hospital de Vilcún,407,Área Médica Pediátrica Cuidados Básicos,240,169,175,0,"70,42","53,38",0,35,"0,66",5,0
21,Araucanía Sur,121112,Hospital de Vilcún,416,Área Obstetricia,217,19,19,0,"8,76","5,06",0,3,"0,59","6,33",0
21,Araucanía Sur,121112,Hospital de Vilcún,427,Área Sociosanitaria Adulto,2781,2781,2542,4,100,"0,53",100,4,"7,6","635,5",0
21,Araucanía Sur,121113,Hospital Dr. Eduardo González Galeno (Cunco),401,Área Médica Adulto Cuidados Básicos,4125,3696,3499,52,"89,6","54,66","8,44",613,"11,27","5,68",3
21,Araucanía Sur,121113,Hospital Dr. Eduardo González Galeno (Cunco),407,Área Médica Pediátrica Cuidados Básicos,576,119,122,0,"20,66","28,59",0,45,"1,57","2,71",0
21,Araucanía Sur,121113,Hospital Dr. Eduardo González Galeno (Cunco),416,Área Obstetricia,1002,212,213,0,"21,16","34,34",0,94,"2,74","2,27",0
21,Araucanía Sur,121113,Hospital Dr. Eduardo González Galeno (Cunco),427,Área Sociosanitaria Adulto,2044,2036,717,1,"99,61","1,07","16,67",6,"5,58","119,5",0
21,Araucanía Sur,121114,Hospital Intercultural de Nueva Imperial,402,Área Médica Adulto Cuidados Medios,18214,17047,15856,56,"93,59","27,95","4,03",1278,"49,77","11,4",113
21,Araucanía Sur,121114,Hospital Intercultural de Nueva Imperial,403,Área Médico-Quirúrgico Cuidados Básicos,9753,7869,7530,10,"80,68","29,35","1,28",726,"26,65","9,63",56
21,Araucanía Sur,121114,Hospital Intercultural de Nueva Imperial,404,Área Médico-Quirúrgico Cuidados Medios,10595,7724,7795,2,"72,9","41,21","0,17",1110,"28,95","6,53",83
21,Araucanía Sur,121114,Hospital Intercultural de Nueva Imperial,405,Área Cuidados Intensivos Adultos,1803,1103,1014,20,"61,18","21,11","19,23",30,"4,93","9,75",74
21,Araucanía Sur,121114,Hospital Intercultural de Nueva Imperial,406,Área Cuidados Intermedios Adultos,4171,3675,3662,18,"88,11","45,72","3,45",229,"11,4","7,03",292
21,Araucanía Sur,121114,Hospital Intercultural de Nueva Imperial,409,Área Médico-Quirúrgico Pediátrica Cuidados Básicos,4439,1346,1222,0,"30,32","13,44",0,160,"12,13","7,5",3
21,Araucanía Sur,121114,Hospital Intercultural de Nueva Imperial,416,Área Obstetricia,3574,1383,1386,0,"38,7","56,43",0,550,"9,77","2,52",1
21,Araucanía Sur,121114,Hospital Intercultural de Nueva Imperial,421,Área Psiquiatría Infanto-adolescente corta estadía,2361,1907,1555,0,"80,77","7,91",0,50,"6,45","30,49",1
21,Araucanía Sur,121115,Hospital de Carahue,401,Área Médica Adulto Cuidados Básicos,5259,4204,4171,35,"79,94","35,35","6,89",504,"14,37","8,21",4
21,Araucanía Sur,121115,Hospital de Carahue,407,Área Médica Pediátrica Cuidados Básicos,636,299,286,0,"47,01","31,65",0,55,"1,74","5,2",0
21,Araucanía Sur,121115,Hospital de Carahue,416,Área Obstetricia,1003,186,190,0,"18,54","19,7",0,54,"2,74","3,52",0
21,Araucanía Sur,121115,Hospital de Carahue,427,Área Sociosanitaria Adulto,3932,3932,1878,3,100,"0,93",30,9,"10,74","187,8",1
21,Araucanía Sur,121116,Hospital Dr. Arturo Hillerns Larrañaga (Saavedra),401,Área Médica Adulto Cuidados Básicos,4297,2364,2153,37,"55,02","36,11","8,73",423,"11,74","5,08",1
21,Araucanía Sur,121116,Hospital Dr. Arturo Hillerns Larrañaga (Saavedra),407,Área Médica Pediátrica Cuidados Básicos,1121,16,18,0,"1,43","1,96",0,6,"3,06",3,0
21,Araucanía Sur,121116,Hospital Dr. Arturo Hillerns Larrañaga (Saavedra),416,Área Obstetricia,148,11,11,0,"7,43","12,36",0,5,"0,4","2,2",0
21,Araucanía Sur,121116,Hospital Dr. Arturo Hillerns Larrañaga (Saavedra),427,Área Sociosanitaria Adulto,3134,3134,1474,2,100,"0,23",100,2,"8,56",737,0
21,Araucanía Sur,121117,Hospital de Pitrufquén,403,Área Médico-Quirúrgico Cuidados Básicos,7577,6777,6492,23,"89,44","57,14","1,94",1068,"20,7","5,49",115
21,Araucanía Sur,121117,Hospital de Pitrufquén,404,Área Médico-Quirúrgico Cuidados Medios,8929,7977,7718,56,"89,34","54,27","4,23",1082,"24,4","5,83",242
21,Araucanía Sur,121117,Hospital de Pitrufquén,405,Área Cuidados Intensivos Adultos,1055,778,721,26,"73,74","42,32","21,31",46,"2,88","5,91",76
21,Araucanía Sur,121117,Hospital de Pitrufquén,406,Área Cuidados Intermedios Adultos,1972,1639,1548,15,"83,11","62,18","4,48",73,"5,39","4,62",262
21,Araucanía Sur,121117,Hospital de Pitrufquén,409,Área Médico-Quirúrgico Pediátrica Cuidados Básicos,583,245,216,0,"42,02","26,37",0,42,"1,59","5,14",0
21,Araucanía Sur,121117,Hospital de Pitrufquén,416,Área Obstetricia,1602,1124,1091,0,"70,16","97,1",0,424,"4,38","2,57",1
21,Araucanía Sur,121117,Hospital de Pitrufquén,418,Área Psiquiatría Adulto Corta estadía,1915,1546,924,0,"80,73","5,61",0,46,"10,52","15,66",13
21,Araucanía Sur,121117,Hospital de Pitrufquén,428,Área de Hospitalización de Cuidados Intensivos en Psiquiatría Adulto,3920,3778,3583,0,"96,38","7,81",0,123,16,"28,66",2
21,Araucanía Sur,121118,Hospital de Toltén,401,Área Médica Adulto Cuidados Básicos,4412,3698,3729,27,"83,82","52,59","4,26",622,"12,05","5,88",12
21,Araucanía Sur,121118,Hospital de Toltén,407,Área Médica Pediátrica Cuidados Básicos,692,179,179,0,"25,87","25,39",0,48,"1,89","3,73",0
21,Araucanía Sur,121118,Hospital de Toltén,416,Área Obstetricia,619,27,27,0,"4,36","5,32",0,9,"1,69",3,0
21,Araucanía Sur,121118,Hospital de Toltén,427,Área Sociosanitaria Adulto,3001,3001,534,3,100,"1,71","21,43",14,"8,2","38,14",0
21,Araucanía Sur,121119,Hospital de Gorbea,401,Área Médica Adulto Cuidados Básicos,5884,4547,4492,27,"77,28","29,55","5,68",463,"16,08","9,46",12
21,Araucanía Sur,121119,Hospital de Gorbea,407,Área Médica Pediátrica Cuidados Básicos,658,135,135,0,"20,52","9,46",0,17,"1,8","7,94",0
21,Araucanía Sur,121119,Hospital de Gorbea,416,Área Obstetricia,61,7,7,0,"11,48","4,49",0,1,"0,22",7,0
21,Araucanía Sur,121119,Hospital de Gorbea,427,Área Sociosanitaria Adulto,2548,2504,3033,7,"98,27","4,17","24,14",29,"6,96","104,59",0
21,Araucanía Sur,121120,Hospital Familiar y Comunitario de Loncoche,401,Área Médica Adulto Cuidados Básicos,8884,6668,6315,62,"75,06","38,68","6,6",928,"24,27","6,73",11
21,Araucanía Sur,121120,Hospital Familiar y Comunitario de Loncoche,407,Área Médica Pediátrica Cuidados Básicos,2591,314,300,0,"12,12","7,06",0,50,"7,08",6,0
21,Araucanía Sur,121120,Hospital Familiar y Comunitario de Loncoche,416,Área Obstetricia,1177,102,102,0,"8,67","10,26",0,33,"3,22","3,09",0
21,Araucanía Sur,121120,Hospital Familiar y Comunitario de Loncoche,427,Área Sociosanitaria Adulto,1758,1481,1937,9,"84,24","7,29","25,71",35,"4,8","55,34",0
21,Araucanía Sur,121121,Hospital de Villarrica,403,Área Médico-Quirúrgico Cuidados Básicos,3546,2555,2361,9,"72,05","42,83","2,17",402,"9,69","5,69",13
21,Araucanía Sur,121121,Hospital de Villarrica,404,Área Médico-Quirúrgico Cuidados Medios,14143,13803,13305,55,"97,6","57,71","2,47",2159,"38,64","5,97",71
21,Araucanía Sur,121121,Hospital de Villarrica,405,Área Cuidados Intensivos Adultos,524,446,416,14,"85,11","23,85","27,45",21,"2,14","8,16",30
21,Araucanía Sur,121121,Hospital de Villarrica,406,Área Cuidados Intermedios Adultos,1595,1367,1242,15,"85,71","48,45","5,34",40,"5,8","4,42",241
21,Araucanía Sur,121121,Hospital de Villarrica,408,Área Médica Pediátrica Cuidados Medios,1222,1158,1107,0,"94,76","48,12",0,240,"4,99","4,61",0
21,Araucanía Sur,121121,Hospital de Villarrica,409,Área Médico-Quirúrgico Pediátrica Cuidados Básicos,1175,541,525,0,"46,04","21,93",0,116,"5,52","4,34",5
21,Araucanía Sur,121121,Hospital de Villarrica,416,Área Obstetricia,5718,3936,3932,0,"68,84","95,69",0,1491,"15,62","2,63",4
21,Araucanía Sur,121200,Hospital San Francisco de Pucón (D),401,Área Médica Adulto Cuidados Básicos,1622,933,712,1,"57,52","0,45",50,2,"4,43",356,0
21,Araucanía Sur,121200,Hospital San Francisco de Pucón (D),403,Área Médico-Quirúrgico Cuidados Básicos,12628,10759,9511,37,"85,2","68,86","1,56",2240,"34,5",4,136
21,Araucanía Sur,121200,Hospital San Francisco de Pucón (D),404,Área Médico-Quirúrgico Cuidados Medios,9819,7972,8502,46,"81,19","19,42","8,83",459,"26,83","16,32",62
21,Araucanía Sur,121200,Hospital San Francisco de Pucón (D),407,Área Médica Pediátrica Cuidados Básicos,1858,898,910,0,"48,33","44,91",0,205,"5,08","3,99",23
21,Araucanía Sur,121200,Hospital San Francisco de Pucón (D),416,Área Obstetricia,1519,693,735,2,"45,62","84,81","0,57",350,"4,15","2,09",2
21,Araucanía Sur,121201,Hospital Makewe,401,Área Médica Adulto Cuidados Básicos,6584,4530,3886,25,"68,8","17,68","7,86",316,"17,99","12,22",2
21,Araucanía Sur,121201,Hospital Makewe,407,Área Médica Pediátrica Cuidados Básicos,676,0,0,0,0,0,0,0,"1,85",0,0
21,Araucanía Sur,121201,Hospital Makewe,416,Área Obstetricia,711,0,0,0,0,0,0,0,"1,94",0,0
21,Araucanía Sur,121201,Hospital Makewe,427,Área Sociosanitaria Adulto,752,666,464,2,"88,56","2,43",40,5,"2,05","92,8",0
22,Los Ríos,122100,Hospital Base Valdivia,401,Área Médica Adulto Cuidados Básicos,11521,10467,9225,21,"90,85","36,69","1,82",1042,"31,48","7,99",113
22,Los Ríos,122100,Hospital Base Valdivia,402,Área Médica Adulto Cuidados Medios,24683,26197,25595,58,"106,13","36,55","2,35",2056,"67,44","10,38",409
22,Los Ríos,122100,Hospital Base Valdivia,403,Área Médico-Quirúrgico Cuidados Básicos,8978,7446,6418,2,"82,94","71,63","0,11",1602,"24,53","3,65",155
22,Los Ríos,122100,Hospital Base Valdivia,404,Área Médico-Quirúrgico Cuidados Medios,58655,57667,56198,121,"98,32","53,83","1,4",7946,"160,26","6,51",680
22,Los Ríos,122100,Hospital Base Valdivia,405,Área Cuidados Intensivos Adultos,6723,6168,2167,154,"91,74","36,15","23,19",238,"18,37","3,26",426
22,Los Ríos,122100,Hospital Base Valdivia,406,Área Cuidados Intermedios Adultos,13781,15010,7680,71,"108,92","58,77","3,21",710,"37,65","3,47",1503
22,Los Ríos,122100,Hospital Base Valdivia,408,Área Médica Pediátrica Cuidados Medios,12704,9117,9141,2,"71,76","41,31","0,14",1320,"34,71","6,37",114
22,Los Ríos,122100,Hospital Base Valdivia,409,Área Médico-Quirúrgico Pediátrica Cuidados Básicos,7142,5297,4918,0,"74,17","66,42",0,1209,"19,51","3,79",87
22,Los Ríos,122100,Hospital Base Valdivia,410,Área Médico-Quirúrgico Pediátrica Cuidados Medios,1464,968,779,0,"66,12",64,0,242,4,"3,04",14
22,Los Ríos,122100,Hospital Base Valdivia,411,Área Cuidados Intensivos Pediátricos,1464,832,241,6,"56,83","36,75","4,08",26,4,"1,64",121
22,Los Ríos,122100,Hospital Base Valdivia,412,Área Cuidados Intermedios Pediátricos,1825,1082,253,1,"59,29","44,72","0,45",56,"4,99","1,13",167
22,Los Ríos,122100,Hospital Base Valdivia,413,Área Neonatología Cuidados Básicos,2913,1381,3020,0,"47,41","32,54",0,227,"7,96","11,66",32
22,Los Ríos,122100,Hospital Base Valdivia,414,Área Neonatología Cuidados Intensivos,2614,1732,287,7,"66,26","33,32","2,94",30,"7,14","1,21",208
22,Los Ríos,122100,Hospital Base Valdivia,415,Área Neonatología Cuidados Intermedios,5235,3525,1851,2,"67,34","30,48","0,46",221,"14,3","4,25",215
22,Los Ríos,122100,Hospital Base Valdivia,416,Área Obstetricia,11296,11334,8430,0,"100,34","90,46",0,2501,"30,86","3,02",291
22,Los Ríos,122100,Hospital Base Valdivia,418,Área Psiquiatría Adulto Corta estadía,6707,6679,5929,0,"99,58","11,35",0,202,"18,33","28,5",6
22,Los Ríos,122101,Hospital de Corral,401,Área Médica Adulto Cuidados Básicos,2242,1429,854,5,"63,74","34,77","2,35",213,"6,13","4,01",0
22,Los Ríos,122101,Hospital de Corral,407,Área Médica Pediátrica Cuidados Básicos,367,29,18,0,"7,9","11,97",0,12,1,"1,5",0
22,Los Ríos,122102,Hospital de Los Lagos,401,Área Médica Adulto Cuidados Básicos,6730,4760,4267,35,"70,73","31,38","6,07",577,"18,39","7,4",0
22,Los Ríos,122102,Hospital de Los Lagos,407,Área Médica Pediátrica Cuidados Básicos,1800,321,245,0,"17,83","17,08",0,84,"4,92","2,92",0
22,Los Ríos,122102,Hospital de Los Lagos,416,Área Obstetricia,1911,209,148,0,"10,94","14,56",0,76,"5,22","1,95",0
22,Los Ríos,122102,Hospital de Los Lagos,427,Área Sociosanitaria Adulto,1464,1420,835,0,"96,99","0,75",0,3,4,"278,33",0
22,Los Ríos,122103,Hospital de Lanco,401,Área Médica Adulto Cuidados Básicos,5124,3782,3020,20,"73,81","46,43","3,08",650,14,"4,65",0
22,Los Ríos,122103,Hospital de Lanco,407,Área Médica Pediátrica Cuidados Básicos,730,177,133,0,"24,25","25,07",0,50,"1,99","2,66",0
22,Los Ríos,122103,Hospital de Lanco,416,Área Obstetricia,492,0,0,0,0,0,0,0,"1,61",0,0
22,Los Ríos,122103,Hospital de Lanco,427,Área Sociosanitaria Adulto,732,698,264,2,"95,36","5,5","18,18",11,2,24,0
22,Los Ríos,122104,Hospital Juan Morey (La Unión),401,Área Médica Adulto Cuidados Básicos,10301,9376,8285,51,"91,02","38,2","4,74",957,"28,14","7,71",118
22,Los Ríos,122104,Hospital Juan Morey (La Unión),403,Área Médico-Quirúrgico Cuidados Básicos,6950,6691,5936,10,"96,27","44,87","1,17",824,"18,99","6,97",28
22,Los Ríos,122104,Hospital Juan Morey (La Unión),404,Área Médico-Quirúrgico Cuidados Medios,8458,7005,5377,27,"82,82","42,23","2,77",870,"23,11","5,51",106
22,Los Ríos,122104,Hospital Juan Morey (La Unión),407,Área Médica Pediátrica Cuidados Básicos,1803,903,672,0,"50,08","45,06",0,222,"4,93","3,03",0
22,Los Ríos,122104,Hospital Juan Morey (La Unión),413,Área Neonatología Cuidados Básicos,1462,180,118,0,"12,31","15,77",0,63,"3,99","1,87",0
22,Los Ríos,122104,Hospital Juan Morey (La Unión),416,Área Obstetricia,4227,974,681,0,"23,04","24,42",0,280,"11,55","2,41",2
22,Los Ríos,122105,Hospital de Río Bueno,401,Área Médica Adulto Cuidados Básicos,9150,8936,6846,52,"97,66","46,28","4,49",1157,25,"5,92",0
22,Los Ríos,122105,Hospital de Río Bueno,403,Área Médico-Quirúrgico Cuidados Básicos,6498,5812,4485,39,"89,44","44,38","4,95",788,"17,75","5,69",0
22,Los Ríos,122105,Hospital de Río Bueno,407,Área Médica Pediátrica Cuidados Básicos,3503,1266,699,0,"36,14","19,12",0,183,"9,57","3,82",0
22,Los Ríos,122105,Hospital de Río Bueno,416,Área Obstetricia,1464,452,243,0,"30,87","20,75",0,83,4,"2,93",0
22,Los Ríos,122106,Hospital de Paillaco,401,Área Médica Adulto Cuidados Básicos,9494,8167,6707,67,"86,02","35,24","7,33",911,"25,94","7,34",3
22,Los Ríos,122106,Hospital de Paillaco,407,Área Médica Pediátrica Cuidados Básicos,1100,416,190,0,"37,82","20,96",0,63,"3,01","3,02",0
22,Los Ríos,122106,Hospital de Paillaco,416,Área Obstetricia,2309,456,310,0,"19,75","22,03",0,139,"6,31","2,23",0
22,Los Ríos,122106,Hospital de Paillaco,427,Área Sociosanitaria Adulto,517,366,0,0,"70,79",0,0,0,"1,41",0,0
22,Los Ríos,122200,Hospital Santa Elisa de San José de la Mariquina,401,Área Médica Adulto Cuidados Básicos,12680,7463,6462,59,"58,86","28,81","5,91",991,"34,64","6,47",7
22,Los Ríos,122200,Hospital Santa Elisa de San José de la Mariquina,407,Área Médica Pediátrica Cuidados Básicos,1357,329,275,0,"24,24","19,96",0,74,"3,71","3,72",0
22,Los Ríos,122200,Hospital Santa Elisa de San José de la Mariquina,416,Área Obstetricia,1472,241,168,0,"16,37","20,39",0,82,"4,02","2,05",0
22,Los Ríos,122200,Hospital Santa Elisa de San José de la Mariquina,427,Área Sociosanitaria Adulto,2742,3549,2749,2,"129,43","3,74","7,14",28,"7,49","98,18",0
22,Los Ríos,122201,Hospital Padre Bernabé de Lucerna (Panguipulli) (D),401,Área Médica Adulto Cuidados Básicos,11712,9859,7675,71,"84,18","47,59","4,66",1523,32,"5,04",0
22,Los Ríos,122201,Hospital Padre Bernabé de Lucerna (Panguipulli) (D),403,Área Médico-Quirúrgico Cuidados Básicos,5124,4162,2345,10,"81,23","27,93","2,56",391,14,6,0
22,Los Ríos,122201,Hospital Padre Bernabé de Lucerna (Panguipulli) (D),407,Área Médica Pediátrica Cuidados Básicos,1464,848,520,0,"57,92","50,75",0,203,4,"2,56",0
22,Los Ríos,122201,Hospital Padre Bernabé de Lucerna (Panguipulli) (D),416,Área Obstetricia,5490,1170,638,0,"21,31","22,07",0,331,15,"1,93",0
23,Osorno,123100,Hospital Base San José de Osorno,401,Área Médica Adulto Cuidados Básicos,3956,3268,4003,8,"82,61","63,93","1,16",555,"10,81","5,79",136
23,Osorno,123100,Hospital Base San José de Osorno,402,Área Médica Adulto Cuidados Medios,30609,27081,28514,192,"88,47","51,54","4,45",3878,"83,63","6,62",432
23,Osorno,123100,Hospital Base San José de Osorno,403,Área Médico-Quirúrgico Cuidados Básicos,29261,25186,27283,26,"86,07","62,55","0,52",4363,"79,95","5,46",638
23,Osorno,123100,Hospital Base San José de Osorno,404,Área Médico-Quirúrgico Cuidados Medios,12605,10903,10911,14,"86,5","59,32","0,69",1537,"34,44","5,34",506
23,Osorno,123100,Hospital Base San José de Osorno,405,Área Cuidados Intensivos Adultos,5847,3610,1264,116,"61,74","34,87","20,83",180,"15,98","2,27",377
23,Osorno,123100,Hospital Base San José de Osorno,406,Área Cuidados Intermedios Adultos,9544,6782,4808,61,"71,06","70,37","3,32",683,"26,08","2,62",1152
23,Osorno,123100,Hospital Base San José de Osorno,407,Área Médica Pediátrica Cuidados Básicos,7729,4795,5385,0,"62,04","78,61",0,1549,"21,12","3,24",111
23,Osorno,123100,Hospital Base San José de Osorno,408,Área Médica Pediátrica Cuidados Medios,4358,2507,2342,0,"57,53","70,55",0,647,"11,91","2,79",193
23,Osorno,123100,Hospital Base San José de Osorno,409,Área Médico-Quirúrgico Pediátrica Cuidados Básicos,0,0,0,0,0,0,0,0,0,0,0
23,Osorno,123100,Hospital Base San José de Osorno,411,Área Cuidados Intensivos Pediátricos,1208,485,167,5,"40,15","40,9","3,7",39,"3,3","1,24",96
23,Osorno,123100,Hospital Base San José de Osorno,412,Área Cuidados Intermedios Pediátricos,1720,885,740,0,"51,45","63,41",0,133,"4,7","2,48",165
23,Osorno,123100,Hospital Base San José de Osorno,413,Área Neonatología Cuidados Básicos,2811,1536,2985,0,"54,64","41,01",0,298,"7,68","9,48",17
23,Osorno,123100,Hospital Base San José de Osorno,414,Área Neonatología Cuidados Intensivos,1792,937,211,5,"52,29","31,86","3,21",25,"4,9","1,35",131
23,Osorno,123100,Hospital Base San José de Osorno,415,Área Neonatología Cuidados Intermedios,2130,1092,390,0,"51,27","43,82",0,85,"5,82","1,53",170
23,Osorno,123100,Hospital Base San José de Osorno,416,Área Obstetricia,12285,8639,8634,1,"70,32","90,81","0,03",3012,"33,57","2,83",36
23,Osorno,123100,Hospital Base San José de Osorno,418,Área Psiquiatría Adulto Corta estadía,7689,7289,7291,0,"94,8","9,85",0,203,"21,01","35,22",4
23,Osorno,123101,Hospital de Purranque Dr. Juan Hepp Dubiau,401,Área Médica Adulto Cuidados Básicos,5548,3996,3353,23,"72,03","24,47","6,2",371,"15,16","9,04",0
23,Osorno,123101,Hospital de Purranque Dr. Juan Hepp Dubiau,402,Área Médica Adulto Cuidados Medios,1907,1555,1584,9,"81,54","24,18","7,14",126,"5,21","12,57",0
23,Osorno,123101,Hospital de Purranque Dr. Juan Hepp Dubiau,403,Área Médico-Quirúrgico Cuidados Básicos,1452,630,598,0,"43,39","90,24",0,358,"3,97","1,67",0
23,Osorno,123101,Hospital de Purranque Dr. Juan Hepp Dubiau,404,Área Médico-Quirúrgico Cuidados Medios,1849,1276,1230,19,"69,01","34,64","10,86",175,"5,05","7,03",0
23,Osorno,123101,Hospital de Purranque Dr. Juan Hepp Dubiau,407,Área Médica Pediátrica Cuidados Básicos,1417,487,497,1,"34,37","111,58","0,23",432,"3,87","1,15",0
23,Osorno,123101,Hospital de Purranque Dr. Juan Hepp Dubiau,409,Área Médico-Quirúrgico Pediátrica Cuidados Básicos,1042,507,495,4,"48,66","63,58","2,21",181,"2,85","2,73",0
23,Osorno,123101,Hospital de Purranque Dr. Juan Hepp Dubiau,416,Área Obstetricia,705,253,248,0,"35,89","70,6",0,136,"1,93","1,82",0
23,Osorno,123102,Hospital de Río Negro,401,Área Médica Adulto Cuidados Básicos,8129,7162,10417,32,"88,1","17,74","8,12",394,"22,21","26,44",0
23,Osorno,123102,Hospital de Río Negro,407,Área Médica Pediátrica Cuidados Básicos,1056,5,8,0,"0,47","0,35",0,1,"2,89",8,0
23,Osorno,123103,Hospital de Puerto Octay,401,Área Médica Adulto Cuidados Básicos,4026,3168,2681,11,"78,69","14,18","7,05",156,11,"17,19",0
23,Osorno,123104,Hospital Futa Sruka Lawenche Kunko Mapu Mo,401,Área Médica Adulto Cuidados Básicos,4348,3900,3868,8,"89,7","9,26","7,27",110,"11,88","35,16",0
23,Osorno,123105,Hospital Pu Mulen Quilacahuín,401,Área Médica Adulto Cuidados Básicos,3312,2225,3914,5,"67,18","9,5","5,81",86,"9,05","45,51",0
24,Del Reloncaví,124105,Hospital de Puerto Montt,401,Área Médica Adulto Cuidados Básicos,3660,3380,3100,5,"92,35","62,6","0,8",502,10,"4,95",124
24,Del Reloncaví,124105,Hospital de Puerto Montt,402,Área Médica Adulto Cuidados Medios,51671,49978,46869,244,"96,72","51,12","3,38",6225,"141,18","6,49",992
24,Del Reloncaví,124105,Hospital de Puerto Montt,403,Área Médico-Quirúrgico Cuidados Básicos,13176,11696,11389,7,"88,77","77,78","0,25",2391,36,"4,07",409
24,Del Reloncaví,124105,Hospital de Puerto Montt,404,Área Médico-Quirúrgico Cuidados Medios,49182,47629,45318,60,"96,84","50,69","0,88",5855,"134,38","6,65",956
24,Del Reloncaví,124105,Hospital de Puerto Montt,405,Área Cuidados Intensivos Adultos,10622,9786,9452,215,"92,13","50,51","14,67",375,"29,02","6,45",1091
24,Del Reloncaví,124105,Hospital de Puerto Montt,406,Área Cuidados Intermedios Adultos,23066,22039,21931,139,"95,55","62,44","3,53",798,"63,02","5,57",3137
24,Del Reloncaví,124105,Hospital de Puerto Montt,410,Área Médico-Quirúrgico Pediátrica Cuidados Medios,20270,14940,14165,3,"73,7","56,53","0,1",2959,"55,38","4,52",172
24,Del Reloncaví,124105,Hospital de Puerto Montt,411,Área Cuidados Intensivos Pediátricos,2196,1394,1348,4,"63,48","39,67","1,68",47,6,"5,66",191
24,Del Reloncaví,124105,Hospital de Puerto Montt,412,Área Cuidados Intermedios Pediátricos,2196,1119,1249,5,"50,96","46,33","1,8",53,6,"4,49",225
24,Del Reloncaví,124105,Hospital de Puerto Montt,413,Área Neonatología Cuidados Básicos,2928,1936,1979,0,"66,12","54,13",0,386,8,"4,57",47
24,Del Reloncaví,124105,Hospital de Puerto Montt,414,Área Neonatología Cuidados Intensivos,3660,2789,2545,15,"76,2","24,4","6,15",27,10,"10,43",217
24,Del Reloncaví,124105,Hospital de Puerto Montt,415,Área Neonatología Cuidados Intermedios,5856,4495,4128,1,"76,76","28,5","0,22",241,16,"9,05",215
24,Del Reloncaví,124105,Hospital de Puerto Montt,416,Área Obstetricia,16836,12848,12792,0,"76,31",95,0,4226,46,"2,93",144
24,Del Reloncaví,124105,Hospital de Puerto Montt,418,Área Psiquiatría Adulto Corta estadía,8784,8738,6962,0,"99,48","9,04",0,208,24,"32,08",9
24,Del Reloncaví,124105,Hospital de Puerto Montt,421,Área Psiquiatría Infanto-adolescente corta estadía,2196,2176,1952,0,"99,09",14,0,83,6,"23,24",1
24,Del Reloncaví,124110,Hospital de Llanquihue,401,Área Médica Adulto Cuidados Básicos,7320,6154,5705,20,"84,07","27,9","3,58",558,20,"10,22",0
24,Del Reloncaví,124115,Hospital de Frutillar,401,Área Médica Adulto Cuidados Básicos,12065,8906,8973,43,"73,82","29,7","4,39",979,"32,96","9,17",0
24,Del Reloncaví,124120,Hospital de Fresia,401,Área Médica Adulto Cuidados Básicos,8367,6630,5833,34,"79,24","17,41","8,54",398,"22,86","14,66",0
24,Del Reloncaví,124125,Hospital de Maullín,401,Área Médica Adulto Cuidados Básicos,4229,3531,3567,16,"83,49","34,53","4,01",393,"11,55","8,94",6
24,Del Reloncaví,124125,Hospital de Maullín,427,Área Sociosanitaria Adulto,5287,4648,7169,7,"87,91","2,01","24,14",29,"14,45","247,21",0
24,Del Reloncaví,124130,Hospital de Calbuco,401,Área Médica Adulto Cuidados Básicos,10012,8385,9728,40,"83,75","29,17","5,01",798,"27,36","12,19",0
24,Del Reloncaví,124130,Hospital de Calbuco,407,Área Médica Pediátrica Cuidados Básicos,779,266,157,0,"34,15","20,67",0,44,"2,13","3,57",0
24,Del Reloncaví,124130,Hospital de Calbuco,416,Área Obstetricia,715,210,214,0,"29,37","32,25",0,63,"1,95","3,4",0
24,Del Reloncaví,124140,Hospital de Palena,401,Área Médica Adulto Cuidados Básicos,1572,893,782,2,"56,81","23,28",2,100,"4,3","7,82",0
24,Del Reloncaví,124145,Hospital de Futaleufú,401,Área Médica Adulto Cuidados Básicos,2196,1167,847,6,"53,14","28,33","3,53",170,6,"4,98",0
25,Aisén,125100,Hospital Regional (Coihaique),330,Area Pensionado,0,0,0,0,0,0,0,0,0,0,0
25,Aisén,125100,Hospital Regional (Coihaique),401,Área Médica Adulto Cuidados Básicos,5118,4209,3969,1,"82,24","90,32","0,08",972,"13,98","3,14",291
25,Aisén,125100,Hospital Regional (Coihaique),402,Área Médica Adulto Cuidados Medios,12071,10196,10036,66,"84,47","59,82","3,35",1774,"32,98","5,09",199
25,Aisén,125100,Hospital Regional (Coihaique),404,Área Médico-Quirúrgico Cuidados Medios,12078,10950,11313,10,"90,66","73,79","0,41",2313,33,"4,65",122
25,Aisén,125100,Hospital Regional (Coihaique),405,Área Cuidados Intensivos Adultos,2928,1748,1398,25,"59,7","25,75","12,14",75,8,"6,79",131
25,Aisén,125100,Hospital Regional (Coihaique),406,Área Cuidados Intermedios Adultos,2196,1492,1490,10,"67,94","80,5","2,07",195,6,"3,08",288
25,Aisén,125100,Hospital Regional (Coihaique),410,Área Médico-Quirúrgico Pediátrica Cuidados Medios,6219,4595,2576,0,"73,89","80,04",0,1266,"16,99","1,89",94
25,Aisén,125100,Hospital Regional (Coihaique),412,Área Cuidados Intermedios Pediátricos,1836,602,470,1,"32,79","33,69","0,59",65,"5,02","2,78",104
25,Aisén,125100,Hospital Regional (Coihaique),414,Área Neonatología Cuidados Intensivos,3294,2160,1941,4,"65,57","22,56","1,97",194,9,"9,56",9
25,Aisén,125100,Hospital Regional (Coihaique),416,Área Obstetricia,7482,5785,4570,1,"77,32","91,82","0,05",1781,"20,44","2,43",96
25,Aisén,125100,Hospital Regional (Coihaique),418,Área Psiquiatría Adulto Corta estadía,2971,2568,2662,1,"86,44","50,14","0,25",301,"8,12","6,54",106
25,Aisén,125101,Hospital de Puerto Aysén,403,Área Médico-Quirúrgico Cuidados Básicos,3167,2877,1497,7,"90,84",49,"1,65",368,"8,65","3,53",56
25,Aisén,125101,Hospital de Puerto Aysén,404,Área Médico-Quirúrgico Cuidados Medios,3055,1698,1533,11,"55,58","40,01","3,29",278,"8,35","4,59",56
25,Aisén,125101,Hospital de Puerto Aysén,406,Área Cuidados Intermedios Adultos,1098,303,123,5,"27,6","39,33","4,24",51,3,"1,04",67
25,Aisén,125101,Hospital de Puerto Aysén,407,Área Médica Pediátrica Cuidados Básicos,4391,2106,1778,4,"47,96","52,01","0,64",500,12,"2,85",124
25,Aisén,125101,Hospital de Puerto Aysén,416,Área Obstetricia,733,158,165,0,"21,56","53,93",0,98,2,"1,53",10
25,Aisén,125101,Hospital de Puerto Aysén,421,Área Psiquiatría Infanto-adolescente corta estadía,3660,2554,2763,0,"69,78","13,5",0,131,10,"20,47",4
25,Aisén,125102,Hospital Dr. Leopoldo Ortega R. (Chile Chico),403,Área Médico-Quirúrgico Cuidados Básicos,2928,1629,1150,6,"55,64","31,5","2,38",252,8,"4,56",0
25,Aisén,125103,Hospital Lord Cochrane,403,Área Médico-Quirúrgico Cuidados Básicos,2562,1507,1507,1,"58,82","21,43","0,67",150,7,"10,05",0
25,Aisén,125104,Hospital Dr. Jorge Ibar (Cisnes),403,Área Médico-Quirúrgico Cuidados Básicos,3294,1129,825,1,"34,27",7,"1,59",63,9,"13,1",0
26,Magallanes,126100,Hospital Clínico de Magallanes Dr. Lautaro Navarro Avaria,330,Area Pensionado,7369,3693,3693,15,"50,12","43,41","1,72",764,"20,13","4,23",110
26,Magallanes,126100,Hospital Clínico de Magallanes Dr. Lautaro Navarro Avaria,403,Área Médico-Quirúrgico Cuidados Básicos,56283,47064,47475,137,"83,62","46,5","1,92",6324,"153,78","6,64",827
26,Magallanes,126100,Hospital Clínico de Magallanes Dr. Lautaro Navarro Avaria,404,Área Médico-Quirúrgico Cuidados Medios,11493,10318,10291,38,"89,78","37,83","3,2",795,"31,4","8,66",393
26,Magallanes,126100,Hospital Clínico de Magallanes Dr. Lautaro Navarro Avaria,405,Área Cuidados Intensivos Adultos,4391,3084,3097,74,"70,23","34,09","18,09",107,12,"7,57",302
26,Magallanes,126100,Hospital Clínico de Magallanes Dr. Lautaro Navarro Avaria,406,Área Cuidados Intermedios Adultos,8861,7442,6896,46,"83,99","59,11","3,21",214,"24,21","4,82",1217
26,Magallanes,126100,Hospital Clínico de Magallanes Dr. Lautaro Navarro Avaria,409,Área Médico-Quirúrgico Pediátrica Cuidados Básicos,4918,3057,2679,0,"62,16","83,57",0,1042,"13,44","2,39",81
26,Magallanes,126100,Hospital Clínico de Magallanes Dr. Lautaro Navarro Avaria,411,Área Cuidados Intensivos Pediátricos,807,297,454,1,"36,8","35,38","1,28",11,"2,2","5,82",67
26,Magallanes,126100,Hospital Clínico de Magallanes Dr. Lautaro Navarro Avaria,412,Área Cuidados Intermedios Pediátricos,1544,789,769,0,"51,1","77,51",0,151,"4,22","2,35",176
26,Magallanes,126100,Hospital Clínico de Magallanes Dr. Lautaro Navarro Avaria,414,Área Neonatología Cuidados Intensivos,1444,540,529,3,"37,4","10,65","7,14",5,"3,95","12,6",37
26,Magallanes,126100,Hospital Clínico de Magallanes Dr. Lautaro Navarro Avaria,415,Área Neonatología Cuidados Intermedios,2222,1296,1311,0,"58,33","12,02",0,67,"6,07","17,96",6
26,Magallanes,126100,Hospital Clínico de Magallanes Dr. Lautaro Navarro Avaria,416,Área Obstetricia,7639,4284,4269,0,"56,08","53,18",0,1044,"20,87","3,85",66
26,Magallanes,126100,Hospital Clínico de Magallanes Dr. Lautaro Navarro Avaria,418,Área Psiquiatría Adulto Corta estadía,5191,4796,4877,0,"92,39","23,13",0,301,"14,18","14,87",27
26,Magallanes,126100,Hospital Clínico de Magallanes Dr. Lautaro Navarro Avaria,421,Área Psiquiatría Infanto-adolescente corta estadía,2926,2362,2386,0,"80,72","22,64",0,173,"7,99","13,18",8
26,Magallanes,126101,Hospital Dr. Augusto Essmann Burgos ( Natales),403,Área Médico-Quirúrgico Cuidados Básicos,10550,6153,6797,38,"58,32","35,18","3,75",913,"28,83","6,7",101
26,Magallanes,126101,Hospital Dr. Augusto Essmann Burgos ( Natales),404,Área Médico-Quirúrgico Cuidados Medios,4261,1889,1879,18,"44,33","42,86","3,61",387,"11,64","3,77",112
26,Magallanes,126101,Hospital Dr. Augusto Essmann Burgos ( Natales),405,Área Cuidados Intensivos Adultos,1090,262,283,12,"24,04","31,23","12,9",38,"2,98","3,04",55
26,Magallanes,126101,Hospital Dr. Augusto Essmann Burgos ( Natales),406,Área Cuidados Intermedios Adultos,1095,385,398,2,"35,16","58,83","1,14",53,"2,99","2,26",123
26,Magallanes,126101,Hospital Dr. Augusto Essmann Burgos ( Natales),409,Área Médico-Quirúrgico Pediátrica Cuidados Básicos,2117,259,249,0,"12,23","16,42",0,95,"5,78","2,62",0
26,Magallanes,126101,Hospital Dr. Augusto Essmann Burgos ( Natales),416,Área Obstetricia,2565,772,799,0,"30,1","45,23",0,314,"7,01","2,52",3
26,Magallanes,126102,Hospital Dr. Marco Antonio Chamorro ( Porvenir),401,Área Médica Adulto Cuidados Básicos,3211,1185,908,11,"36,9","29,29","4,28",257,"8,77","3,53",0
26,Magallanes,126102,Hospital Dr. Marco Antonio Chamorro ( Porvenir),407,Área Médica Pediátrica Cuidados Básicos,732,55,53,0,"7,51","17,5",0,35,2,"1,51",0
26,Magallanes,126102,Hospital Dr. Marco Antonio Chamorro ( Porvenir),427,Área Sociosanitaria Adulto,1640,1571,636,0,"95,79","0,45",0,1,"4,48",318,1
26,Magallanes,126704,Hospital Comunitario Cristina Calderón de Puerto Williams,403,Área Médico-Quirúrgico Cuidados Básicos,1468,171,113,0,"11,65","11,22",0,45,"4,01","2,51",0
26,Magallanes,126704,Hospital Comunitario Cristina Calderón de Puerto Williams,409,Área Médico-Quirúrgico Pediátrica Cuidados Básicos,366,35,23,0,"9,56",12,0,12,1,"1,92",0
28,Arauco,128109,Hospital Provincial Dr. Rafael Avaría (Curanilahue),403,Área Médico-Quirúrgico Cuidados Básicos,2158,1000,981,0,"46,34","65,81",0,388,"5,9","2,53",0
28,Arauco,128109,Hospital Provincial Dr. Rafael Avaría (Curanilahue),404,Área Médico-Quirúrgico Cuidados Medios,23770,23693,23591,98,"99,68","41,31","3,65",2626,"64,95","8,79",57
28,Arauco,128109,Hospital Provincial Dr. Rafael Avaría (Curanilahue),405,Área Cuidados Intensivos Adultos,1506,1139,1108,28,"75,63","35,97","18,92",41,"4,11","7,49",107
28,Arauco,128109,Hospital Provincial Dr. Rafael Avaría (Curanilahue),406,Área Cuidados Intermedios Adultos,2213,2038,2009,14,"92,09","49,12","4,71",104,"6,05","6,76",193
28,Arauco,128109,Hospital Provincial Dr. Rafael Avaría (Curanilahue),409,Área Médico-Quirúrgico Pediátrica Cuidados Básicos,1779,1063,1051,0,"59,75","70,98",0,345,"4,86","3,05",0
28,Arauco,128109,Hospital Provincial Dr. Rafael Avaría (Curanilahue),410,Área Médico-Quirúrgico Pediátrica Cuidados Medios,2035,332,333,0,"16,31","22,12",0,123,"5,56","2,71",0
28,Arauco,128109,Hospital Provincial Dr. Rafael Avaría (Curanilahue),413,Área Neonatología Cuidados Básicos,2201,777,809,0,"35,3","38,75",0,233,"6,01","3,47",0
28,Arauco,128109,Hospital Provincial Dr. Rafael Avaría (Curanilahue),416,Área Obstetricia,7242,5321,5342,0,"73,47","82,98",0,1632,"19,79","3,25",10
28,Arauco,128110,Hospital de Lebu,401,Área Médica Adulto Cuidados Básicos,13696,13194,13404,78,"96,33","37,55","5,55",1405,"37,42","9,54",0
28,Arauco,128110,Hospital de Lebu,407,Área Médica Pediátrica Cuidados Básicos,5833,748,782,0,"12,82","14,31",0,228,"15,94","3,43",0
28,Arauco,128110,Hospital de Lebu,416,Área Obstetricia,2569,163,170,0,"6,34","10,97",0,77,"7,02","2,21",0
28,Arauco,128111,Hospital Intercultural Kallvu Llanka (Cañete),403,Área Médico-Quirúrgico Cuidados Básicos,5539,4645,5068,23,"83,86","63,5","2,39",857,"15,13","5,27",104
28,Arauco,128111,Hospital Intercultural Kallvu Llanka (Cañete),404,Área Médico-Quirúrgico Cuidados Medios,14642,12718,12369,35,"86,86","45,62","1,92",1688,"40,01","6,78",137
28,Arauco,128111,Hospital Intercultural Kallvu Llanka (Cañete),409,Área Médico-Quirúrgico Pediátrica Cuidados Básicos,4373,1130,1161,0,"25,84","26,28",0,313,"11,95","3,7",1
28,Arauco,128111,Hospital Intercultural Kallvu Llanka (Cañete),413,Área Neonatología Cuidados Básicos,1103,140,148,0,"12,69","9,62",0,25,"3,01","5,1",4
28,Arauco,128111,Hospital Intercultural Kallvu Llanka (Cañete),416,Área Obstetricia,4721,920,951,0,"19,49","22,72",0,293,"12,9","3,25",0
28,Arauco,128111,Hospital Intercultural Kallvu Llanka (Cañete),418,Área Psiquiatría Adulto Corta estadía,3294,1366,1299,0,"41,47","10,33",0,92,9,"13,97",1
28,Arauco,128112,Hospital de Contulmo,401,Área Médica Adulto Cuidados Básicos,2507,2024,1209,8,"80,73","31,39","3,72",215,"6,85","5,62",0
28,Arauco,128112,Hospital de Contulmo,407,Área Médica Pediátrica Cuidados Básicos,732,0,0,0,0,0,0,0,2,0,0
28,Arauco,128112,Hospital de Contulmo,416,Área Obstetricia,732,0,0,0,0,0,0,0,2,0,0
28,Arauco,128113,Hospital San Vicente de Arauco,403,Área Médico-Quirúrgico Cuidados Básicos,6852,5992,6139,32,"87,45","45,94","3,72",860,"18,72","7,14",0
28,Arauco,128113,Hospital San Vicente de Arauco,404,Área Médico-Quirúrgico Cuidados Medios,6696,5217,5313,33,"77,91","43,02","4,19",787,"18,3","6,75",0
28,Arauco,128113,Hospital San Vicente de Arauco,409,Área Médico-Quirúrgico Pediátrica Cuidados Básicos,2549,597,562,0,"23,42","19,81",0,138,"6,96","4,07",0
28,Arauco,128113,Hospital San Vicente de Arauco,410,Área Médico-Quirúrgico Pediátrica Cuidados Medios,2454,763,816,0,"31,09","50,11",0,336,"6,7","2,43",0
28,Arauco,128113,Hospital San Vicente de Arauco,416,Área Obstetricia,1559,57,69,0,"3,66","6,57",0,28,"4,26","2,46",0
29,Araucanía Norte,129100,Hospital Dr. Mauricio Heyermann (Angol),330,Area Pensionado,7320,3511,3455,0,"47,96","78,75",0,1543,20,"2,19",32
29,Araucanía Norte,129100,Hospital Dr. Mauricio Heyermann (Angol),401,Área Médica Adulto Cuidados Básicos,1575,1283,1226,8,"81,46","40,67","4,57",116,"4,3","7,01",59
29,Araucanía Norte,129100,Hospital Dr. Mauricio Heyermann (Angol),402,Área Médica Adulto Cuidados Medios,18494,16124,16063,129,"87,19","44,75","5,71",2020,"50,53","7,1",241
29,Araucanía Norte,129100,Hospital Dr. Mauricio Heyermann (Angol),403,Área Médico-Quirúrgico Cuidados Básicos,1817,1592,1568,7,"87,62","41,9","3,37",157,"4,96","7,54",51
29,Araucanía Norte,129100,Hospital Dr. Mauricio Heyermann (Angol),404,Área Médico-Quirúrgico Cuidados Medios,16752,14767,14743,39,"88,15","46,73","1,82",1854,"45,77","6,89",285
29,Araucanía Norte,129100,Hospital Dr. Mauricio Heyermann (Angol),405,Área Cuidados Intensivos Adultos,2196,1013,1029,46,"46,13","27,83","27,54",83,6,"6,16",84
29,Araucanía Norte,129100,Hospital Dr. Mauricio Heyermann (Angol),406,Área Cuidados Intermedios Adultos,4532,3069,3017,30,"67,72","51,36","4,72",225,"12,38","4,74",411
29,Araucanía Norte,129100,Hospital Dr. Mauricio Heyermann (Angol),410,Área Médico-Quirúrgico Pediátrica Cuidados Medios,7628,3258,3246,0,"42,71","32,92",0,655,"20,84","4,73",31
29,Araucanía Norte,129100,Hospital Dr. Mauricio Heyermann (Angol),412,Área Cuidados Intermedios Pediátricos,2196,819,838,2,"37,3","42,67","0,78",133,6,"3,27",123
29,Araucanía Norte,129100,Hospital Dr. Mauricio Heyermann (Angol),413,Área Neonatología Cuidados Básicos,2562,1358,1331,1,"53,01","25,43","0,56",156,7,"7,48",22
29,Araucanía Norte,129100,Hospital Dr. Mauricio Heyermann (Angol),415,Área Neonatología Cuidados Intermedios,2562,1091,1091,1,"42,58","22,29","0,64",40,7,"6,99",116
29,Araucanía Norte,129100,Hospital Dr. Mauricio Heyermann (Angol),416,Área Obstetricia,10194,5712,5745,0,"56,03","55,72",0,1534,"27,85","3,7",18
29,Araucanía Norte,129100,Hospital Dr. Mauricio Heyermann (Angol),428,Área de Hospitalización de Cuidados Intensivos en Psiquiatría Adulto,4386,3292,3360,0,"75,06","10,26",0,122,"11,98","27,32",1
29,Araucanía Norte,129100,Hospital Dr. Mauricio Heyermann (Angol),429,Área de Hospitalización de Cuidados Intensivos en Psiquiatría Infanto Adolescente,2049,1613,1636,0,"78,72","13,93",0,78,"5,6","20,97",0
29,Araucanía Norte,129101,Hospital de Purén,401,Área Médica Adulto Cuidados Básicos,7320,4458,3921,23,"60,9","23,6","4,87",472,20,"8,31",0
29,Araucanía Norte,129101,Hospital de Purén,407,Área Médica Pediátrica Cuidados Básicos,1098,182,134,0,"16,58","17,67",0,53,3,"2,53",0
29,Araucanía Norte,129103,Hospital de Collipulli,401,Área Médica Adulto Cuidados Básicos,11010,6129,4692,49,"55,67","26,89","6,06",809,"30,08","5,8",0
29,Araucanía Norte,129103,Hospital de Collipulli,407,Área Médica Pediátrica Cuidados Básicos,1104,206,160,0,"18,66","16,58",0,50,"3,02","3,2",0
29,Araucanía Norte,129104,Hospital Dr. Dino Stagno M.(Traiguén),403,Área Médico-Quirúrgico Cuidados Básicos,21228,10699,9493,93,"50,4","22,17","7,23",1286,58,"7,38",0
29,Araucanía Norte,129104,Hospital Dr. Dino Stagno M.(Traiguén),409,Área Médico-Quirúrgico Pediátrica Cuidados Básicos,5490,1353,827,1,"24,64","9,93","0,67",149,15,"5,55",0
29,Araucanía Norte,129104,Hospital Dr. Dino Stagno M.(Traiguén),416,Área Obstetricia,2928,732,549,0,25,"30,13",0,241,8,"2,28",0
29,Araucanía Norte,129106,Hospital San José de Victoria,330,Area Pensionado,2183,1415,1385,0,"64,82","117,36",0,651,"5,96","1,98",49
29,Araucanía Norte,129106,Hospital San José de Victoria,403,Área Médico-Quirúrgico Cuidados Básicos,33659,28970,31837,83,"86,07","39,03","2,31",3373,"91,96","8,87",216
29,Araucanía Norte,129106,Hospital San José de Victoria,404,Área Médico-Quirúrgico Cuidados Medios,4901,4538,5151,18,"92,59","27,04","3,33",492,20,"9,52",49
29,Araucanía Norte,129106,Hospital San José de Victoria,405,Área Cuidados Intensivos Adultos,2202,1707,822,45,"77,52","39,39","18,99",93,"6,02","3,47",144
29,Araucanía Norte,129106,Hospital San José de Victoria,406,Área Cuidados Intermedios Adultos,4875,4353,2685,37,"89,29","45,65","6,09",287,"13,32","4,42",321
29,Araucanía Norte,129106,Hospital San José de Victoria,407,Área Médica Pediátrica Cuidados Básicos,3181,1190,1227,0,"37,41","52,7",0,445,"8,69","2,68",13
29,Araucanía Norte,129106,Hospital San José de Victoria,409,Área Médico-Quirúrgico Pediátrica Cuidados Básicos,1914,742,777,0,"38,77","47,23",0,238,"5,23","3,15",9
29,Araucanía Norte,129106,Hospital San José de Victoria,412,Área Cuidados Intermedios Pediátricos,216,72,52,0,"33,33","33,89",0,15,"0,59","2,6",5
29,Araucanía Norte,129106,Hospital San José de Victoria,413,Área Neonatología Cuidados Básicos,2913,737,732,0,"25,3","25,51",0,163,"7,96","3,61",40
29,Araucanía Norte,129106,Hospital San José de Victoria,416,Área Obstetricia,8525,4226,4264,0,"49,57","55,08",0,1272,"23,29","3,32",11
29,Araucanía Norte,129107,Hospital Dr. Oscar Hernández E.(Curacautín),401,Área Médica Adulto Cuidados Básicos,8058,5886,4034,31,"73,05","35,52","3,96",782,"22,02","5,16",0
29,Araucanía Norte,129107,Hospital Dr. Oscar Hernández E.(Curacautín),407,Área Médica Pediátrica Cuidados Básicos,720,244,173,0,"33,89","40,16",0,79,"1,97","2,19",0
29,Araucanía Norte,129108,Hospital de Lonquimay,401,Área Médica Adulto Cuidados Básicos,6253,4201,3645,10,"67,18","41,32","1,42",706,"17,08","5,16",0
29,Araucanía Norte,129108,Hospital de Lonquimay,407,Área Médica Pediátrica Cuidados Básicos,546,68,53,0,"12,45","5,33",0,16,3,"3,31",0
33,Chiloé,133150,Hospital de Castro,404,Área Médico-Quirúrgico Cuidados Medios,21845,20148,20280,121,"92,23","65,21","3,11",3727,"59,69","5,21",165
33,Chiloé,133150,Hospital de Castro,405,Área Cuidados Intensivos Adultos,2926,2253,2209,64,77,"30,52","26,23",137,"7,99","9,05",107
33,Chiloé,133150,Hospital de Castro,406,Área Cuidados Intermedios Adultos,5119,4687,4886,40,"91,56","65,85","4,34",412,"13,99","5,31",509
33,Chiloé,133150,Hospital de Castro,410,Área Médico-Quirúrgico Pediátrica Cuidados Medios,4187,2844,2972,1,"67,92","68,27","0,13",726,"11,44","3,81",55
33,Chiloé,133150,Hospital de Castro,412,Área Cuidados Intermedios Pediátricos,2879,1742,1775,1,"60,51","40,3","0,32",222,"7,87","5,6",95
33,Chiloé,133150,Hospital de Castro,413,Área Neonatología Cuidados Básicos,826,616,668,0,"74,58","115,65",0,177,"2,26","2,56",84
33,Chiloé,133150,Hospital de Castro,414,Área Neonatología Cuidados Intensivos,966,525,551,1,"54,35","37,13","1,02",8,"2,64","5,62",90
33,Chiloé,133150,Hospital de Castro,415,Área Neonatología Cuidados Intermedios,1928,1667,1647,1,"86,46","56,76","0,33",83,"5,27","5,51",216
33,Chiloé,133150,Hospital de Castro,416,Área Obstetricia,4417,2882,2894,0,"65,25","83,86",0,1007,"12,07","2,86",5
33,Chiloé,133150,Hospital de Castro,418,Área Psiquiatría Adulto Corta estadía,3288,2758,2441,0,"83,88","25,16",0,221,"8,98","10,8",5
33,Chiloé,133155,Hospital de Ancud,402,Área Médica Adulto Cuidados Medios,0,0,0,0,0,0,0,0,0,0,0
33,Chiloé,133155,Hospital de Ancud,403,Área Médico-Quirúrgico Cuidados Básicos,2107,940,911,0,"44,61","85,64",0,222,"5,76","1,85",271
33,Chiloé,133155,Hospital de Ancud,404,Área Médico-Quirúrgico Cuidados Medios,13195,12220,12107,72,"92,61","61,13","3,27",2105,"36,05","5,49",99
33,Chiloé,133155,Hospital de Ancud,407,Área Médica Pediátrica Cuidados Básicos,0,0,0,0,0,0,0,0,0,0,0
33,Chiloé,133155,Hospital de Ancud,409,Área Médico-Quirúrgico Pediátrica Cuidados Básicos,1474,636,700,0,"43,15","46,43",0,168,"4,03","3,74",19
33,Chiloé,133155,Hospital de Ancud,410,Área Médico-Quirúrgico Pediátrica Cuidados Medios,2910,775,780,0,"26,63","37,35",0,270,"7,95","2,63",27
33,Chiloé,133155,Hospital de Ancud,413,Área Neonatología Cuidados Básicos,1099,261,264,0,"23,75","32,97",0,96,3,"2,67",3
33,Chiloé,133155,Hospital de Ancud,416,Área Obstetricia,2921,1414,1526,0,"48,41","54,38",0,434,"7,98","3,52",0
33,Chiloé,133160,Hospital Comunitario de Achao,402,Área Médica Adulto Cuidados Medios,6179,4877,5349,23,"78,93","31,16","4,37",526,"16,88","10,17",0
33,Chiloé,133160,Hospital Comunitario de Achao,407,Área Médica Pediátrica Cuidados Básicos,324,23,32,0,"7,1","23,72",0,21,"0,89","1,52",0
33,Chiloé,133160,Hospital Comunitario de Achao,416,Área Obstetricia,361,48,58,0,"13,3","14,19",0,13,"0,99","4,14",1
33,Chiloé,133165,Hospital de Quellón,403,Área Médico-Quirúrgico Cuidados Básicos,3998,3536,2750,0,"88,44","88,62",0,816,"10,92","2,84",152
33,Chiloé,133165,Hospital de Quellón,404,Área Médico-Quirúrgico Cuidados Medios,4498,4134,4192,27,"91,91","53,46","4,11",522,"12,29","6,38",135
33,Chiloé,133165,Hospital de Quellón,407,Área Médica Pediátrica Cuidados Básicos,809,99,92,1,"12,24","8,08","2,33",43,"5,32","2,14",0
33,Chiloé,133165,Hospital de Quellón,410,Área Médico-Quirúrgico Pediátrica Cuidados Medios,1342,222,246,0,"16,54","17,89",0,98,"5,48","2,51",0
33,Chiloé,133165,Hospital de Quellón,416,Área Obstetricia,1674,914,964,0,"54,6","93,58",0,428,"4,57","2,25",0
33,Chiloé,133170,Hospital Comunitario de Queilén,401,Área Médica Adulto Cuidados Básicos,1460,1086,940,4,"74,38","20,81","4,82",83,"3,99","11,33",0
21,Araucanía Sur,200717,Complejo Asistencial Padre las Casas,403,Área Médico-Quirúrgico Cuidados Básicos,6344,4144,4063,4,"65,32","41,37","0,56",676,"17,33","5,67",41
21,Araucanía Sur,200717,Complejo Asistencial Padre las Casas,404,Área Médico-Quirúrgico Cuidados Medios,59763,48612,45525,167,"81,34","31,35","3,26",4912,"163,29","8,89",207
21,Araucanía Sur,200717,Complejo Asistencial Padre las Casas,405,Área Cuidados Intensivos Adultos,2198,1839,1883,45,"83,67","46,46","16,13",62,"6,01","6,75",217
21,Araucanía Sur,200717,Complejo Asistencial Padre las Casas,406,Área Cuidados Intermedios Adultos,5126,4520,4641,26,"88,18","53,12","3,49",92,"14,01","6,24",652
21,Araucanía Sur,200717,Complejo Asistencial Padre las Casas,410,Área Médico-Quirúrgico Pediátrica Cuidados Medios,3678,2764,2909,0,"75,15","64,38",0,647,"10,05","4,5",0
2,Tarapacá,201319,Hospital de Alto Hospicio,401,Área Médica Adulto Cuidados Básicos,16104,6758,51138,23,"41,96","15,78","2,22",892,"65,73","49,31",145
2,Tarapacá,201319,Hospital de Alto Hospicio,402,Área Médica Adulto Cuidados Medios,13908,10819,67799,71,"77,79","13,12","9,53",670,"56,77","91,01",75
2,Tarapacá,201319,Hospital de Alto Hospicio,403,Área Médico-Quirúrgico Cuidados Básicos,5490,2358,6938,0,"42,95","0,62",0,12,"22,41","495,57",2
2,Tarapacá,201319,Hospital de Alto Hospicio,404,Área Médico-Quirúrgico Cuidados Medios,4758,1237,2807,0,26,"0,05",0,1,"19,42",2807,0
2,Tarapacá,201319,Hospital de Alto Hospicio,407,Área Médica Pediátrica Cuidados Básicos,3660,355,257,0,"9,7","6,29",0,88,"14,94","2,73",6
2,Tarapacá,201319,Hospital de Alto Hospicio,408,Área Médica Pediátrica Cuidados Medios,3660,613,475,0,"16,75","10,44",0,141,"14,94","3,04",15
2,Tarapacá,201319,Hospital de Alto Hospicio,409,Área Médico-Quirúrgico Pediátrica Cuidados Básicos,1098,254,271,0,"23,13","14,5",0,63,"4,48","4,17",2
2,Tarapacá,201319,Hospital de Alto Hospicio,410,Área Médico-Quirúrgico Pediátrica Cuidados Medios,1098,95,66,0,"8,65","5,8",0,24,"4,48","2,54",2
